频道名,地址,来源,图标,检测时间,分组,视频编码,分辨率,帧率,音频
å¹¿è¥¿å›½é™…,http://38.75.136.137:98/gslb/dsdqpub/gxgj.m3u8?auth=testpub,网络源,å¹¿è¥¿å›½é™….png,0.903,未分组,h264,1920x1080,25.0,有音频
è¿äº‘æ¸¯æ–°é—»ç»¼åˆ,https://migu.188766.xyz/?migutoken=245251a5520f7bd5d5ad3407caec92b0&id=%E8%BF%9E%E4%BA%91%E6%B8%AF%E6%96%B0%E9%97%BB%E7%BB%BC%E5%90%88&type=yy,网络源,è¿äº‘æ¸¯æ–°é—»ç»¼åˆ.png,0.993,未分组,h264,1920x1080,28.0,有音频
ä¸Šæµ·ç¬¬ä¸€è´¢ç»,https://migu.188766.xyz/?migutoken=48076f7837fe4f59da0dbd882998f16d&id=dycj&type=sz,网络源,ä¸Šæµ·ç¬¬ä¸€è´¢ç».png,1.007,未分组,h264,1920x1080,28.0,有音频
åŒ—äº¬è´¢ç»,https://migu.188766.xyz/?migutoken=c5cae7b7f4da574581dc3d8c0ad12625&id=%E5%8C%97%E4%BA%AC%E8%B4%A2%E7%BB%8F&type=yy,网络源,åŒ—äº¬è´¢ç».png,1.035,未分组,h264,1920x1080,28.0,有音频
é•‡æ±Ÿæ–°é—»ç»¼åˆ,http://zjtv-wshls.homecdn.com/live/2aa50.m3u8?wsSession=a263bdc5a26cd01b57a80359-170493712215358&wsIPSercert=f56bd6194d219a5172dbed60eca6e9b0,网络源,é•‡æ±Ÿæ–°é—»ç»¼åˆ.png,1.071,未分组,h264,1920x1080,25.0,有音频
åŒ—äº¬ç”Ÿæ´»,https://migu.188766.xyz/?migutoken=fcf2fd8a9f5159838c6ecfd1749b8828&id=%E5%8C%97%E4%BA%ACi%E7%94%9F%E6%B4%BB&type=yy,网络源,åŒ—äº¬ç”Ÿæ´».png,0.641,未分组,h264,1920x1080,28.0,有音频
æ±Ÿè‹æ•™è‚²,https://stream1.freetv.fun/7174b4fd66ddb2a7456b7040105dc27a1e57c166593870bb773cb5f6b4546c54.ctv,网络源,æ±Ÿè‹æ•™è‚².png,1.670,未分组,h264,1280x720,25.0,有音频
å¹¿è¥¿å›½é™…,http://hlscdn.liangtv.cn/live/0234c48e0bc24fe1b41b9999a253e581/1075ee38e04f490690f6a36a16e09c79.m3u8?fbl=,网络源,å¹¿è¥¿å›½é™….png,1.836,未分组,h264,1920x1080,25.0,有音频
æ²­é˜³ç»¼åˆ,https://shuyang-tv-hls.cm.jstv.com:443/shuyang-tv/shuyangzh.m3u8,网络源,æ²­é˜³ç»¼åˆ.png,0.956,未分组,,,,无音频
æ¹–å—ç»è§†,https://stream1.freetv.fun/hu-nan-jing-shi-1.m3u8,网络源,æ¹–å—ç»è§†.png,2.198,未分组,,,,无音频
å¼€åŒ–æ–°é—»ç»¼åˆ,http://l.cztvcloud.com/channels/lantian/SXkaihua1/720p.m3u8?zzhed,网络源,å¼€åŒ–æ–°é—»ç»¼åˆ.png,2.550,未分组,h264,1280x720,25.0,有音频
ç¦å»ºç»¼åˆ,https://stream1.freetv.fun/fu-jian-zong-he-5.m3u8,网络源,ç¦å»ºç»¼åˆ.png,2.519,未分组,,,,无音频
è‹å·ç¤¾ä¼šç»æµ,https://stream1.freetv.fun/su-zhou-she-hui-jing-ji-2.m3u8,网络源,è‹å·ç¤¾ä¼šç»æµ.png,2.573,未分组,,,,无音频
æ­å·ç”Ÿæ´»,https://stream1.freetv.fun/hang-zhou-sheng-huo-1.ctv,网络源,æ­å·ç”Ÿæ´».png,2.778,未分组,,,,无音频
æµ™æ±Ÿå›½é™…,http://ali-m-l.cztv.com/channels/lantian/channel010/720p.m3u8,网络源,æµ™æ±Ÿå›½é™….png,2.785,未分组,h264,1280x720,25.0,有音频
ä¸Šæµ·çºªå®,https://stream1.freetv.fun/shang-hai-ji-shi-ren-wen-1.m3u8,网络源,ä¸Šæµ·çºªå®.png,2.938,未分组,,,,无音频
æ—ºè‹æ–°é—»ç»¼åˆ,http://live.spccmc.com:90/live/spxwzh.m3u8?%E5%85%B3%E6%B3%A8%E5%BE%AE%E4%BF%A1%E5%85%AC%E4%BC%97%E5%8F%B7[%E6%99%B4%E5%9B%AD],网络源,æ—ºè‹æ–°é—»ç»¼åˆ.png,2.904,未分组,h264,1920x1080,25.0,有音频
æ¹–å—éƒ½å¸‚,https://stream1.freetv.fun/hu-nan-du-shi-13.m3u8,网络源,æ¹–å—éƒ½å¸‚.png,2.929,未分组,,,,无音频
é‡‘å·æ–°é—»ç»¼åˆ,https://stream1.freetv.fun/jin-chuan-xin-wen-zong-he-3.m3u8,网络源,é‡‘å·æ–°é—»ç»¼åˆ.png,2.888,未分组,,,,无音频
æ—ºè‹æ–°é—»ç»¼åˆ,http://channel.wcrmt.cn:80/nmip-media/channellive/channel105268/playlist.m3u8,网络源,æ—ºè‹æ–°é—»ç»¼åˆ.png,3.000,未分组,h264,1920x1080,,有音频
è§å±±æ–°é—»ç»¼åˆ,https://stream1.freetv.fun/xiao-shan-xin-wen-zong-he-1.m3u8,网络源,è§å±±æ–°é—»ç»¼åˆ.png,3.085,未分组,,,,无音频
ç¦å»ºæ–°é—»,https://stream1.freetv.fun/fu-jian-xin-wen-2.m3u8,网络源,ç¦å»ºæ–°é—».png,2.285,未分组,,,,无音频
è¾½å®å½±è§†å‰§,https://stream1.freetv.fun/liao-zhu-ying-shi-ju-3.m3u8,网络源,è¾½å®å½±è§†å‰§.png,2.331,未分组,,,,无音频
å¾å·å…¬å…±,http://iptv.666230.xyz/iptv/jsyd.php/xzgg,网络源,å¾å·å…¬å…±.png,0.092,未分组,,,,无音频
æ­¦æ±‰äºŒå°ç”µè§†å‰§,https://stream1.freetv.fun/wu-yi-2dian-shi-ju-1.m3u8,网络源,æ­¦æ±‰äºŒå°ç”µè§†å‰§.png,2.530,未分组,,,,无音频
ä¸‡å·ä¸‰å³¡ç§»æ°‘,http://123.146.162.24:8017/c2F0hmi/1000/live.m3u8?zzhongqd,网络源,ä¸‡å·ä¸‰å³¡ç§»æ°‘.png,1.639,未分组,h264,720x576,25.0,有音频
ç»å…´æ–°é—»ç»¼åˆ,https://stream1.freetv.fun/shao-xing-xin-wen-zong-he-3.m3u8,网络源,ç»å…´æ–°é—»ç»¼åˆ.png,3.795,未分组,h264,720x576,25.0,有音频
çŒé˜³æ–°é—»ç»¼åˆ,https://ls.qingting.fm/live/5043/64k.m3u8,网络源,çŒé˜³æ–°é—»ç»¼åˆ.png,3.905,未分组,h264,,,有音频
æµ·å—è‡ªè´¸,https://migu.188766.xyz/?migutoken=45ac9a110c797599551115731cf44df2&id=hn_jjpd&type=sz,网络源,æµ·å—è‡ªè´¸.png,0.607,未分组,h264,1920x1080,28.0,有音频
æ²å·ç»¼åˆ,http://file.ysxtv.cn/cms/videos/nmip-media/channellive/channel4/playlist.m3u8?zsicd,网络源,æ²å·ç»¼åˆ.png,4.061,未分组,h264,1280x720,,有音频
å¥å®¹æ–°é—»ç»¼åˆ,http://jrlive.jrntv.com/live/_definst_/jrxwzhs/playlist.m3u8,网络源,å¥å®¹æ–°é—»ç»¼åˆ.png,4.100,未分组,h264,720x576,25.0,有音频
ä¸Šè™æ–°å•†éƒ½,https://stream1.freetv.fun/shang-yu-xin-shang-du-1.m3u8,网络源,ä¸Šè™æ–°å•†éƒ½.png,4.127,未分组,h264,1920x1080,25.0,有音频
ä¸Šè™æ–°å•†éƒ½,https://stream1.freetv.fun/shang-yu-xin-shang-du-3.m3u8,网络源,ä¸Šè™æ–°å•†éƒ½.png,4.297,未分组,h264,1920x1080,25.0,有音频
æ±¶å·æ–°é—»ç»¼åˆ,http://file.ysxtv.cn/cms/videos/nmip-media/channellive/channel4/playlist.m3u8?zsicd#rtmp://tv.mcrm.org.cn:1935/channellive/tv01,网络源,æ±¶å·æ–°é—»ç»¼åˆ.png,4.323,未分组,h264,1280x720,,有音频
åŒ—äº¬æ–°é—»,https://migu.188766.xyz/?migutoken=bc6dd6ad76b6217619fbabaa1bdd3041&id=%E5%8C%97%E4%BA%AC%E6%96%B0%E9%97%BB&type=yy,网络源,åŒ—äº¬æ–°é—».png,0.617,未分组,h264,1920x1080,28.0,有音频
æ— é”¡ç»æµ,https://stream.thmz.com/wxtv5/playlist.m3u8,网络源,æ— é”¡ç»æµ.png,1.655,未分组,,,,无音频
å››å·ç§‘æ•™,https://stream1.freetv.fun/si-chuan-ke-jiao-4.ctv,网络源,å››å·ç§‘æ•™.png,2.063,未分组,,,,无音频
æ¹–åŒ—å½±è§†,https://stream1.freetv.fun/hu-bei-ying-shi-1.m3u8,网络源,æ¹–åŒ—å½±è§†.png,2.089,未分组,,,,无音频
å™å·æ–°é—»ç»¼åˆ,https://stream1.freetv.fun/xu-zhou-xin-wen-zong-he-2.m3u8,网络源,å™å·æ–°é—»ç»¼åˆ.png,2.074,未分组,,,,无音频
å¨„åº•ç»¼åˆ,http://iptv.666230.xyz/iptv/hnyx.php/ldxw,网络源,å¨„åº•ç»¼åˆ.png,0.098,未分组,,,,无音频
å—å®éƒ½å¸‚ç”Ÿæ´»,https://stream1.freetv.fun/nan-zhu-du-shi-sheng-huo-3.m3u8,网络源,å—å®éƒ½å¸‚ç”Ÿæ´».png,2.927,未分组,,,,无音频
æ¹–åŒ—ç»è§†,https://stream1.freetv.fun/hu-bei-jing-shi-24.m3u8,网络源,æ¹–åŒ—ç»è§†.png,1.971,未分组,,,,无音频
æ–°æ˜Œç”Ÿæ´»,http://l.cztvcloud.com/channels/lantian/SXxinchang2/720p.m3u8,网络源,æ–°æ˜Œç”Ÿæ´».png,2.797,未分组,h264,1920x1080,25.0,有音频
ç¬¬ä¸€è´¢ç»,https://stream1.freetv.fun/ipv6-di-yi-cai-jing-11.m3u8,网络源,ç¬¬ä¸€è´¢ç».png,2.240,未分组,,,,无音频
ç»å…´æ–°é—»ç»¼åˆ,https://stream1.freetv.fun/shao-xing-xin-wen-zong-he-2.m3u8,网络源,ç»å…´æ–°é—»ç»¼åˆ.png,3.449,未分组,h264,1280x720,25.0,有音频
å¥å®¹ç”Ÿæ´»,http://43.251.226.89:8080/play/1052.m3u8,网络源,å¥å®¹ç”Ÿæ´».png,1.096,未分组,,,,无音频
ç¦å»ºç»æµ,https://stream1.freetv.fun/fu-jian-jing-ji-5.m3u8,网络源,ç¦å»ºç»æµ.png,2.096,未分组,,,,无音频
æµ™æ±Ÿå›½é™…,https://stream1.freetv.fun/zhe-jiang-guo-ji-7.m3u8,网络源,æµ™æ±Ÿå›½é™….png,2.297,未分组,,,,无音频
ä¸œæ–¹å½±è§†,https://stream1.freetv.fun/ipv6-dong-fang-ying-shi-8.m3u8,网络源,ä¸œæ–¹å½±è§†.png,2.308,未分组,,,,无音频
äº‘éœ„ç»¼åˆ,https://live.zzyxxw.com:2443/live/xwzh.m3u8,网络源,äº‘éœ„ç»¼åˆ.png,5.312,未分组,h264,1920x1080,25.0,有音频
é•‡æ±Ÿæ–°é—»ç»¼åˆ,http://zjtv-wshls.homecdn.com/live/2aa50.m3u8,网络源,é•‡æ±Ÿæ–°é—»ç»¼åˆ.png,0.232,未分组,h264,1920x1080,25.0,有音频
æ¹–å—å›½é™…,https://stream1.freetv.fun/hu-nan-guo-ji-2.ctv,网络源,æ¹–å—å›½é™….png,1.884,未分组,,,,无音频
æ³¸å¿æ–°é—»ç»¼åˆ,https://m3u8channel.ganzitv.com/nmip-media/channellive/channel1/playlist.m3u8,网络源,æ³¸å¿æ–°é—»ç»¼åˆ.png,5.693,未分组,h264,1280x720,25.0,有音频
æ¹–å—ç”µè§†å‰§,http://php.jdshipin.com:8880/iptv.php?id=hndsj,网络源,æ¹–å—ç”µè§†å‰§.png,2.935,未分组,h264,640x360,25.0,有音频
æµ™æ±Ÿæ°‘ç”Ÿä¼‘é—²,https://stream1.freetv.fun/zhe-jiang-min-sheng-3.m3u8,网络源,æµ™æ±Ÿæ°‘ç”Ÿä¼‘é—².png,5.979,未分组,h264,1920x1080,25.0,有音频
æ¹–å—ç”µè§†å‰§,https://stream1.freetv.fun/hu-nan-dian-shi-ju-7.m3u8,网络源,æ¹–å—ç”µè§†å‰§.png,2.272,未分组,,,,无音频
ä¸œæ–¹å½±è§†,https://stream1.freetv.fun/dong-fang-ying-shi-6.ctv,网络源,ä¸œæ–¹å½±è§†.png,2.091,未分组,,,,无音频
æµ™æ±Ÿä¼‘é—²å°,http://ali-m-l.cztv.com/channels/lantian/channel006/720p.m3u8,网络源,æµ™æ±Ÿä¼‘é—²å°.png,2.497,未分组,h264,1280x720,25.0,有音频
é™•è¥¿å…¬å…±,http://ls.qingting.fm/live/1222.m3u8,网络源,é™•è¥¿å…¬å…±.png,1.676,未分组,,,,有音频
æµ™æ±Ÿæ–°é—»,https://stream1.freetv.fun/zhe-jiang-xin-wen-1.m3u8,网络源,æµ™æ±Ÿæ–°é—».png,3.020,未分组,h264,1920x1080,25.0,有音频
æ¹–å—å¨±ä¹,https://stream1.freetv.fun/hu-nan-yu-le-3.m3u8,网络源,æ¹–å—å¨±ä¹.png,2.173,未分组,,,,无音频
å—å®å…¬å…±,https://stream1.freetv.fun/nan-zhu-gong-gong-6.m3u8,网络源,å—å®å…¬å…±.png,1.927,未分组,,,,无音频
æ–°æ˜Œæ–°é—»ç»¼åˆ,http://l.cztvcloud.com/channels/lantian/SXxinchang1/720p.m3u8,网络源,æ–°æ˜Œæ–°é—»ç»¼åˆ.png,2.773,未分组,h264,1920x1080,25.0,有音频
ç¦å»ºç”µè§†å‰§,https://stream1.freetv.fun/fu-jian-dian-shi-ju-4.m3u8,网络源,ç¦å»ºç”µè§†å‰§.png,1.729,未分组,,,,无音频
ç¦å»ºæ—…æ¸¸,https://stream1.freetv.fun/fu-jian-lu-you-6.m3u8,网络源,ç¦å»ºæ—…æ¸¸.png,1.723,未分组,,,,无音频
å¹³æ¹–æ–°é—»ç»¼åˆ,https://stream1.freetv.fun/ping-hu-xin-wen-zong-he-3.m3u8,网络源,å¹³æ¹–æ–°é—»ç»¼åˆ.png,2.464,未分组,,,,无音频
æ¹–å·æ–‡åŒ–å¨±ä¹,https://hzcm-live.media.hugd.com/613c47f0ab0d4eaa98b21378d0db6ded/0051d31c9dd543a7825eea4e49675b2a.m3u8?auth_key=2277598059-0a5ebfa1c0dc4671b42a60810fc37039-0-fa625b7d1feab612062453c12e3c8887,网络源,æ¹–å·æ–‡åŒ–å¨±ä¹.png,4.903,未分组,h264,1280x720,29.97002997002997,有音频
å¼€åŒ–å›½å®¶å…¬å›­,http://l.cztvcloud.com/channels/lantian/SXkaihua2/720p.m3u8?zzhed,网络源,å¼€åŒ–å›½å®¶å…¬å›­.png,3.385,未分组,h264,1280x720,25.0,有音频
ç”Ÿæ´»æ—¶å°š,https://stream1.freetv.fun/sheng-huo-shi-shang-29.m3u8,网络源,ç”Ÿæ´»æ—¶å°š.png,2.002,未分组,,,,无音频
å…°æºªæ–°é—»ç»¼åˆ,https://stream1.freetv.fun/lan-xi-xin-wen-zong-he-1.m3u8,网络源,å…°æºªæ–°é—»ç»¼åˆ.png,3.794,未分组,h264,1280x720,25.0,有音频
é‡‘é¹°çºªå®,https://hls-gateway.vpstv.net/streams/708834.m3u8,网络源,é‡‘é¹°çºªå®.png,0.139,未分组,,,,无音频
æ¹–å·æ–°é—»ç»¼åˆ,https://hzcm-live.media.hugd.com/3f5fa7d64c7c46a38c6bd8ad35e836cc/65128273761b4731ae53729ea6dcf932.m3u8?auth_key=2277598215-9d21c15111244bea8d298c361d31a72e-0-d031198f58d44b0e91ba2e3f3b188865,网络源,æ¹–å·æ–°é—»ç»¼åˆ.png,4.684,未分组,h264,1280x720,29.97002997002997,有音频
ç¦å»ºæ–°é—»,https://stream1.freetv.fun/fu-jian-xin-wen-3.m3u8,网络源,ç¦å»ºæ–°é—».png,1.727,未分组,,,,无音频
ä¸Šè™æ–‡åŒ–å½±é™¢,https://stream1.freetv.fun/shang-yu-wen-hua-ying-yuan-1.m3u8,网络源,ä¸Šè™æ–‡åŒ–å½±é™¢.png,1.751,未分组,,,,无音频
æµ™æ±Ÿé’ç”°,http://l.cztvcloud.com/channels/lantian/SXqingtian1/720p.m3u8,网络源,æµ™æ±Ÿé’ç”°.png,2.658,未分组,h264,1920x1080,25.0,有音频
å¥å®¹æ–°é—»ç»¼åˆ,http://jrlive.jrntv.com/live/_definst_/jrxwzhs/playlist.m3u8?zjiangsd,网络源,å¥å®¹æ–°é—»ç»¼åˆ.png,3.855,未分组,h264,720x576,25.0,有音频
å®œå…´æ–°é—»,https://stream1.freetv.fun/yi-xing-xin-wen-1.m3u8,网络源,å®œå…´æ–°é—».png,1.403,未分组,h264,1280x720,25.0,有音频
ç¦å»ºå…¬å…±,https://stream1.freetv.fun/fu-jian-gong-gong-4.ctv,网络源,ç¦å»ºå…¬å…±.png,1.729,未分组,,,,无音频
è¾½å®å½±è§†å‰§,https://stream1.freetv.fun/liao-zhu-ying-shi-ju-2.m3u8,网络源,è¾½å®å½±è§†å‰§.png,1.744,未分组,,,,无音频
ä¸Šæµ·ç¬¬ä¸€è´¢ç»,https://migu.188766.xyz/?migutoken=f162d79cfa5cd6a82772cf04a780fbf6&id=dycj&type=sz,网络源,ä¸Šæµ·ç¬¬ä¸€è´¢ç».png,0.590,未分组,h264,1920x1080,28.0,有音频
ä¹‰ä¹Œæ–°é—»ç»¼åˆ,https://44911.hlsplay.aodianyun.com/tv_radio_44911/tv_channel_1796.m3u8?auth_key=4830573978-0-0-92824c2c03f95906a3c49a4aa28f1709&extra_key=Yc1XsmxOKy2UBoPM4Wy5vCPsEYqnj06taCR2SRB2Xrg2w28NPilH03KdIbbM5wgSql-VBohSnoO9AOKl94q2t2DWMftz-XB-2qUX-UjXcS80StcSZahBFjrKLivXaRjiY5r2NOMKWMKFbv-S0Bz2G6iEXgCK8yGjtrFHDcPfAQEE0pvXq0Bwy34b7We8zARN&ali_ffmpeg_version=mpengine,网络源,ä¹‰ä¹Œæ–°é—»ç»¼åˆ.png,5.309,未分组,h264,960x540,25.0,有音频
æ­¦è¿›ç”Ÿæ´»,http://43.251.226.89:8080/play/1042.m3u8,网络源,æ­¦è¿›ç”Ÿæ´».png,1.132,未分组,,,,无音频
æµ·å—è‡ªè´¸,https://migu.188766.xyz/?migutoken=315ad4939096a91be5ce3462b2080323&id=hn_jjpd&type=sz,网络源,æµ·å—è‡ªè´¸.png,0.618,未分组,h264,1920x1080,28.0,有音频
é“œæ¢ç»¼åˆ,http://183.64.174.171:40123/ch1.m3u8,网络源,é“œæ¢ç»¼åˆ.png,2.627,未分组,h264,720x576,,有音频
ä½™å§šæ–°é—»ç»¼åˆ,http://l.cztvcloud.com/channels/lantian/SXyuyao1/720p.m3u8?cWlkPSZzPTg3OWMwYmMyZDMzYTFhZGY3NDQxMjgyYTg1MmUzNTY0JmVzPTE3MDY2Nzc4NzMmdXVpZD0yMjdiY2MzNGNiNGY0MThlYjRiY2IxYzcwNmZjODNkMS02NzQ3NDY2NyZ2PTImYXM9MCZjZG5leF9pZD10eF9waG9uZV9saXZl,网络源,ä½™å§šæ–°é—»ç»¼åˆ.png,2.007,未分组,h264,1920x1080,25.0,有音频
å—å®å…¬å…±,https://stream1.freetv.fun/nan-zhu-gong-gong-9.m3u8,网络源,å—å®å…¬å…±.png,1.976,未分组,,,,无音频
åŠ¨æ¼«ç§€åœº,http://php.jdshipin.com/itv6.php?cid=bestzb&id=5000000011000031113,网络源,åŠ¨æ¼«ç§€åœº.png,0.595,未分组,,,,无音频
é‡‘å·ä¹¡æ‘,http://live.jinchuanrmt.com:90/live/jcxc.m3u8?zsicd,网络源,é‡‘å·ä¹¡æ‘.png,2.853,未分组,h264,1024x576,25.0,有音频
æ¶Ÿæ°´ç”µè§†å°ç»¼åˆ,http://lianshui-tv-hls.cm.jstv.com/lianshui-tv/lsxw.m3u8?zjiangsd,网络源,æ¶Ÿæ°´ç”µè§†å°ç»¼åˆ.png,0.611,未分组,,,,无音频
ä»å¯¿ç»¼åˆ,https://play.scrstv.com.cn/DT/live.m3u8?auth_key=60001724663204-0-0-c1cc4ded9841ac34f63cdbd3aec647ef,网络源,ä»å¯¿ç»¼åˆ.png,5.683,未分组,,,,有音频
æ´¥å—ä¸€å¥—,http://play.jinnantv.top/live/JNTV1.m3u8?ztianjd,网络源,æ´¥å—ä¸€å¥—.png,2.677,未分组,h264,720x576,25.0,有音频
æ¹–åŒ—å½±è§†,https://stream1.freetv.fun/hu-bei-ying-shi-1.ctv,网络源,æ¹–åŒ—å½±è§†.png,1.882,未分组,,,,无音频
åŒ—äº¬æ–°é—»,https://migu.188766.xyz/?migutoken=d1303dc190d857760b1d68298e920c33&id=%E5%8C%97%E4%BA%AC%E6%96%B0%E9%97%BB&type=yy,网络源,åŒ—äº¬æ–°é—».png,0.586,未分组,h264,1920x1080,28.0,有音频
æ–°æ˜Œæ–°é—»ç»¼åˆ,https://stream1.freetv.fun/xin-chang-xin-wen-zong-he-4.m3u8,网络源,æ–°æ˜Œæ–°é—»ç»¼åˆ.png,2.028,未分组,,,,无音频
ä¸œæµ·æ–°é—»,http://iptv.666230.xyz/iptv/jsyd.php/jsdonghaixinwen,网络源,ä¸œæµ·æ–°é—».png,0.094,未分组,,,,无音频
å¹¿è¥¿æ–°é—»,https://tv.gxtv.cn/channel/channelivePlay_9dfd8600075811e9ba67e41f13b60c62.html,网络源,å¹¿è¥¿æ–°é—».png,0.834,未分组,,,,无音频
ä¸Šè™æ–‡åŒ–å½±é™¢,https://stream1.freetv.fun/shang-yu-wen-hua-ying-yuan-2.ctv,网络源,ä¸Šè™æ–‡åŒ–å½±é™¢.png,1.779,未分组,,,,无音频
æµ·å—æ–°é—»,http://ls.qingting.fm/live/1861.m3u8,网络源,æµ·å—æ–°é—».png,1.711,未分组,,,,有音频
æ­¦ä¹‰æ–°é—»ç»¼åˆ,http://l.cztvcloud.com/channels/lantian/SXwuyi1/720p.m3u8,网络源,æ­¦ä¹‰æ–°é—»ç»¼åˆ.png,1.900,未分组,h264,720x576,,有音频
æ¹–å—éƒ½å¸‚,https://stream1.freetv.fun/hu-nan-du-shi-4.m3u8,网络源,æ¹–å—éƒ½å¸‚.png,1.748,未分组,,,,无音频
æ¹–å—ç»è§†,https://stream1.freetv.fun/hu-nan-jing-shi-15.ctv,网络源,æ¹–å—ç»è§†.png,1.771,未分组,,,,无音频
ç»å…´æ–‡åŒ–å½±é™¢,https://stream1.freetv.fun/shao-xing-wen-hua-ying-yuan-4.m3u8,网络源,ç»å…´æ–‡åŒ–å½±é™¢.png,1.762,未分组,,,,无音频
å—å®å…¬å…±,http://hls.nntv.cn/nnlive/GGPD_24.m3u8,网络源,å—å®å…¬å…±.png,7.212,未分组,h264,1280x720,25.0,有音频
ç¦å»ºç”µè§†å‰§,https://stream1.freetv.fun/fu-jian-dian-shi-ju-2.m3u8,网络源,ç¦å»ºç”µè§†å‰§.png,1.728,未分组,,,,无音频
ä¸Šæµ·ç¬¬ä¸€è´¢ç»,https://mgtv.ottiptv.cc/migu/608780988.m3u8?migutoken=0c7df30d952e5d120406d3eb259cd5e26ec6aa86037008719de147cc6fbc34e877c3e3d7b9617267f35521bdddc4c5995e6fc0583816a5df1bfe19814868525e736733676761a4b2d4db618e84,网络源,ä¸Šæµ·ç¬¬ä¸€è´¢ç».png,11.738,未分组,,,,无音频
åŒ—äº¬ç”Ÿæ´»,https://migu.188766.xyz/?migutoken=7676312050265378b211c7827880d7f5&id=%E5%8C%97%E4%BA%ACi%E7%94%9F%E6%B4%BB&type=yy,网络源,åŒ—äº¬ç”Ÿæ´».png,0.601,未分组,h264,1920x1080,28.0,有音频
å¼€åŒ–å›½å®¶å…¬å›­,http://l.cztvcloud.com/channels/lantian/SXkaihua2/720p.m3u8zzhed,网络源,å¼€åŒ–å›½å®¶å…¬å›­.png,1.967,未分组,h264,1280x720,25.0,有音频
æ­¦æ±‰å››å°ç»æµ,https://stream1.freetv.fun/wu-yi-jing-ji-1.m3u8,网络源,æ­¦æ±‰å››å°ç»æµ.png,1.936,未分组,,,,无音频
æ­å·ç»¼åˆ,https://stream1.freetv.fun/hang-zhou-zong-he-3.ctv,网络源,æ­å·ç»¼åˆ.png,1.947,未分组,,,,无音频
ç¦å»ºç»¼åˆ,https://stream1.freetv.fun/fu-jian-zong-he-2.m3u8,网络源,ç¦å»ºç»¼åˆ.png,1.713,未分组,,,,无音频
æ­å·ç”Ÿæ´»,https://stream1.freetv.fun/hang-zhou-sheng-huo-2.ctv,网络源,æ­å·ç”Ÿæ´».png,1.937,未分组,,,,无音频
é™•è¥¿ä½“è‚²ä¼‘é—²,https://mgtv.ottiptv.cc/migu/956909356.m3u8?migutoken=2cd1b3120e6a6d3cec136ca61cb23c24512860d4956d391b8c7d8a1fce58c3fa549930217eede8887c05f73eb24ac9692be10bdd06557f58130ff6717e37e1b6ba38adfacf8e74298fe1d4f48c,网络源,é™•è¥¿ä½“è‚²ä¼‘é—².png,11.066,未分组,,,,无音频
é‡‘å·æ–°é—»ç»¼åˆ,https://stream1.freetv.fun/jin-chuan-xin-wen-zong-he-4.m3u8,网络源,é‡‘å·æ–°é—»ç»¼åˆ.png,7.551,未分组,h264,1920x1080,30.0,有音频
å™å·æ–°é—»ç»¼åˆ,https://stream1.freetv.fun/xu-zhou-xin-wen-zong-he-7.m3u8,网络源,å™å·æ–°é—»ç»¼åˆ.png,1.808,未分组,,,,无音频
å¹¿å…ƒç»¼åˆ,https://m3u8.channel.dzsm.com/nmip-media/channellive/channel100999/playlist.m3u8,网络源,å¹¿å…ƒç»¼åˆ.png,8.062,未分组,h264,1280x720,25.0,有音频
æµ™æ±Ÿå›½é™…,https://stream1.freetv.fun/zhe-jiang-guo-ji-10.m3u8,网络源,æµ™æ±Ÿå›½é™….png,1.949,未分组,,,,无音频
æ¹–å—æ•™è‚²,https://stream1.freetv.fun/hu-nan-jiao-yu-6.ctv,网络源,æ¹–å—æ•™è‚².png,1.997,未分组,,,,无音频
å¹¿è¥¿å›½é™…,https://hlscdn.liangtv.cn/live/0234c48e0bc24fe1b41b9999a253e581/1075ee38e04f490690f6a36a16e09c79.m3u8,网络源,å¹¿è¥¿å›½é™….png,2.692,未分组,h264,1920x1080,25.0,有音频
æ–°é—»ç»¼åˆ,https://www.freetv.top/migu/651632657.m3u8?migutoken=b4a3e55048f55ec1c8fc5b509fbdf32f2dc5d255f5f218e79e84ca9a87fb9f2239927cb11b448f18285b50b81b4cd50a1354e9be5a3283375e85372798c3f3eb3ad60adf45eb5615f68eb4825f,网络源,æ–°é—»ç»¼åˆ.png,1.118,未分组,h264,1920x1080,30.0,有音频
ä¹è‡³ç»¼åˆ,http://175.155.106.72:89/live1/live1.m3u8?zsicd,网络源,ä¹è‡³ç»¼åˆ.png,2.647,未分组,h264,1920x1080,25.0,有音频
æ¹–å·æ–‡åŒ–å¨±ä¹,http://hzcm-live.media.hugd.com/613c47f0ab0d4eaa98b21378d0db6ded/0051d31c9dd543a7825eea4e49675b2a.m3u8?auth_key=2277598059-0a5ebfa1c0dc4671b42a60810fc37039-0-fa625b7d1feab612062453c12e3c8887,网络源,æ¹–å·æ–‡åŒ–å¨±ä¹.png,1.972,未分组,h264,1280x720,29.97002997002997,有音频
æµ™æ±Ÿæ–°é—»,https://stream1.freetv.fun/zhe-jiang-xin-wen-2.ctv,网络源,æµ™æ±Ÿæ–°é—».png,1.951,未分组,,,,无音频
è§å±±ç”Ÿæ´»,http://l.cztvcloud.com/channels/lantian/SXxiaoshan2/720p.m3u8?zzhed,网络源,è§å±±ç”Ÿæ´».png,2.842,未分组,h264,1280x720,25.0,有音频
æ±Ÿå®æ–°é—»,https://migu.188766.xyz/?migutoken=77969fb082a75b798578427f3570edd2&id=%E4%BD%93%E8%82%B2%E4%BC%91%E9%97%B2%E9%A2%91%E9%81%93&type=yy,网络源,æ±Ÿå®æ–°é—».png,0.597,未分组,h264,1920x1080,28.0,有音频
ç»å…´æ–‡åŒ–å½±é™¢,https://stream1.freetv.fun/shao-xing-wen-hua-ying-yuan-3.m3u8,网络源,ç»å…´æ–‡åŒ–å½±é™¢.png,1.774,未分组,,,,无音频
å…¨çºªå®,http://139.196.151.191/rtp/239.45.3.135:5140,网络源,å…¨çºªå®.png,5.064,未分组,,,,无音频
å…°æºªæ–°é—»ç»¼åˆ,https://stream1.freetv.fun/lan-xi-xin-wen-zong-he-3.m3u8,网络源,å…°æºªæ–°é—»ç»¼åˆ.png,1.956,未分组,,,,无音频
ä¹è‡³ç»¼åˆ,http://175.155.106.72:89/live1/live1.m3u8?zsicd;http://rmlive.lzxrmtzx.com/live1/live1.m3u8?zsicd,网络源,ä¹è‡³ç»¼åˆ.png,2.743,未分组,h264,1920x1080,25.0,有音频
å¹³æ¹–æ–°é—»ç»¼åˆ,https://stream1.freetv.fun/ping-hu-xin-wen-zong-he-5.m3u8,网络源,å¹³æ¹–æ–°é—»ç»¼åˆ.png,1.718,未分组,,,,无音频
æ¹–åŒ—å½±è§†,https://stream1.freetv.fun/hu-bei-ying-shi-14.m3u8,网络源,æ¹–åŒ—å½±è§†.png,1.778,未分组,,,,无音频
å¹¿å®‰å…¬å…±,http://live1.gatv.com.cn:85/live/GGPD_ggpdzm.m3u8?zsicd,网络源,å¹¿å®‰å…¬å…±.png,2.202,未分组,h264,720x576,25.0,有音频
å—äº¬æ–°é—»ç»¼åˆ,https://mgtv.ottiptv.cc/migu/838109047.m3u8?migutoken=d3d943815e6d6e9e9493a9b4b1d5a1d360bb5f3c04230f6d4d71f7f7c9f30771d321f1c262008c92ffde17fef4a62d1e1c58d5a9454573fb1489994d9be29f4e1cc7786813b671581eda4b9439,网络源,å—äº¬æ–°é—»ç»¼åˆ.png,11.116,未分组,,,,无音频
å…°æºªæ–°é—»ç»¼åˆ,http://l.cztvcloud.com/channels/lantian/SXlanxi1/720p.m3u8?zzhed,网络源,å…°æºªæ–°é—»ç»¼åˆ.png,2.081,未分组,h264,1280x720,25.0,有音频
å¹¿å®‰å…¬å…±,http://live1.gatv.com.cn:85/live/GGPD.m3u8,网络源,å¹¿å®‰å…¬å…±.png,3.819,未分组,h264,1920x1080,25.0,有音频
ç»å…´æ–‡åŒ–å½±é™¢,https://stream1.freetv.fun/shao-xing-wen-hua-ying-yuan-2.m3u8,网络源,ç»å…´æ–‡åŒ–å½±é™¢.png,4.392,未分组,h264,1280x720,25.0,有音频
æ¹–å·æ–°é—»ç»¼åˆ,http://hzcm-live.media.hugd.com/3f5fa7d64c7c46a38c6bd8ad35e836cc/65128273761b4731ae53729ea6dcf932.m3u8?auth_key=2277598215-9d21c15111244bea8d298c361d31a72e-0-d031198f58d44b0e91ba2e3f3b188865,网络源,æ¹–å·æ–°é—»ç»¼åˆ.png,2.652,未分组,h264,1280x720,29.97002997002997,有音频
ä¸Šè™æ–‡åŒ–å½±é™¢,https://stream1.freetv.fun/shang-yu-wen-hua-ying-yuan-3.ctv,网络源,ä¸Šè™æ–‡åŒ–å½±é™¢.png,1.717,未分组,,,,无音频
å¹¿å®‰å…¬å…±,http://live1.gatv.com.cn:85/live/GGPD_ggpdzm.m3u8,网络源,å¹¿å®‰å…¬å…±.png,2.476,未分组,h264,720x576,25.0,有音频
ç¬¬ä¸€è´¢ç»,https://stream1.freetv.fun/ipv6-di-yi-cai-jing-6.m3u8,网络源,ç¬¬ä¸€è´¢ç».png,1.725,未分组,,,,无音频
æµ™æ±Ÿå›½é™…,http://ali-m-l.cztv.com/channels/lantian/channel010/1080p.m3u8?zzhed,网络源,æµ™æ±Ÿå›½é™….png,2.447,未分组,h264,1920x1080,25.0,有音频
ä¸œæ–¹å½±è§†,https://stream1.freetv.fun/dong-fang-ying-shi-4.ctv,网络源,ä¸œæ–¹å½±è§†.png,1.928,未分组,,,,无音频
å—äº¬æ•™ç§‘,https://mgtv.ottiptv.cc/migu/838153729.m3u8?migutoken=0427a8c0867765b66984ce8ef774d494eeb52a2d6a7eefe17c4b03fa30923700917323b8951caa30617f3eecc1db2844cdff2f7470556533fbc072ad7a7cb0c6284344cc57983294a2b26f4303,网络源,å—äº¬æ•™ç§‘.png,11.048,未分组,,,,无音频
ä¸Šæµ·æ–°é—»ç»¼åˆ,https://mgtv.ottiptv.cc/migu/651632657.m3u8?migutoken=348c9164063c2b1df215dd2fa7cd92cb119d8a335ae0edfb5d615a6c714e71b669eee2f5ff1730afa92af7ca41d0aa96e3a280d7e5f2069eb8a3b852f3ebc270147489d7c8bfb08a7c4b9c4d80,网络源,ä¸Šæµ·æ–°é—»ç»¼åˆ.png,10.697,未分组,,,,无音频
æ¹–å·æ–°é—»ç»¼åˆ,http://hzcm-live.media.hugd.com/3f5fa7d64c7c46a38c6bd8ad35e836cc/65128273761b4731ae53729ea6dcf932.m3u8?auth_key=2277598215-9d21c15111244bea8d298c361d31a72e-0-d031198f58d44b0e91ba2e3f3b188865&fbl=,网络源,æ¹–å·æ–°é—»ç»¼åˆ.png,1.943,未分组,h264,1280x720,29.97002997002997,有音频
ç”Ÿæ´»æ—¶å°š,https://stream1.freetv.fun/sheng-huo-shi-shang-5.ctv,网络源,ç”Ÿæ´»æ—¶å°š.png,2.432,未分组,,,,无音频
é‚æ˜Œç»¼åˆ,http://l.cztvcloud.com/channels/lantian/SXsuichang1/720p.m3u8?zzhed,网络源,é‚æ˜Œç»¼åˆ.png,1.922,未分组,h264,1920x1080,25.0,有音频
å®œå…´æ–°é—»,https://stream1.freetv.fun/yi-xing-xin-wen-2.m3u8,网络源,å®œå…´æ–°é—».png,2.021,未分组,,,,无音频
æ±Ÿè‹æ•™è‚²,https://mgtv.ottiptv.cc/migu/628008321.m3u8?migutoken=2a14b3aabc488208548ee93104e880b74d4a395bfa44d7066aecd401da116ee25176f823087e3b4982d4720bd660d81bfff58ed9193c1df26c94a3e4f7a6c10952e5d975a5e4f6244fd9dcc62d,网络源,æ±Ÿè‹æ•™è‚².png,11.002,未分组,,,,无音频
æ¹–å—ç”µè§†å‰§,https://stream1.freetv.fun/hu-nan-dian-shi-ju-3.m3u8,网络源,æ¹–å—ç”µè§†å‰§.png,2.154,未分组,,,,无音频
è¿äº‘æ¸¯å…¬å…±,http://iptv.666230.xyz/iptv/jsyd.php/jslyggonggongpd,网络源,è¿äº‘æ¸¯å…¬å…±.png,0.095,未分组,,,,无音频
åŒ—äº¬è´¢ç»,https://migu.188766.xyz/?migutoken=f99c2ff2497251ed646e89257da9f6a0&id=%E5%8C%97%E4%BA%AC%E8%B4%A2%E7%BB%8F&type=yy,网络源,åŒ—äº¬è´¢ç».png,0.587,未分组,h264,1920x1080,28.0,有音频
é‡‘å·æ–°é—»ç»¼åˆ,https://stream1.freetv.fun/jin-chuan-xin-wen-zong-he-2.m3u8,网络源,é‡‘å·æ–°é—»ç»¼åˆ.png,1.981,未分组,,,,无音频
æ–°æ˜Œæ–°é—»ç»¼åˆ,https://stream1.freetv.fun/xin-chang-xin-wen-zong-he-5.ctv,网络源,æ–°æ˜Œæ–°é—»ç»¼åˆ.png,1.981,未分组,,,,无音频
å—å®å…¬å…±,https://stream1.freetv.fun/nan-zhu-gong-gong-5.m3u8,网络源,å—å®å…¬å…±.png,2.375,未分组,,,,无音频
æ¹–å—éƒ½å¸‚,https://stream1.freetv.fun/hu-nan-du-shi-8.m3u8,网络源,æ¹–å—éƒ½å¸‚.png,1.922,未分组,,,,无音频
ç¦å»ºç»æµ,https://stream1.freetv.fun/fu-jian-jing-ji-1.m3u8,网络源,ç¦å»ºç»æµ.png,2.297,未分组,,,,无音频
æµ™æ±Ÿå›½é™…,https://ali-m-l.cztv.com/channels/lantian/channel010/1080p.m3u8?,网络源,æµ™æ±Ÿå›½é™….png,3.344,未分组,h264,1920x1080,25.0,有音频
æ±Ÿè‹å…¬å…±,http://iptv.666230.xyz/iptv/jsyd.php/G_JSGG,网络源,æ±Ÿè‹å…¬å…±.png,0.084,未分组,,,,无音频
ç»å…´æ–‡åŒ–å½±é™¢,https://stream1.freetv.fun/shao-xing-wen-hua-ying-yuan-1.m3u8,网络源,ç»å…´æ–‡åŒ–å½±é™¢.png,1.718,未分组,,,,无音频
æ¹–å·å…¬å…±æ°‘ç”Ÿ,http://hzcm-live.media.hugd.com/1e6b554b9ab74513958c0e1ffe664d22/9acaa7634309494cb29a85eb12136607.m3u8?auth_key=2272900830-9a2389b8bf4e49d580d4ad807423d326-0-ea78a5c7a678c436263582d368f5009e,网络源,æ¹–å·å…¬å…±æ°‘ç”Ÿ.png,1.885,未分组,h264,1280x720,25.0,有音频
æ­¦æ±‰æ•™è‚²,https://stream1.freetv.fun/wu-yi-jiao-yu-4.m3u8,网络源,æ­¦æ±‰æ•™è‚².png,1.726,未分组,,,,无音频
è†é—¨æ–°é—»ç»¼åˆ,https://stream1.freetv.fun/jing-men-xin-wen-zong-he-6.m3u8,网络源,è†é—¨æ–°é—»ç»¼åˆ.png,2.466,未分组,,,,无音频
åŒ—äº¬ç§‘æ•™,http://player.cntv.cn/standard/live_HLSDRM20180606.swf?ChannelID=btv3&P2PChannelID=pd://cctv_p2p_hdbtv3,网络源,åŒ—äº¬ç§‘æ•™.png,0.177,未分组,rawvideo,19x24,25.0,无音频
å—å®å…¬å…±,https://stream1.freetv.fun/nan-zhu-gong-gong-7.m3u8,网络源,å—å®å…¬å…±.png,1.772,未分组,,,,无音频
ä¸Šæµ·ç¬¬ä¸€è´¢ç»,https://migu.188766.xyz/?migutoken=f7d1839936c9e9599abe6d13f273815f&id=dycj&type=sz,网络源,ä¸Šæµ·ç¬¬ä¸€è´¢ç».png,0.590,未分组,h264,1920x1080,28.0,有音频
å™å·æ–°é—»ç»¼åˆ,https://stream1.freetv.fun/xu-zhou-xin-wen-zong-he-3.m3u8,网络源,å™å·æ–°é—»ç»¼åˆ.png,1.746,未分组,,,,无音频
è¿äº‘æ¸¯æ–°é—»ç»¼åˆ,http://z.b.bkpcp.top/m.php?id=lygxwzh,网络源,è¿äº‘æ¸¯æ–°é—»ç»¼åˆ.png,4.443,未分组,h264,854x480,25.0,有音频
æ–°é—»ç»¼åˆ,https://stream1.freetv.fun/ipv6-xin-wen-zong-he-7.m3u8,网络源,æ–°é—»ç»¼åˆ.png,2.615,未分组,,,,无音频
æ­¦ä¹‰æ–°é—»ç»¼åˆ,https://stream1.freetv.fun/wu-yi-xin-wen-zong-he-3.m3u8,网络源,æ­¦ä¹‰æ–°é—»ç»¼åˆ.png,1.994,未分组,,,,无音频
æ¹–å—ç»è§†,https://stream1.freetv.fun/hu-nan-jing-shi-5.m3u8,网络源,æ¹–å—ç»è§†.png,1.791,未分组,,,,无音频
åŒ—äº¬é’å¹´,http://player.cntv.cn/standard/live_HLSDRM20180919.swf?v=180.171.5.8.9.6.3.9&ChannelID=btv8&videoTVChannel=btv8&P2PChannelID=pd://cctv_p2p_hdbtv8&tai=btv8&VideoName=btv8&channelID=btv8,网络源,åŒ—äº¬é’å¹´.png,0.244,未分组,rawvideo,19x24,25.0,无音频
äº‘å’Œæ–°é—»ç»¼åˆ,http://l.cztvcloud.com/channels/lantian/SXyunhe1/720p.m3u8,网络源,äº‘å’Œæ–°é—»ç»¼åˆ.png,2.534,未分组,h264,1280x720,25.0,有音频
å¼€åŒ–å›½å®¶å…¬å›­,http://l.cztvcloud.com/channels/lantian/SXkaihua2/720p.m3u8,网络源,å¼€åŒ–å›½å®¶å…¬å›­.png,2.280,未分组,h264,1280x720,25.0,有音频
æ­¦ä¹‰æ–°é—»ç»¼åˆ,http://l.cztvcloud.com/channels/lantian/SXwuyi1/720p.m3u8?zzhed,网络源,æ­¦ä¹‰æ–°é—»ç»¼åˆ.png,1.907,未分组,h264,720x576,,有音频
é‡‘é¹°çºªå®,https://stream1.freetv.fun/jin-ying-ji-shi-35.m3u8,网络源,é‡‘é¹°çºªå®.png,2.052,未分组,,,,无音频
æ¹–å—å›½é™…,https://stream1.freetv.fun/hu-nan-guo-ji-4.ctv,网络源,æ¹–å—å›½é™….png,1.723,未分组,,,,无音频
æ­å·ç”Ÿæ´»,https://stream1.freetv.fun/hang-zhou-sheng-huo-3.ctv,网络源,æ­å·ç”Ÿæ´».png,1.905,未分组,,,,无音频
ä¹‹æ±Ÿçºªå½•,https://ali-m-l.cztv.com/channels/lantian/channel12/720p.m3u8,网络源,ä¹‹æ±Ÿçºªå½•.png,4.008,未分组,h264,1280x720,25.0,有音频
æ²™æ¹¾ç»¼åˆ,http://tvfile.swrmt.com:80/nmip-media/channellive/channel100064/playlist.m3u8,网络源,æ²™æ¹¾ç»¼åˆ.png,0.884,未分组,,,,无音频
æ¶Ÿæ°´ç”µè§†å°ç»¼åˆ,https://lianshui-tv-hls.cm.jstv.com:443/lianshui-tv/lsxw.m3u8,网络源,æ¶Ÿæ°´ç”µè§†å°ç»¼åˆ.png,1.085,未分组,,,,无音频
æ–°é—»ç»¼åˆ,https://m3u8channel.yunxya.com/nmip-media/channellive/channel100028/playlist.m3u8,网络源,æ–°é—»ç»¼åˆ.png,5.650,未分组,h264,1920x1080,25.0,有音频
é„å·äºŒå¥—,http://pili-publish.yzxw.newaircloud.com/newaircloud-yzxw/yzxw_20190925090936.m3u8?zzhed,网络源,é„å·äºŒå¥—.png,13.932,未分组,,,,无音频
æµ™æ±Ÿæ–°é—»,https://stream1.freetv.fun/zhe-jiang-xin-wen-8.m3u8,网络源,æµ™æ±Ÿæ–°é—».png,1.839,未分组,,,,无音频
æ¹–å·æ–‡åŒ–å¨±ä¹,http://hzcm-live.media.hugd.com/613c47f0ab0d4eaa98b21378d0db6ded/0051d31c9dd543a7825eea4e49675b2a.m3u8?auth_key=2277598059-0a5ebfa1c0dc4671b42a60810fc37039-0-fa625b7d1feab612062453c12e3c8887&fbl=,网络源,æ¹–å·æ–‡åŒ–å¨±ä¹.png,1.953,未分组,h264,1280x720,29.97002997002997,有音频
æµ·å—æ–°é—»,https://migu.188766.xyz/?migutoken=60909b2fa85c2414a8bb01ed5be39c59&id=hn_xwpd&type=sz,网络源,æµ·å—æ–°é—».png,0.635,未分组,h264,1920x1080,28.0,有音频
æ­å·ç»¼åˆ,https://stream1.freetv.fun/hang-zhou-zong-he-2.ctv,网络源,æ­å·ç»¼åˆ.png,1.930,未分组,,,,无音频
ä¸œæ–¹å½±è§†,https://stream1.freetv.fun/ipv6-dong-fang-ying-shi-3.m3u8,网络源,ä¸œæ–¹å½±è§†.png,1.906,未分组,,,,无音频
ç»å…´æ–‡åŒ–å½±è§†,https://stream1.freetv.fun/shao-xing-wen-hua-ying-shi-1.m3u8,网络源,ç»å…´æ–‡åŒ–å½±è§†.png,3.469,未分组,h264,1280x720,25.0,有音频
æ¹–åŒ—ç»¼åˆ,https://stream1.freetv.fun/hu-bei-zong-he-4.ctv,网络源,æ¹–åŒ—ç»¼åˆ.png,1.854,未分组,,,,无音频
ä¸Šæµ·ç¬¬ä¸€è´¢ç»,https://migu.188766.xyz/?migutoken=7788ea616cdaf1cbf20503ac35a45536&id=dycj&type=sz,网络源,ä¸Šæµ·ç¬¬ä¸€è´¢ç».png,0.596,未分组,h264,1920x1080,28.0,有音频
é‡åº†æ±½æ‘©,http://183.230.184.51:65500/tntv1.m3u8,网络源,é‡åº†æ±½æ‘©.png,2.799,未分组,h264,1920x1080,25.0,有音频
ç¦å»ºç»¼åˆ,http://8.138.7.223/tv/fjtv1.php?id=fjzh,网络源,ç¦å»ºç»¼åˆ.png,5.172,未分组,,,,无音频
æµ·å—æ–°é—»,https://migu.188766.xyz/?migutoken=964b97d815e0f15de878a99d3908dd6e&id=hn_xwpd&type=sz,网络源,æµ·å—æ–°é—».png,0.584,未分组,h264,1920x1080,28.0,有音频
ç¬¬ä¸€è´¢ç»,https://stream1.freetv.fun/di-yi-cai-jing-12.m3u8,网络源,ç¬¬ä¸€è´¢ç».png,1.928,未分组,,,,无音频
æµ™æ±Ÿæ•°ç æ—¶ä»£,https://ali-m-l.cztv.com/channels/lantian/channel012/1080p.m3u8\r\n,网络源,æµ™æ±Ÿæ•°ç æ—¶ä»£.png,3.301,未分组,h264,1920x1080,25.0,有音频
å—å®å…¬å…±,https://stream1.freetv.fun/nan-zhu-gong-gong-1.m3u8,网络源,å—å®å…¬å…±.png,1.981,未分组,,,,无音频
é„å·ä¸€å¥—,http://pili-publish.yzxw.newaircloud.com/newaircloud-yzxw/yzxw_20190925090843.m3u8?zzhed,网络源,é„å·ä¸€å¥—.png,13.554,未分组,,,,无音频
è§å±±ç”Ÿæ´»,http://l.cztvcloud.com/channels/lantian/SXxiaoshan2/720p.m3u8?zzhed?,网络源,è§å±±ç”Ÿæ´».png,2.326,未分组,h264,1280x720,25.0,有音频
æ¹–åŒ—ç”Ÿæ´»,https://stream1.freetv.fun/hu-bei-sheng-huo-3.ctv,网络源,æ¹–åŒ—ç”Ÿæ´».png,1.807,未分组,,,,无音频
æ­¦è¿›ç”Ÿæ´»,http://live.wjyanghu.com/live/CH2.m3u8,网络源,æ­¦è¿›ç”Ÿæ´».png,5.628,未分组,h264,720x576,25.0,有音频
å¤©æ´¥å«è§†,http://38.75.136.137:98/gslb/dsdqca/tjwshd.m3u8?auth=test20251009,网络源,å¤©æ´¥å«è§†.png,0.176,未分组,,,,无音频
è¾½å®æ•™è‚²é’å°‘,https://stream1.freetv.fun/liao-zhu-jiao-yu-qing-shao-1.m3u8,网络源,è¾½å®æ•™è‚²é’å°‘.png,1.939,未分组,,,,无音频
è‹å—æ–°é—»ç»¼åˆ,https://l.cztvcloud.com/channels/lantian/SXcangnan1/720p.m3u8,网络源,è‹å—æ–°é—»ç»¼åˆ.png,5.651,未分组,h264,1920x1080,25.0,有音频
æ±Ÿè‹å½±è§†,https://stream1.freetv.fun/a89dd489fa013bc4f36bcc4afe388f1783e2251c276e2566a9359d68a61c6d91.ctv,网络源,æ±Ÿè‹å½±è§†.png,1.156,未分组,h264,1280x720,25.0,有音频
å¥å®¹å…šå»º,http://43.251.226.89:8080/play/1053.m3u8,网络源,å¥å®¹å…šå»º.png,1.185,未分组,,,,无音频
ç¦å»ºæ–°é—»,http://satellitepull.cnr.cn/live/wx32fjxwgb/playlist.m3u8,网络源,ç¦å»ºæ–°é—».png,3.189,未分组,,,,有音频
å››å·ç§‘æ•™,http://182.150.115.21:8030/pcgacg/pcgacg_0.m3u8,网络源,å››å·ç§‘æ•™.png,7.903,未分组,h264,1920x1080,25.0,有音频
æ¹–å—ç”µè§†å‰§,https://stream1.freetv.fun/hu-nan-dian-shi-ju-1.m3u8,网络源,æ¹–å—ç”µè§†å‰§.png,0.917,未分组,,,,无音频
æ±Ÿè‹æ•™è‚²,http://z.b.bkpcp.top/m.php?id=jsjy,网络源,æ±Ÿè‹æ•™è‚².png,3.011,未分组,h264,854x480,25.0,有音频
è‹å—æ–°é—»ç»¼åˆ,http://l.cztvcloud.com/channels/lantian/SXcangnan1/720p.m3u8?zzhed,网络源,è‹å—æ–°é—»ç»¼åˆ.png,2.750,未分组,h264,1920x1080,25.0,有音频
å®œå…´æ–°é—»,https://t.freetv.fun/live/yi-xing-xin-wen-1.m3u8,网络源,å®œå…´æ–°é—».png,1.184,未分组,h264,1280x720,25.0,有音频
ç¦å»ºç»¼åˆ,https://stream1.freetv.fun/fu-jian-zong-he-4.m3u8,网络源,ç¦å»ºç»¼åˆ.png,1.766,未分组,,,,无音频
è¥ç»ç»¼åˆ,http://file.ysxtv.cn/cms/videos/nmip-media/channellive/channel4/playlist.m3u8,网络源,è¥ç»ç»¼åˆ.png,2.869,未分组,h264,1280x720,,有音频
é‡‘é¹°çºªå®,https://stream1.freetv.fun/jin-ying-ji-shi-22.ctv,网络源,é‡‘é¹°çºªå®.png,1.754,未分组,,,,无音频
ç”Ÿæ´»æ—¶å°š,https://stream1.freetv.fun/sheng-huo-shi-shang-4.ctv,网络源,ç”Ÿæ´»æ—¶å°š.png,2.184,未分组,,,,无音频
æµ™æ±Ÿç•™å­¦,http://ali-vl.cztv.com/channels/lantian/channel009/360p.m3u8,网络源,æµ™æ±Ÿç•™å­¦.png,1.868,未分组,h264,640x360,25.0,有音频
æ¹–å—ç»è§†,https://stream1.freetv.fun/hu-nan-jing-shi-2.m3u8,网络源,æ¹–å—ç»è§†.png,0.559,未分组,,,,无音频
æ¹–å—éƒ½å¸‚,https://stream1.freetv.fun/hu-nan-du-shi-9.m3u8,网络源,æ¹–å—éƒ½å¸‚.png,1.729,未分组,,,,无音频
æµ·å®æ–°é—»ç»¼åˆ,http://p2hs.vzan.com/slowlive/317913155078575177/live.m3u8,网络源,æµ·å®æ–°é—»ç»¼åˆ.png,3.878,未分组,h264,1280x720,25.0,有音频
æ¹–å—å…¬å…±,https://stream1.freetv.fun/hu-nan-gong-gong-7.m3u8,网络源,æ¹–å—å…¬å…±.png,1.797,未分组,,,,无音频
äº‘å’Œæ–°é—»ç»¼åˆ,http://l.cztvcloud.com/channels/lantian/SXyunhe1/720p.m3u8?zzhed,网络源,äº‘å’Œæ–°é—»ç»¼åˆ.png,2.516,未分组,h264,1280x720,25.0,有音频
åŒ—äº¬ç”Ÿæ´»,https://migu.188766.xyz/?migutoken=42c3cdb90190cfbb68aa926990ba2e82&id=%E5%8C%97%E4%BA%ACi%E7%94%9F%E6%B4%BB&type=yy,网络源,åŒ—äº¬ç”Ÿæ´».png,0.593,未分组,h264,1920x1080,28.0,有音频
ä¸œæ–¹å½±è§†,https://stream1.freetv.fun/ipv6-dong-fang-ying-shi-9.m3u8,网络源,ä¸œæ–¹å½±è§†.png,3.630,未分组,,,,无音频
åŒ—äº¬è´¢ç»,https://migu.188766.xyz/?migutoken=c08ea955ec38f0a4d9526118b6474ec8&id=%E5%8C%97%E4%BA%AC%E8%B4%A2%E7%BB%8F&type=yy,网络源,åŒ—äº¬è´¢ç».png,0.640,未分组,h264,1920x1080,28.0,有音频
æ±Ÿè‹æ•™è‚²,https://migu.188766.xyz/?migutoken=bfd96895aa8e3e9aa47561510518c058&id=%E6%B1%9F%E8%8B%8F%E6%95%99%E8%82%B2&type=yy,网络源,æ±Ÿè‹æ•™è‚².png,0.601,未分组,h264,1920x1080,28.0,有音频
æ¼³å·æ–°é—»ç»¼åˆ,https://stream1.freetv.fun/zhang-zhou-xin-wen-zong-he-1.m3u8,网络源,æ¼³å·æ–°é—»ç»¼åˆ.png,1.763,未分组,,,,无音频
æ­¦æ±‰æ•™è‚²,https://stream1.freetv.fun/wu-yi-jiao-yu-6.m3u8,网络源,æ­¦æ±‰æ•™è‚².png,1.779,未分组,,,,无音频
ä¸ƒå½©æˆå‰§,http://www.wmviv.com/iptv/bc2t.php?id=qcxj,网络源,ä¸ƒå½©æˆå‰§.png,0.882,未分组,,,,无音频
ç¦å»ºç”µè§†å‰§,https://stream1.freetv.fun/fu-jian-dian-shi-ju-1.m3u8,网络源,ç¦å»ºç”µè§†å‰§.png,1.747,未分组,,,,无音频
è†é—¨æ–°é—»ç»¼åˆ,https://stream1.freetv.fun/jing-men-xin-wen-zong-he-2.m3u8,网络源,è†é—¨æ–°é—»ç»¼åˆ.png,1.773,未分组,,,,无音频
æ¹–åŒ—ç»è§†,http://61.184.46.85:9901/tsfile/live/0019_1.m3u8?key=txiptv&playlive=1&authid=0,网络源,æ¹–åŒ—ç»è§†.png,5.899,未分组,h264,1920x1080,25.0,有音频
å¼€åŒ–å›½å®¶å…¬å›­,http://l.cztvcloud.com/channels/lantian/SXkaihua2/720p.m3u8?zzhed#http://l.cztvcloud.com/channels/lantian/SXkaihua2/720p.m3u8zzhed#http://l.cztvcloud.com/channels/lantian/SXkaihua2/720p.m3u8,网络源,å¼€åŒ–å›½å®¶å…¬å›­.png,1.963,未分组,h264,1280x720,25.0,有音频
æµ™æ±Ÿé‚æ˜Œ,http://l.cztvcloud.com/channels/lantian/SXsuichang1/720p.m3u8,网络源,æµ™æ±Ÿé‚æ˜Œ.png,3.663,未分组,h264,1920x1080,25.0,有音频
ç¦å»ºå°‘å„¿,https://stream1.freetv.fun/fu-jian-shao-er-4.m3u8,网络源,ç¦å»ºå°‘å„¿.png,1.899,未分组,,,,无音频
ç¦å»ºç»¼åˆ,https://stream1.freetv.fun/fu-jian-zong-he-1.m3u8,网络源,ç¦å»ºç»¼åˆ.png,2.027,未分组,,,,无音频
è‹å—æ–°é—»ç»¼åˆ,https://stream1.freetv.fun/cang-nan-xin-wen-zong-he-5.m3u8,网络源,è‹å—æ–°é—»ç»¼åˆ.png,2.040,未分组,,,,无音频
å™å·æ–°é—»ç»¼åˆ,https://stream1.freetv.fun/xu-zhou-xin-wen-zong-he-1.m3u8,网络源,å™å·æ–°é—»ç»¼åˆ.png,1.720,未分组,,,,无音频
æ–°é—»ç»¼åˆ,https://stream1.freetv.fun/xin-wen-zong-he-9.m3u8,网络源,æ–°é—»ç»¼åˆ.png,2.009,未分组,,,,无音频
äº‘éœ„ç»¼åˆ,"http://live.zzyxxw.com:85/live/xwzh.m3u8?fujian,",网络源,äº‘éœ„ç»¼åˆ.png,2.820,未分组,h264,1920x1080,25.0,有音频
æµ™æ±Ÿæ•°ç æ—¶ä»£,http://ali-m-l.cztv.com/channels/lantian/channel12/720p.m3u8,网络源,æµ™æ±Ÿæ•°ç æ—¶ä»£.png,3.551,未分组,h264,1280x720,25.0,有音频
æ±Ÿè‹åŸå¸‚,https://t.freetv.fun/live/jiang-su-cheng-shi.m3u8,网络源,æ±Ÿè‹åŸå¸‚.png,13.350,未分组,h264,1920x1080,25.0,有音频
è†é—¨æ–°é—»ç»¼åˆ,http://stream.jmtv.com.cn/xwzh/sd/live.m3u8,网络源,è†é—¨æ–°é—»ç»¼åˆ.png,2.292,未分组,h264,1920x1080,25.0,有音频
æ–°é—»ç»¼åˆ,https://www.freetv.top/migu/651632657.m3u8?migutoken=5ae42e8fda034ab7bf5171dafa0043e70cd12bcd716940c4572fde52ea92b0785f16f1bdbce4c83f5e075b250fe95668f19f8527dda57c27db24f95d412614d99c86a3a2d9341d88b5224b7068,网络源,æ–°é—»ç»¼åˆ.png,1.123,未分组,h264,1920x1080,30.0,有音频
æ­¦è¿›æ–°é—»,http://live.wjyanghu.com/live/CH1.m3u8?%E5%85%B3%E6%B3%A8%E5%BE%AE%E4%BF%A1%E5%85%AC%E4%BC%97%E5%8F%B7[%E6%99%B4%E5%9B%AD],网络源,æ­¦è¿›æ–°é—».png,5.823,未分组,h264,720x576,25.0,有音频
é‡åº†æ±½æ‘©,http://222.179.155.21:1935/ch1.m3u8?%E5%85%B3%E6%B3%A8%E5%BE%AE%E4%BF%A1%E5%85%AC%E4%BC%97%E5%8F%B7[%E6%99%B4%E5%9B%AD],网络源,é‡åº†æ±½æ‘©.png,2.774,未分组,h264,1920x1080,25.0,有音频
æ¹–åŒ—å…¬å…±,https://stream1.freetv.fun/hu-bei-gong-gong-5.ctv,网络源,æ¹–åŒ—å…¬å…±.png,1.788,未分组,,,,无音频
ç¦å»ºå°‘å„¿,https://stream1.freetv.fun/fu-jian-shao-er-1.m3u8,网络源,ç¦å»ºå°‘å„¿.png,1.762,未分组,,,,无音频
ä¸Šæµ·éƒ½å¸‚,https://migu.188766.xyz/?migutoken=6d8853cd2a35a94822edc25fb168517a&id=shds&type=sz,网络源,ä¸Šæµ·éƒ½å¸‚.png,0.609,未分组,h264,1920x1080,28.0,有音频
ç»å…´æ–°é—»ç»¼åˆ,https://stream1.freetv.fun/shao-xing-xin-wen-zong-he-4.m3u8,网络源,ç»å…´æ–°é—»ç»¼åˆ.png,2.420,未分组,h264,720x576,25.0,有音频
ä¸Šè™æ–‡åŒ–å½±é™¢,https://stream1.freetv.fun/shang-yu-wen-hua-ying-yuan-4.ctv,网络源,ä¸Šè™æ–‡åŒ–å½±é™¢.png,2.363,未分组,,,,无音频
æ¹–å·å…¬å…±,https://stream1.freetv.fun/hu-zhou-gong-gong-9.m3u8,网络源,æ¹–å·å…¬å…±.png,2.501,未分组,,,,无音频
ä¸Šæµ·ç¬¬ä¸€è´¢ç»,https://migu.188766.xyz/?migutoken=82a78e07753ce670fd48b5aaf5f8d25b&id=dycj&type=sz,网络源,ä¸Šæµ·ç¬¬ä¸€è´¢ç».png,0.592,未分组,h264,1920x1080,28.0,有音频
æ¹–å—å…¬å…±,https://stream1.freetv.fun/hu-nan-gong-gong-5.ctv,网络源,æ¹–å—å…¬å…±.png,1.843,未分组,,,,无音频
è§å±±æ–°é—»ç»¼åˆ,http://l.cztvcloud.com/channels/lantian/SXxiaoshan1/720p.m3u8?zzhed,网络源,è§å±±æ–°é—»ç»¼åˆ.png,2.459,未分组,h264,1280x720,25.0,有音频
æ¹–åŒ—ç»¼åˆ,https://stream1.freetv.fun/hu-bei-zong-he-6.ctv,网络源,æ¹–åŒ—ç»¼åˆ.png,2.753,未分组,,,,无音频
å—å®å½±è§†å¨±ä¹,https://stream1.freetv.fun/nan-zhu-ying-shi-yu-le-1.m3u8,网络源,å—å®å½±è§†å¨±ä¹.png,1.970,未分组,,,,无音频
æ±Ÿè‹åŸå¸‚,https://stream1.freetv.fun/675206b8446ce719bfb293b5a5296db3aa26521c9810de7c996838247cc56964.ctv,网络源,æ±Ÿè‹åŸå¸‚.png,1.136,未分组,h264,1280x720,25.0,有音频
åŠ¨æ¼«ç§€åœº,https://stream1.freetv.fun/dong-man-xiu-chang-11.m3u8,网络源,åŠ¨æ¼«ç§€åœº.png,2.258,未分组,,,,无音频
ä¼˜æ¼«å¡é€š,http://www.wmviv.com/iptv/bc2t.php?id=ymkt,网络源,ä¼˜æ¼«å¡é€š.png,0.566,未分组,,,,无音频
è§å±±æ–°é—»ç»¼åˆ,https://stream1.freetv.fun/xiao-shan-xin-wen-zong-he-6.m3u8,网络源,è§å±±æ–°é—»ç»¼åˆ.png,1.916,未分组,,,,无音频
å—å®æ–°é—»ç»¼åˆ,https://stream1.freetv.fun/nan-zhu-xin-wen-zong-he-3.m3u8,网络源,å—å®æ–°é—»ç»¼åˆ.png,1.754,未分组,,,,无音频
æ­¦æ¸…ç»¼åˆ,https://tvpull.smartwq.cn/wqlive/convergencemedia/playlist.m3u8?ztianjd,网络源,æ­¦æ¸…ç»¼åˆ.png,15.622,未分组,h264,720x576,25.0,有音频
é‡åº†æ±½æ‘©,http://183.230.184.51:65500/tntv1.m3u8?zzhongqd,网络源,é‡åº†æ±½æ‘©.png,2.026,未分组,h264,1920x1080,25.0,有音频
åµŠæ³—ç»¼åˆ,http://l.cztvcloud.com/channels/lantian/SXshengzhou1/720p.m3u8?zzhed,网络源,åµŠæ³—ç»¼åˆ.png,2.303,未分组,h264,1280x720,25.0,有音频
è†é—¨æ–°é—»ç»¼åˆ,https://stream1.freetv.fun/jing-men-xin-wen-zong-he-5.m3u8,网络源,è†é—¨æ–°é—»ç»¼åˆ.png,3.624,未分组,h264,1920x1080,25.0,有音频
ä¹è‡³ç»¼åˆ,http://175.155.106.72:89/live1/live1.m3u8,网络源,ä¹è‡³ç»¼åˆ.png,2.477,未分组,h264,1920x1080,25.0,有音频
æ­å·æ˜ç,https://stream1.freetv.fun/hang-zhou-ming-zhu-2.ctv,网络源,æ­å·æ˜ç .png,5.069,未分组,,,,无音频
é–æ±Ÿæ–°é—»ç»¼åˆ,https://stream1.freetv.fun/jing-jiang-xin-wen-zong-he-7.m3u8,网络源,é–æ±Ÿæ–°é—»ç»¼åˆ.png,2.091,未分组,,,,无音频
æ¹–å—ç”µè§†å‰§,https://stream1.freetv.fun/hu-nan-dian-shi-ju-8.m3u8,网络源,æ¹–å—ç”µè§†å‰§.png,2.243,未分组,,,,无音频
æµ™æ±Ÿç•™å­¦,https://ali-m-l.cztv.com/channels/lantian/channel009/1080p.m3u8,网络源,æµ™æ±Ÿç•™å­¦.png,2.825,未分组,h264,1920x1080,25.0,有音频
ç¬¬ä¸€è´¢ç»,https://stream1.freetv.fun/di-yi-cai-jing-5.m3u8,网络源,ç¬¬ä¸€è´¢ç».png,1.748,未分组,,,,无音频
é‡‘é¹°çºªå®,https://stream1.freetv.fun/jin-ying-ji-shi-2.ctv,网络源,é‡‘é¹°çºªå®.png,2.024,未分组,,,,无音频
é•‡æ±ŸäºŒå¥—ç¤¾ä¼šæ°‘ç”Ÿ,http://zjtv-wshls.homecdn.com/live/2aa16.m3u8,网络源,é•‡æ±ŸäºŒå¥—ç¤¾ä¼šæ°‘ç”Ÿ.png,5.101,未分组,h264,1920x1080,25.0,有音频
æ¹–å—å…¬å…±,https://stream1.freetv.fun/hu-nan-gong-gong-2.ctv,网络源,æ¹–å—å…¬å…±.png,2.264,未分组,,,,无音频
æµ™æ±Ÿæ–°é—»,https://stream1.freetv.fun/zhe-jiang-xin-wen-6.m3u8,网络源,æµ™æ±Ÿæ–°é—».png,3.681,未分组,h264,1280x720,25.0,有音频
å—å®æ–°é—»ç»¼åˆ,https://stream1.freetv.fun/nan-zhu-xin-wen-zong-he-1.m3u8,网络源,å—å®æ–°é—»ç»¼åˆ.png,1.750,未分组,,,,无音频
æµ·å—è‡ªè´¸,https://migu.188766.xyz/?migutoken=2aa086d57fcaab0b7c101e7b1794e085&id=hn_jjpd&type=sz,网络源,æµ·å—è‡ªè´¸.png,0.614,未分组,h264,1920x1080,28.0,有音频
è¿äº‘æ¸¯æ–°é—»ç»¼åˆ,https://migu.188766.xyz/?migutoken=1b0d5ada0a7a68f9bc0ad66f4464a69d&id=%E8%BF%9E%E4%BA%91%E6%B8%AF%E6%96%B0%E9%97%BB%E7%BB%BC%E5%90%88&type=yy,网络源,è¿äº‘æ¸¯æ–°é—»ç»¼åˆ.png,0.590,未分组,h264,1920x1080,28.0,有音频
åŒ—äº¬ç”Ÿæ´»,https://migu.188766.xyz/?migutoken=ebac33487fb14297e10f0a7f96677c9d&id=%E5%8C%97%E4%BA%ACi%E7%94%9F%E6%B4%BB&type=yy,网络源,åŒ—äº¬ç”Ÿæ´».png,0.596,未分组,h264,1920x1080,28.0,有音频
æ¹–åŒ—ç”Ÿæ´»,https://stream1.freetv.fun/hu-bei-sheng-huo-2.m3u8,网络源,æ¹–åŒ—ç”Ÿæ´».png,1.795,未分组,,,,无音频
è±¡å±±ç»¼åˆ,http://l.cztvcloud.com/channels/lantian/SXxiangshan1/720p.m3u8?zzhed,网络源,è±¡å±±ç»¼åˆ.png,2.477,未分组,h264,1280x720,25.0,有音频
æ´å¤´ç»¼åˆ,http://l.cztvcloud.com/channels/lantian/SXdongtou1/720p.m3u8,网络源,æ´å¤´ç»¼åˆ.png,2.077,未分组,h264,720x540,25.0,有音频
è¯¸æš¨æ–°é—»ç»¼åˆ,https://l.cztvcloud.com/channels/lantian/SXzhuji3/720p.m3u8,网络源,è¯¸æš¨æ–°é—»ç»¼åˆ.png,4.444,未分组,h264,1920x1080,50.0,有音频
æµ·å—æ–°é—»,https://migu.188766.xyz/?migutoken=fceb1726ee943a82a3cd774026abb877&id=hn_xwpd&type=sz,网络源,æµ·å—æ–°é—».png,0.621,未分组,h264,1920x1080,28.0,有音频
å“ˆå“ˆç‚«åŠ¨,http://120.238.94.10:9901/tsfile/live/1037_1.m3u8,网络源,å“ˆå“ˆç‚«åŠ¨.png,6.672,未分组,h264,720x576,25.0,有音频
è¯¸æš¨æ–°é—»ç»¼åˆ,http://l.cztvcloud.com/channels/lantian/SXzhuji3/720p.m3u8?zzhed,网络源,è¯¸æš¨æ–°é—»ç»¼åˆ.png,2.169,未分组,h264,1920x1080,50.0,有音频
ä¸Šæµ·éƒ½å¸‚,https://stream1.freetv.fun/ipv6-shang-hai-du-shi-3.m3u8,网络源,ä¸Šæµ·éƒ½å¸‚.png,1.989,未分组,,,,无音频
å™å·æ–°é—»ç»¼åˆ,http://pili-live-hls.ybcxjd.com/jdh-live/2108111201035597.m3u8?zsicd,网络源,å™å·æ–°é—»ç»¼åˆ.png,13.746,未分组,,,,无音频
æ¹–å—éƒ½å¸‚,https://stream1.freetv.fun/hu-nan-du-shi-6.ctv,网络源,æ¹–å—éƒ½å¸‚.png,2.410,未分组,,,,无音频
ç¦å»ºå°‘å„¿,https://stream1.freetv.fun/fu-jian-shao-er-2.m3u8,网络源,ç¦å»ºå°‘å„¿.png,1.767,未分组,,,,无音频
ä½™æ­ç»¼åˆ,http://l.cztvcloud.com/channels/lantian/SXyuhang1/720p.m3u8?zzhed,网络源,ä½™æ­ç»¼åˆ.png,2.363,未分组,h264,1920x1080,25.0,有音频
æ­¦æ±‰æ•™è‚²,https://stream1.freetv.fun/wu-yi-jiao-yu-8.m3u8,网络源,æ­¦æ±‰æ•™è‚².png,2.024,未分组,,,,无音频
æ— é”¡ç»æµ,http://43.251.226.89:8080/play/527.m3u8,网络源,æ— é”¡ç»æµ.png,1.041,未分组,,,,无音频
æ±Ÿè‹å½±è§†,https://migu.188766.xyz/?migutoken=91756b74eb13850e4c87b15c25817e42&id=%E6%B1%9F%E8%8B%8F%E5%BD%B1%E8%A7%86%E9%A2%91%E9%81%93&type=yy,网络源,æ±Ÿè‹å½±è§†.png,0.577,未分组,h264,1920x1080,28.0,有音频
åº†å…ƒç»¼åˆ,http://l.cztvcloud.com/channels/lantian/SXqingyuan1/720p.m3u8?zzhed?,网络源,åº†å…ƒç»¼åˆ.png,2.194,未分组,h264,1920x1080,25.0,有音频
ç¬¬ä¸€è´¢ç»,http://satellitepull.cnr.cn/live/wx32dycjgb/playlist.m3u8,网络源,ç¬¬ä¸€è´¢ç».png,4.023,未分组,,,,有音频
è¡¡é˜³æ–°é—»ç»¼åˆ,https://liveplay-srs.voc.com.cn/hls/tv/183_554704.m3u8,网络源,è¡¡é˜³æ–°é—»ç»¼åˆ.png,18.945,未分组,h264,800x480,25.0,有音频
ä¸Šæµ·éƒ½å¸‚,https://stream1.freetv.fun/shang-hai-du-shi-10.m3u8,网络源,ä¸Šæµ·éƒ½å¸‚.png,2.221,未分组,,,,无音频
äº‘éœ„ç»¼åˆ,http://live.zzyxxw.com:85/live/xwzh.m3u8,网络源,äº‘éœ„ç»¼åˆ.png,1.810,未分组,h264,1920x1080,25.0,有音频
æ¹–å·å…¬å…±,https://stream1.freetv.fun/hu-zhou-gong-gong-3.m3u8,网络源,æ¹–å·å…¬å…±.png,2.196,未分组,h264,1280x720,25.0,有音频
æ¹–å—ç»è§†,https://stream1.freetv.fun/hu-nan-jing-shi-4.m3u8,网络源,æ¹–å—ç»è§†.png,1.851,未分组,,,,无音频
ç¦å»ºæ–°é—»,https://stream1.freetv.fun/fu-jian-xin-wen-5.m3u8,网络源,ç¦å»ºæ–°é—».png,1.738,未分组,,,,无音频
å¹¿è¥¿æ–°é—»,http://38.75.136.137:98/gslb/dsdqpub/gxxw.m3u8?auth=testpub,网络源,å¹¿è¥¿æ–°é—».png,0.496,未分组,h264,1920x1080,25.0,有音频
åŒ—äº¬è´¢ç»,https://migu.188766.xyz/?migutoken=cc53eb44d2b32d63d359c351275b9ae6&id=%E5%8C%97%E4%BA%AC%E8%B4%A2%E7%BB%8F&type=yy,网络源,åŒ—äº¬è´¢ç».png,0.603,未分组,h264,1920x1080,28.0,有音频
é’å·ç»¼åˆ,http://qcfile.qcrmt.com/nmip-media/channellive/channel100933/playlist.m3u8,网络源,é’å·ç»¼åˆ.png,2.935,未分组,h264,1920x1080,,有音频
ç¦å»ºç»æµ,http://satellitepull.cnr.cn/live/wx32fjdnjjgb/playlist.m3u8,网络源,ç¦å»ºç»æµ.png,5.120,未分组,,,,有音频
è†é—¨æ–°é—»ç»¼åˆ,https://stream1.freetv.fun/jing-men-xin-wen-zong-he-3.m3u8,网络源,è†é—¨æ–°é—»ç»¼åˆ.png,2.622,未分组,h264,1920x1080,25.0,有音频
åµŠæ³—ç»¼åˆ,http://l.cztvcloud.com/channels/lantian/SXshengsi1/720p.m3u8,网络源,åµŠæ³—ç»¼åˆ.png,1.944,未分组,h264,720x576,25.0,有音频
æ¥å®¾ç»¼åˆ,http://zb.gxlbamc.com:1935/live/lbzh.stream/playlist.m3u8,网络源,æ¥å®¾ç»¼åˆ.png,5.001,未分组,h264,1920x1080,25.0,有音频
æ¹–å—ç”µè§†å‰§,https://stream1.freetv.fun/hu-nan-dian-shi-ju-10.ctv,网络源,æ¹–å—ç”µè§†å‰§.png,1.968,未分组,,,,无音频
è¾½å®ç”Ÿæ´»,https://stream1.freetv.fun/liao-zhu-sheng-huo-1.m3u8,网络源,è¾½å®ç”Ÿæ´».png,1.762,未分组,,,,无音频
å¹¿è¥¿å›½é™…,https://tv.gxtv.cn/channel/channelivePlay_bfa17b64157f11e999f0e41f13b60c62.html,网络源,å¹¿è¥¿å›½é™….png,1.326,未分组,,,,无音频
ä¸Šæµ·éƒ½å¸‚,https://stream1.freetv.fun/ipv6-shang-hai-du-shi-8.m3u8,网络源,ä¸Šæµ·éƒ½å¸‚.png,1.941,未分组,,,,无音频
å¹¿å…ƒç»¼åˆ,https://stream1.freetv.fun/yan-yuan-zong-he-1.m3u8,网络源,å¹¿å…ƒç»¼åˆ.png,1.964,未分组,,,,无音频
è±¡å±±æ–°é—»ç»¼åˆ,http://l.cztvcloud.com/channels/lantian/SXxiangshan1/720p.m3u8,网络源,è±¡å±±æ–°é—»ç»¼åˆ.png,2.131,未分组,h264,1280x720,25.0,有音频
åŠ¨æ¼«ç§€åœº,https://stream1.freetv.fun/ipv6-dong-man-xiu-chang-11.m3u8,网络源,åŠ¨æ¼«ç§€åœº.png,1.972,未分组,,,,无音频
ç»å…´æ–‡åŒ–å½±é™¢,http://live.shaoxing.com.cn/video/s10001-sxtv3/index.m3u8?zzhed,网络源,ç»å…´æ–‡åŒ–å½±é™¢.png,2.711,未分组,h264,1280x720,25.0,有音频
ä¸œæ–¹å½±è§†,https://stream1.freetv.fun/dong-fang-ying-shi-12.m3u8,网络源,ä¸œæ–¹å½±è§†.png,2.507,未分组,,,,无音频
åµŠæ³—ç»¼åˆ,https://stream1.freetv.fun/sheng-zhou-xin-wen-zong-he-2.ctv,网络源,åµŠæ³—ç»¼åˆ.png,1.817,未分组,,,,无音频
é¾™å²©ç»¼åˆ,http://8.138.7.223/tv/fjtv1.php?id=ly1,网络源,é¾™å²©ç»¼åˆ.png,5.121,未分组,,,,无音频
æ¹–å—å¨±ä¹,https://stream1.freetv.fun/hu-nan-yu-le-9.ctv,网络源,æ¹–å—å¨±ä¹.png,1.812,未分组,,,,无音频
ç»å…´å…¬å…±,http://live.shaoxing.com.cn/video/s10001-sxtv2/index.m3u8,网络源,ç»å…´å…¬å…±.png,3.217,未分组,h264,1280x720,30.0,有音频
æµ·å®æ–°é—»ç»¼åˆ,https://p2hs.vzan.com/slowlive/317913155078575177/live.m3u8?zbid=293304&tpid=1708007815,网络源,æµ·å®æ–°é—»ç»¼åˆ.png,3.108,未分组,h264,1280x720,25.0,有音频
æµ·å®æ–°é—»ç»¼åˆ,https://p2hs.vzan.com/slowlive/317913155078575177/live.m3u8,网络源,æµ·å®æ–°é—»ç»¼åˆ.png,3.580,未分组,h264,1280x720,25.0,有音频
æ¾é˜³ç»¼åˆ,http://l.cztvcloud.com/channels/lantian/SXsongyang1/720p.m3u8?zzhed?,网络源,æ¾é˜³ç»¼åˆ.png,5.463,未分组,h264,1920x1080,25.0,有音频
è§å±±æ–°é—»ç»¼åˆ,http://l.cztvcloud.com/channels/lantian/SXxiaoshan1/720p.m3u8?cWlkPSZzPTg3OWMwYmMyZDMzYTFhZGY3NDQxMjgyYTg1MmUzNTY0JmVzPTE3MDY2Nzc4NzMmdXVpZD0yMjdiY2MzNGNiNGY0MThlYjRiY2IxYzcwNmZjODNkMS02NzQ3NDY2NyZ2PTImYXM9MCZjZG5leF9pZD10eF9waG9uZV9saXZl,网络源,è§å±±æ–°é—»ç»¼åˆ.png,2.485,未分组,h264,1280x720,25.0,有音频
ä¸œæ–¹å½±è§†,https://www.freetv.top/migu/617290047.m3u8?migutoken=86c02ad0875d5cc49d77bcc8bdb628f2c9d508ffc323b964a03c8f92dde4afafa0345cf5a8fefbdf915c748e3d11c6c18e27ae1e21a609cec31a45e6c437db26a7a243625f9cf35c271171a22c,网络源,ä¸œæ–¹å½±è§†.png,0.938,未分组,h264,1920x1080,30.0,有音频
ç¦å»ºç”µè§†å‰§,http://8.138.7.223/tv/fjtv1.php?id=fjdsj,网络源,ç¦å»ºç”µè§†å‰§.png,5.081,未分组,,,,无音频
æ–°é—»ç»¼åˆ,https://stream1.freetv.fun/xin-wen-zong-he-13.m3u8,网络源,æ–°é—»ç»¼åˆ.png,1.877,未分组,,,,无音频
ä¸Šæµ·ç¬¬ä¸€è´¢ç»,https://migu.188766.xyz/?migutoken=4d3493b3ed45588580c37f3b181235f2&id=dycj&type=sz,网络源,ä¸Šæµ·ç¬¬ä¸€è´¢ç».png,0.588,未分组,h264,1920x1080,28.0,有音频
ä¸Šæµ·æ–°é—»ç»¼åˆ,https://migu.188766.xyz/?migutoken=2da6fc3ee5600c20fc3a1ec99a5f510d&id=%E4%B8%8A%E6%B5%B7%E6%96%B0%E9%97%BB%E7%BB%BC%E5%90%88&type=yy,网络源,ä¸Šæµ·æ–°é—»ç»¼åˆ.png,0.672,未分组,h264,1920x1080,28.0,有音频
ä¸Šè™æ–°å•†éƒ½,https://stream1.freetv.fun/shang-yu-xin-shang-du-2.m3u8,网络源,ä¸Šè™æ–°å•†éƒ½.png,4.439,未分组,h264,1920x1080,25.0,有音频
æ­å·æ˜ç,https://stream1.freetv.fun/hang-zhou-ming-zhu-1.ctv,网络源,æ­å·æ˜ç .png,1.958,未分组,,,,无音频
ç¦å»ºæ–‡ä½“,http://8.138.7.223/tv/fjtv1.php?id=fjwt,网络源,ç¦å»ºæ–‡ä½“.png,5.101,未分组,,,,无音频
è‹å—æ–°é—»ç»¼åˆ,https://stream1.freetv.fun/cang-nan-xin-wen-zong-he-4.ctv,网络源,è‹å—æ–°é—»ç»¼åˆ.png,2.003,未分组,,,,无音频
è‹å—æ–°é—»ç»¼åˆ,https://stream1.freetv.fun/cang-nan-xin-wen-zong-he-1.m3u8,网络源,è‹å—æ–°é—»ç»¼åˆ.png,3.204,未分组,h264,1920x1080,25.0,有音频
è‹å·æ–‡åŒ–ç”Ÿæ´»,https://stream1.freetv.fun/su-zhou-wen-hua-sheng-huo-2.m3u8,网络源,è‹å·æ–‡åŒ–ç”Ÿæ´».png,1.803,未分组,,,,无音频
å¹¿å…ƒå…¬å…±,https://m3u8.channel.dzsm.com/nmip-media/channellive/channel101257/playlist.m3u8,网络源,å¹¿å…ƒå…¬å…±.png,6.805,未分组,h264,1280x720,25.0,有音频
ä¸Šè™æ–°å•†éƒ½,https://stream1.freetv.fun/shang-yu-xin-shang-du-5.m3u8,网络源,ä¸Šè™æ–°å•†éƒ½.png,2.064,未分组,,,,无音频
ä¸Šæµ·å¤–è¯­,http://www.wmviv.com/iptv/bc2t.php?id=shics,网络源,ä¸Šæµ·å¤–è¯­.png,0.743,未分组,,,,无音频
äº•ç ”ç»¼åˆ,http://tvfile.jyrmt.cn/nmip-media/channellive/channel104452/playlist.m3u8,网络源,äº•ç ”ç»¼åˆ.png,6.788,未分组,h264,1920x1080,25.0,有音频
æµ™æ±Ÿæ°‘ç”Ÿä¼‘é—²,http://ali-vl.cztv.com/channels/lantian/channel006/360p.m3u8,网络源,æµ™æ±Ÿæ°‘ç”Ÿä¼‘é—².png,1.924,未分组,h264,640x360,25.0,有音频
å—å®å½±è§†å¨±ä¹,https://stream1.freetv.fun/nan-zhu-ying-shi-yu-le-3.m3u8,网络源,å—å®å½±è§†å¨±ä¹.png,3.795,未分组,h264,1280x720,25.0,有音频
æµ™æ±Ÿæ°‘ç”Ÿä¼‘é—²,https://stream1.freetv.fun/zhe-jiang-min-sheng-10.m3u8,网络源,æµ™æ±Ÿæ°‘ç”Ÿä¼‘é—².png,2.006,未分组,,,,无音频
é–æ±Ÿæ–°é—»ç»¼åˆ,https://stream1.freetv.fun/jing-jiang-xin-wen-zong-he-1.m3u8,网络源,é–æ±Ÿæ–°é—»ç»¼åˆ.png,2.135,未分组,,,,无音频
æ­¦æ±‰æ–‡ä½“,http://171.83.103.119:9999/rtp/239.69.1.147:10518,网络源,æ­¦æ±‰æ–‡ä½“.png,1.410,未分组,h264,1920x1080,25.0,有音频
è¿äº‘æ¸¯æ–°é—»ç»¼åˆ,https://stream1.freetv.fun/lian-yun-gang-xin-wen-zong-he-3.ctv,网络源,è¿äº‘æ¸¯æ–°é—»ç»¼åˆ.png,1.759,未分组,,,,无音频
è†é—¨æ–°é—»ç»¼åˆ,https://stream1.freetv.fun/jing-men-xin-wen-zong-he-4.m3u8,网络源,è†é—¨æ–°é—»ç»¼åˆ.png,2.302,未分组,h264,1920x1080,25.0,有音频
å¥å®¹å…šå»º,http://jrlive.jrntv.com:80/live/dangjian/playlist.m3u8,网络源,å¥å®¹å…šå»º.png,6.267,未分组,h264,1280x720,25.0,有音频
æ¹–å—éƒ½å¸‚,https://stream1.freetv.fun/hu-nan-du-shi-1.m3u8,网络源,æ¹–å—éƒ½å¸‚.png,0.991,未分组,,,,无音频
ä¸Šè™æ–°å•†éƒ½,https://stream1.freetv.fun/shang-yu-xin-shang-du-4.m3u8,网络源,ä¸Šè™æ–°å•†éƒ½.png,2.213,未分组,,,,无音频
é¾™æ¸¸ç”Ÿæ´»å¨±ä¹,https://l.cztvcloud.com/channels/lantian/SXlongyou2/720p.m3u8,网络源,é¾™æ¸¸ç”Ÿæ´»å¨±ä¹.png,3.904,未分组,h264,1280x720,25.0,有音频
ç»å…´å…¬å…±,http://live.shaoxing.com.cn/video/s10001-sxtv2/index.m3u8?zzhed,网络源,ç»å…´å…¬å…±.png,2.251,未分组,h264,1280x720,30.0,有音频
å¹³æ¹–æ–°é—»ç»¼åˆ,http://play-sh13.quklive.com/live/1690167908295069.m3u8?auth_key=2027466211-f190eec410c24473825cbe1d8541e545-0-f21db57ae1b534802c1cf7be86cc3aef,网络源,å¹³æ¹–æ–°é—»ç»¼åˆ.png,1.804,未分组,h264,1280x720,25.0,有音频
åŒ—äº¬ç”Ÿæ´»,https://migu.188766.xyz/?migutoken=136fbb78e4d83281d95615b20e411bed&id=%E5%8C%97%E4%BA%ACi%E7%94%9F%E6%B4%BB&type=yy,网络源,åŒ—äº¬ç”Ÿæ´».png,0.608,未分组,h264,1920x1080,28.0,有音频
å¾·é˜³æ–°é—»ç»¼åˆ,https://stream1.freetv.fun/de-yang-xin-wen-zong-he-1.m3u8,网络源,å¾·é˜³æ–°é—»ç»¼åˆ.png,1.777,未分组,,,,无音频
æ–‡æˆç»¼åˆ,http://l.cztvcloud.com/channels/lantian/SXwencheng1/720p.m3u8?zzhed,网络源,æ–‡æˆç»¼åˆ.png,2.107,未分组,h264,1280x720,25.0,有音频
æ¹–å—å…¬å…±,https://stream1.freetv.fun/hu-nan-gong-gong-7.ctv,网络源,æ¹–å—å…¬å…±.png,1.738,未分组,,,,无音频
å®¿è¿å…¬å…±,http://iptv.666230.xyz/iptv/jsyd.php/G_SQGG,网络源,å®¿è¿å…¬å…±.png,0.104,未分组,,,,无音频
åº†å…ƒç»¼åˆ,http://l.cztvcloud.com/channels/lantian/SXqingyuan1/720p.m3u8,网络源,åº†å…ƒç»¼åˆ.png,2.882,未分组,h264,1920x1080,25.0,有音频
æ¹–åŒ—ç”Ÿæ´»,https://stream1.freetv.fun/hu-bei-sheng-huo-4.ctv,网络源,æ¹–åŒ—ç”Ÿæ´».png,1.762,未分组,,,,无音频
ç¦å»ºæ–°é—»,https://stream1.freetv.fun/fu-jian-xin-wen-4.m3u8,网络源,ç¦å»ºæ–°é—».png,1.736,未分组,,,,无音频
æ¼³å·æ–°é—»ç»¼åˆ,http://8.138.7.223/tv/fjtv1.php?id=zz1,网络源,æ¼³å·æ–°é—»ç»¼åˆ.png,5.144,未分组,,,,无音频
å—å®æ–°é—»ç»¼åˆ,https://stream1.freetv.fun/nan-zhu-xin-wen-zong-he-4.m3u8,网络源,å—å®æ–°é—»ç»¼åˆ.png,2.037,未分组,,,,无音频
é–æ±Ÿæ–°é—»ç»¼åˆ,http://ls.qingting.fm/live/23797.m3u8,网络源,é–æ±Ÿæ–°é—»ç»¼åˆ.png,1.533,未分组,,,,有音频
æ¾é˜³ç»¼åˆ,http://l.cztvcloud.com/channels/lantian/SXsongyang1/720p.m3u8?fbl=,网络源,æ¾é˜³ç»¼åˆ.png,2.858,未分组,h264,1920x1080,25.0,有音频
æ­¦æ±‰æ•™è‚²,https://stream1.freetv.fun/wu-yi-jiao-yu-13.ctv,网络源,æ­¦æ±‰æ•™è‚².png,1.754,未分组,,,,无音频
è¥å±±ç”µè§†å°,http://file.ysxtv.cn/cms/videos/nmip-media/channellive/channel4/playlist.m3u8?zsicd#http://file.ysxtv.cn/cms/videos/nmip-media/channellive/channel4/playlist.m3u8,网络源,è¥å±±ç”µè§†å°.png,3.190,未分组,h264,1280x720,,有音频
è“¬å®‰æ–°é—»ç»¼åˆ,https://stream1.freetv.fun/peng-an-xin-wen-zong-he-2.m3u8,网络源,è“¬å®‰æ–°é—»ç»¼åˆ.png,1.746,未分组,,,,无音频
ç¦å»ºç»¼åˆ,https://stream1.freetv.fun/fu-jian-zong-he-6.m3u8,网络源,ç¦å»ºç»¼åˆ.png,1.876,未分组,,,,无音频
é›…å®‰æ–°é—»ç»¼åˆ,https://play.yunxya.com/channellive/xinwen.m3u8,网络源,é›…å®‰æ–°é—»ç»¼åˆ.png,7.284,未分组,h264,1920x1080,25.0,有音频
ä¼˜æ¼«å¡é€š,https://stream1.freetv.fun/you-man-qia-tong-11.m3u8,网络源,ä¼˜æ¼«å¡é€š.png,2.011,未分组,,,,无音频
ä¸‰æ˜æ–°é—»ç»¼åˆ,http://ls.qingting.fm/live/4885.m3u8,网络源,ä¸‰æ˜æ–°é—»ç»¼åˆ.png,2.351,未分组,,,,有音频
ä¸Šæµ·éƒ½å¸‚,https://stream1.freetv.fun/ipv6-shang-hai-du-shi-4.m3u8,网络源,ä¸Šæµ·éƒ½å¸‚.png,1.915,未分组,,,,无音频
ä¸œæ–¹å½±è§†,http://www.wmviv.com/iptv/bc2t.php?id=dfys,网络源,ä¸œæ–¹å½±è§†.png,0.562,未分组,,,,无音频
ç»å…´å…¬å…±,https://stream1.freetv.fun/shao-xing-gong-gong-2.m3u8,网络源,ç»å…´å…¬å…±.png,2.200,未分组,h264,1280x720,30.0,有音频
ç»å…´ç”µè§†å°å…¬å…±,http://live.shaoxing.com.cn/video/s10001-sxtv2/index.m3u8?%E5%85%B3%E6%B3%A8%E5%BE%AE%E4%BF%A1%E5%85%AC%E4%BC%97%E5%8F%B7[%E6%99%B4%E5%9B%AD],网络源,ç»å…´ç”µè§†å°å…¬å…±.png,2.163,未分组,h264,1280x720,30.0,有音频
æ±Ÿæ´¥æ–°é—»ç»¼åˆ,http://222.179.155.21:1935/ch1.m3u8?zzhongqd,网络源,æ±Ÿæ´¥æ–°é—»ç»¼åˆ.png,6.610,未分组,h264,1920x1080,25.0,有音频
æµ·å—è‡ªè´¸,https://migu.188766.xyz/?migutoken=2795391bf2380a7870585be391603d6a&id=hn_jjpd&type=sz,网络源,æµ·å—è‡ªè´¸.png,0.586,未分组,h264,1920x1080,28.0,有音频
å¥å®¹å…šå»º,http://43.251.226.89:8080/play/533.m3u8,网络源,å¥å®¹å…šå»º.png,6.321,未分组,h264,1920x1080,50.0,有音频
ç¦å»ºæ–°é—»,https://stream1.freetv.fun/fu-jian-xin-wen-1.m3u8,网络源,ç¦å»ºæ–°é—».png,2.370,未分组,,,,无音频
æ¹–å·å…¬å…±,https://stream1.freetv.fun/hu-zhou-gong-gong-1.m3u8,网络源,æ¹–å·å…¬å…±.png,2.327,未分组,h264,1280x720,25.0,有音频
æ–°é—»ç»¼åˆ,https://stream1.freetv.fun/xin-wen-zong-he-3.m3u8,网络源,æ–°é—»ç»¼åˆ.png,1.981,未分组,,,,无音频
è§å±±æ–°é—»ç»¼åˆ,https://stream1.freetv.fun/xiao-shan-xin-wen-zong-he-2.m3u8,网络源,è§å±±æ–°é—»ç»¼åˆ.png,2.837,未分组,h264,1280x720,25.0,有音频
é‡åº†æ±½æ‘©,http://183.64.181.25:40023/rongchang01.m3u8?%E5%85%B3%E6%B3%A8%E5%BE%AE%E4%BF%A1%E5%85%AC%E4%BC%97%E5%8F%B7[%E6%99%B4%E5%9B%AD],网络源,é‡åº†æ±½æ‘©.png,3.362,未分组,h264,720x404,25.0,有音频
åŒ—äº¬æ–°é—»,https://brtv-radiolive.rbc.cn/alive/fm945.m3u8,网络源,åŒ—äº¬æ–°é—».png,2.718,未分组,,,,有音频
æ¹–å—ç»è§†,https://stream1.freetv.fun/hu-nan-jing-shi-10.ctv,网络源,æ¹–å—ç»è§†.png,1.933,未分组,,,,无音频
åŒ—äº¬è´¢ç»,https://migu.188766.xyz/?migutoken=c8b534aec73742e548cb389e18d991a8&id=%E5%8C%97%E4%BA%AC%E8%B4%A2%E7%BB%8F&type=yy,网络源,åŒ—äº¬è´¢ç».png,0.826,未分组,h264,1920x1080,28.0,有音频
æµ™æ±Ÿå°‘å„¿,http://ali-m-l.cztv.com/channels/lantian/channel008/1080p.m3u8,网络源,æµ™æ±Ÿå°‘å„¿.png,2.353,未分组,h264,1920x1080,25.0,有音频
é¾™æ¸¸ç”Ÿæ´»å¨±ä¹,http://l.cztvcloud.com/channels/lantian/SXlongyou2/720p.m3u8?zzhed,网络源,é¾™æ¸¸ç”Ÿæ´»å¨±ä¹.png,2.874,未分组,h264,1280x720,25.0,有音频
å¾·é˜³æ–°é—»ç»¼åˆ,https://stream1.freetv.fun/de-yang-xin-wen-zong-he-2.m3u8,网络源,å¾·é˜³æ–°é—»ç»¼åˆ.png,1.743,未分组,,,,无音频
æ´å¤´ç»¼åˆ,http://l.cztvcloud.com/channels/lantian/SXdongtou1/720p.m3u8?zzhed?,网络源,æ´å¤´ç»¼åˆ.png,2.229,未分组,h264,720x540,25.0,有音频
é™•è¥¿éƒ½å¸‚é’æ˜¥,http://112.46.105.20:8009/hls/19/index.m3u8,网络源,é™•è¥¿éƒ½å¸‚é’æ˜¥.png,3.902,未分组,h264,720x576,50.0,有音频
æ­å·å½±è§†,https://stream1.freetv.fun/hang-zhou-ying-shi-2.ctv,网络源,æ­å·å½±è§†.png,2.629,未分组,,,,无音频
å¹¿å…ƒç»¼åˆ,https://stream1.freetv.fun/yan-yuan-zong-he-2.ctv,网络源,å¹¿å…ƒç»¼åˆ.png,1.989,未分组,,,,无音频
ç¦å»ºç»æµ,https://stream1.freetv.fun/fu-jian-jing-ji-6.m3u8,网络源,ç¦å»ºç»æµ.png,1.788,未分组,,,,无音频
åŒ—äº¬æ–°é—»,https://migu.188766.xyz/?migutoken=aa827c67c33e323973b297f53ce3ec84&id=%E5%8C%97%E4%BA%AC%E6%96%B0%E9%97%BB&type=yy,网络源,åŒ—äº¬æ–°é—».png,0.594,未分组,h264,1920x1080,28.0,有音频
å—å®å½±è§†å¨±ä¹,https://stream1.freetv.fun/nan-zhu-ying-shi-yu-le-4.m3u8,网络源,å—å®å½±è§†å¨±ä¹.png,1.737,未分组,,,,无音频
æ¶Ÿæ°´ç”µè§†å°ç»¼åˆ,"http://lianshui-tv-hls.cm.jstv.com/lianshui-tv/lsxw.m3u8?zjiangsd,",网络源,æ¶Ÿæ°´ç”µè§†å°ç»¼åˆ.png,0.901,未分组,,,,无音频
è¾½å®ç»æµ,https://stream1.freetv.fun/liao-zhu-jing-ji-2.m3u8,网络源,è¾½å®ç»æµ.png,1.987,未分组,,,,无音频
ä½™æ­ç»¼åˆ,http://l.cztvcloud.com/channels/lantian/SXyuhang1/720p.m3u8,网络源,ä½™æ­ç»¼åˆ.png,2.166,未分组,h264,1920x1080,25.0,有音频
ä¸Šè™æ–‡åŒ–å½±é™¢,http://l.cztvcloud.com/channels/lantian/SXshangyu2/720p.m3u8,网络源,ä¸Šè™æ–‡åŒ–å½±é™¢.png,2.575,未分组,h264,1920x1080,25.0,有音频
åº†å…ƒç»¼åˆ,http://l.cztvcloud.com/channels/lantian/SXqingyuan1/720p.m3u8?fbl=,网络源,åº†å…ƒç»¼åˆ.png,2.932,未分组,h264,1920x1080,25.0,有音频
æ¹–åŒ—å„ä¸Š,https://stream1.freetv.fun/hu-bei-long-shang-1.ctv,网络源,æ¹–åŒ—å„ä¸Š.png,1.744,未分组,,,,无音频
ä¸Šè™æ–‡åŒ–å½±é™¢,http://l.cztvcloud.com/channels/lantian/SXshangyu2/720p.m3u8?zzhed,网络源,ä¸Šè™æ–‡åŒ–å½±é™¢.png,2.260,未分组,h264,1920x1080,25.0,有音频
æµ™æ±Ÿæ•™ç§‘å½±è§†,http://ali-m-l.cztv.com/channels/lantian/channel04/1080p.m3u8,网络源,æµ™æ±Ÿæ•™ç§‘å½±è§†.png,2.069,未分组,h264,1920x1080,25.0,有音频
è‹å—æ–°é—»ç»¼åˆ,https://stream1.freetv.fun/cang-nan-xin-wen-zong-he-3.m3u8,网络源,è‹å—æ–°é—»ç»¼åˆ.png,2.517,未分组,,,,无音频
åŠ¨æ¼«ç§€åœº,https://stream1.freetv.fun/dong-man-xiu-chang-9.ctv,网络源,åŠ¨æ¼«ç§€åœº.png,2.393,未分组,,,,无音频
æµ™æ±Ÿå°‘å„¿,https://stream1.freetv.fun/zhe-jiang-shao-er-4.m3u8,网络源,æµ™æ±Ÿå°‘å„¿.png,1.926,未分组,,,,无音频
æµ·å—è‡ªè´¸,https://migu.188766.xyz/?migutoken=4d8834d7ea1adc0f097aa6a031305918&id=hn_jjpd&type=sz,网络源,æµ·å—è‡ªè´¸.png,0.753,未分组,h264,1920x1080,28.0,有音频
ç¦å»ºå°‘å„¿,http://8.138.7.223/tv/fjtv1.php?id=fjse,网络源,ç¦å»ºå°‘å„¿.png,4.999,未分组,,,,无音频
å¦é—¨å«è§†,http://38.75.136.137:98/gslb/dsdqpub/xmws.m3u8?auth=testpub,网络源,å¦é—¨å«è§†.png,0.462,未分组,h264,720x576,25.0,有音频
åå °æ–°é—»,https://stream1.freetv.fun/shi-yan-xin-wen-1.m3u8,网络源,åå °æ–°é—».png,2.063,未分组,,,,无音频
ç¦å»ºç”µè§†å‰§,https://stream1.freetv.fun/fu-jian-dian-shi-ju-6.m3u8,网络源,ç¦å»ºç”µè§†å‰§.png,1.746,未分组,,,,无音频
æµ·å—æ–°é—»,https://migu.188766.xyz/?migutoken=98fdcff69572bc92b5e7bcf3e90854a5&id=hn_xwpd&type=sz,网络源,æµ·å—æ–°é—».png,0.616,未分组,h264,1920x1080,28.0,有音频
æ­¦æ±‰æ–‡ä½“,http://www.hiliu.myds.me:18088/rtp/239.69.1.147:10518,网络源,æ­¦æ±‰æ–‡ä½“.png,6.955,未分组,h264,1920x1080,25.0,有音频
å®œå…´æ–°é—»,http://yixing-tv-ori-hls.jstv.com/yixing-tv-ori/yixing_xw.m3u8,网络源,å®œå…´æ–°é—».png,1.141,未分组,h264,1280x720,25.0,有音频
ä¸Šè™æ–°å•†éƒ½,http://l.cztvcloud.com/channels/lantian/SXshangyu3/720p.m3u8?zzhed?,网络源,ä¸Šè™æ–°å•†éƒ½.png,2.279,未分组,h264,1920x1080,25.0,有音频
æ–‡æˆç»¼åˆ,http://l.cztvcloud.com/channels/lantian/SXwencheng1/720p.m3u8?zzhed?,网络源,æ–‡æˆç»¼åˆ.png,2.126,未分组,h264,1280x720,25.0,有音频
è¡¢æ±Ÿæ–°é—»ç»¼åˆ,https://stream1.freetv.fun/qu-jiang-xin-wen-zong-he-1.m3u8,网络源,è¡¢æ±Ÿæ–°é—»ç»¼åˆ.png,2.145,未分组,,,,无音频
è“¬å®‰æ–°é—»ç»¼åˆ,https://stream1.freetv.fun/peng-an-xin-wen-zong-he-1.m3u8,网络源,è“¬å®‰æ–°é—»ç»¼åˆ.png,1.774,未分组,,,,无音频
åŒ—äº¬ç”Ÿæ´»,https://migu.188766.xyz/?migutoken=b5a17d96fc35fc63b25cc763a1785672&id=%E5%8C%97%E4%BA%ACi%E7%94%9F%E6%B4%BB&type=yy,网络源,åŒ—äº¬ç”Ÿæ´».png,0.589,未分组,h264,1920x1080,28.0,有音频
æµ·å—æ–°é—»,https://migu.188766.xyz/?migutoken=cbcc6f4915a3d5fd72f99084e5b3efd9&id=hn_xwpd&type=sz,网络源,æµ·å—æ–°é—».png,0.614,未分组,h264,1920x1080,28.0,有音频
æ±Ÿè‹æ•™è‚²,https://migu.188766.xyz/?migutoken=7033071779ec5fd7cf46066cc021214c&id=%E6%B1%9F%E8%8B%8F%E6%95%99%E8%82%B2&type=yy,网络源,æ±Ÿè‹æ•™è‚².png,0.614,未分组,h264,1920x1080,28.0,有音频
æµ·å—è‡ªè´¸,https://migu.188766.xyz/?migutoken=660a5548e95409c119145c54d487e47e&id=hn_jjpd&type=sz,网络源,æµ·å—è‡ªè´¸.png,0.609,未分组,h264,1920x1080,28.0,有音频
åŒ—äº¬æ–°é—»,https://satellitepull.cnr.cn/live/wxbjxwgb/playlist.m3u8,网络源,åŒ—äº¬æ–°é—».png,4.658,未分组,,,,有音频
ç¦å»ºç”µè§†å‰§,https://stream1.freetv.fun/fu-jian-dian-shi-ju-3.m3u8,网络源,ç¦å»ºç”µè§†å‰§.png,1.827,未分组,,,,无音频
æ— é”¡ç»æµ,http://43.251.226.89:8080/play/1047.m3u8,网络源,æ— é”¡ç»æµ.png,1.185,未分组,,,,无音频
ç¦å»ºç»æµ,https://stream1.freetv.fun/fu-jian-jing-ji-2.m3u8,网络源,ç¦å»ºç»æµ.png,1.741,未分组,,,,无音频
æµ™æ±Ÿå…¬å…±æ–°é—»,http://ali-m-l.cztv.com/channels/lantian/channel007/1080p.m3u8,网络源,æµ™æ±Ÿå…¬å…±æ–°é—».png,1.813,未分组,h264,1920x1080,25.0,有音频
å¹¿è¥¿æ–°é—»,https://t.freetv.fun/live/yan-xi-xin-wen.m3u8,网络源,å¹¿è¥¿æ–°é—».png,0.715,未分组,h264,1920x1080,25.0,有音频
è§å±±æ–°é—»ç»¼åˆ,https://stream1.freetv.fun/xiao-shan-xin-wen-zong-he-8.m3u8,网络源,è§å±±æ–°é—»ç»¼åˆ.png,2.086,未分组,,,,无音频
ç¦å»ºæ–°é—»,https://stream1.freetv.fun/fu-jian-xin-wen-6.m3u8,网络源,ç¦å»ºæ–°é—».png,2.954,未分组,,,,无音频
è±¡å±±ç»¼åˆ,http://play-sh13.quklive.com/live/1702360350551252.m3u8?auth_key=2037107484-800189c57a5a44d3b823b60cf84f6756-0-a6f6828a62d5c167cff5e68735fa0d39,网络源,è±¡å±±ç»¼åˆ.png,2.239,未分组,h264,1920x1080,25.0,有音频
æ¾é˜³ç»¼åˆ,http://l.cztvcloud.com/channels/lantian/SXsongyang1/720p.m3u8,网络源,æ¾é˜³ç»¼åˆ.png,2.905,未分组,h264,1920x1080,25.0,有音频
å¸¸å·å…¬å…±,http://iptv.666230.xyz/iptv/jsyd.php/jsczgonggong,网络源,å¸¸å·å…¬å…±.png,0.098,未分组,,,,无音频
å´‡æ˜ç”µè§†å°,https://pili-live-hls.wdit.com.cn/wditlive/c038f4fafbdf4f97ba74c74ad67259b931ee.m3u8,网络源,å´‡æ˜ç”µè§†å°.png,0.983,未分组,,,,无音频
ç¦å»ºç»æµ,https://stream1.freetv.fun/fu-jian-jing-ji-4.m3u8,网络源,ç¦å»ºç»æµ.png,1.820,未分组,,,,无音频
é¾™æ¸¸ç”Ÿæ´»å¨±ä¹,http://l.cztvcloud.com/channels/lantian/SXlongyou2/720p.m3u8,网络源,é¾™æ¸¸ç”Ÿæ´»å¨±ä¹.png,3.688,未分组,h264,1280x720,25.0,有音频
ä¸‰æ˜æ–°é—»ç»¼åˆ,https://ls.qingting.fm/live/5022100/64k.m3u8,网络源,ä¸‰æ˜æ–°é—»ç»¼åˆ.png,3.007,未分组,h264,,,有音频
åµŠæ³—ç»¼åˆ,https://stream1.freetv.fun/sheng-zhou-xin-wen-zong-he-1.m3u8,网络源,åµŠæ³—ç»¼åˆ.png,3.072,未分组,,,,无音频
ç»å…´å…¬å…±,http://live.shaoxing.com.cn/video/s10001-sxtv2/index.m3u8?,网络源,ç»å…´å…¬å…±.png,3.004,未分组,h264,1280x720,30.0,有音频
æ— é”¡ç”Ÿæ´»,https://stream.thmz.com/wxtv4/playlist.m3u8,网络源,æ— é”¡ç”Ÿæ´».png,6.408,未分组,,,,无音频
åŒ—äº¬è´¢ç»,https://migu.188766.xyz/?migutoken=3b13c5c5e624f786cc66b1a394b73802&id=%E5%8C%97%E4%BA%AC%E8%B4%A2%E7%BB%8F&type=yy,网络源,åŒ—äº¬è´¢ç».png,0.601,未分组,h264,1920x1080,28.0,有音频
æ³•æ²»å¤©åœ°,http://112.254.55.106:22222/rtp/239.253.254.96:8000,网络源,æ³•æ²»å¤©åœ°.png,1.732,未分组,h264,1920x1080,,有音频
æ¹–å—éƒ½å¸‚,https://stream1.freetv.fun/hu-nan-du-shi-12.ctv,网络源,æ¹–å—éƒ½å¸‚.png,1.743,未分组,,,,无音频
å¾·é˜³æ–°é—»ç»¼åˆ,https://stream1.freetv.fun/de-yang-xin-wen-zong-he-3.m3u8,网络源,å¾·é˜³æ–°é—»ç»¼åˆ.png,2.421,未分组,,,,无音频
ç¬¬ä¸€è´¢ç»,http://ls.qingting.fm/live/276.m3u8,网络源,ç¬¬ä¸€è´¢ç».png,1.713,未分组,,,,有音频
è‹å·æ–°é—»ç»¼åˆ,https://stream1.freetv.fun/su-zhou-xin-wen-zong-he-13.m3u8,网络源,è‹å·æ–°é—»ç»¼åˆ.png,2.231,未分组,,,,无音频
ç¬¬ä¸€è´¢ç»,https://stream1.freetv.fun/di-yi-cai-jing-13.m3u8,网络源,ç¬¬ä¸€è´¢ç».png,2.368,未分组,,,,无音频
ç¦å»ºç”µè§†å‰§,https://stream1.freetv.fun/fu-jian-dian-shi-ju-5.m3u8,网络源,ç¦å»ºç”µè§†å‰§.png,1.717,未分组,,,,无音频
æ— é”¡æ–°é—»ç»¼åˆ,http://stream.thmz.com/wxtv1/playlist.m3u8?_upt=156143371706166361,网络源,æ— é”¡æ–°é—»ç»¼åˆ.png,0.911,未分组,,,,无音频
æ­¦æ±‰æ•™è‚²,https://stream1.freetv.fun/wu-yi-jiao-yu-1.m3u8,网络源,æ­¦æ±‰æ•™è‚².png,1.980,未分组,,,,无音频
é•¿æ²™æ–°é—»ç»¼åˆ,http://ls.qingting.fm/live/4877.m3u8,网络源,é•¿æ²™æ–°é—»ç»¼åˆ.png,1.655,未分组,,,,有音频
æ°¸å˜‰æ–°é—»ç»¼åˆ,http://l.cztvcloud.com/channels/lantian/SXyongjia1/720p.m3u8,网络源,æ°¸å˜‰æ–°é—»ç»¼åˆ.png,3.058,未分组,h264,1920x1080,25.0,有音频
äº‘éœ„ç»¼åˆ,http://live.zzyxxw.com:85/live/xwzh.m3u8?fujian,网络源,äº‘éœ„ç»¼åˆ.png,1.741,未分组,h264,1920x1080,25.0,有音频
è¥ç»ç»¼åˆ,https://file.ysxtv.cn/nmip-media/channellive/channel101492/playlist.m3u8,网络源,è¥ç»ç»¼åˆ.png,7.899,未分组,h264,1280x720,25.0,有音频
è¡¢æ±Ÿæ–°é—»ç»¼åˆ,https://stream1.freetv.fun/qu-jiang-xin-wen-zong-he-1.ctv,网络源,è¡¢æ±Ÿæ–°é—»ç»¼åˆ.png,1.918,未分组,,,,无音频
çºªå®äººæ–‡,http://8.138.7.223/tv/shtv.php?id=xjs,网络源,çºªå®äººæ–‡.png,0.545,未分组,,,,无音频
æ¹–å—ç»è§†,https://stream1.freetv.fun/hu-nan-jing-shi-9.m3u8,网络源,æ¹–å—ç»è§†.png,1.827,未分组,,,,无音频
å—å®éƒ½å¸‚ç”Ÿæ´»,http://615bbf179ba53515dccad7b1da5d1ad9.livehwc3.cn/hls.nntv.cn/nnlive/WLSH_24.m3u8?sub_m3u8=true&edge_slice=true&user_session_id=2598844eaee8a4265e706fc14b3fc11d,网络源,å—å®éƒ½å¸‚ç”Ÿæ´».png,2.978,未分组,h264,1280x720,25.0,有音频
æ–°æ²‚æ–°é—»,"http://live.xysrmt.cn/xwzh/sd/live.m3u8?zjiangsd""",网络源,æ–°æ²‚æ–°é—».png,1.667,未分组,h264,1280x720,25.0,有音频
è†é—¨æ–°é—»ç»¼åˆ,https://stream1.freetv.fun/jing-men-xin-wen-zong-he-1.m3u8,网络源,è†é—¨æ–°é—»ç»¼åˆ.png,4.648,未分组,h264,1920x1080,25.0,有音频
ä¸Šæµ·éƒ½å¸‚,https://stream1.freetv.fun/ipv6-shang-hai-du-shi-5.m3u8,网络源,ä¸Šæµ·éƒ½å¸‚.png,2.625,未分组,,,,无音频
æ±Ÿè‹å½±è§†,https://migu.188766.xyz/?migutoken=a308c85adb0e5626191f1f92114fec1c&id=%E6%B1%9F%E8%8B%8F%E5%BD%B1%E8%A7%86%E9%A2%91%E9%81%93&type=yy,网络源,æ±Ÿè‹å½±è§†.png,0.596,未分组,h264,1920x1080,28.0,有音频
æ±Ÿè‹å½±è§†,http://z.b.bkpcp.top/m.php?id=jsys,网络源,æ±Ÿè‹å½±è§†.png,2.803,未分组,h264,854x480,25.0,有音频
æ°¸å˜‰æ–°é—»ç»¼åˆ,http://l.cztvcloud.com/channels/lantian/SXyongjia1/720p.m3u8?zzhed,网络源,æ°¸å˜‰æ–°é—»ç»¼åˆ.png,2.623,未分组,h264,1920x1080,25.0,有音频
æ±Ÿè‹åŸå¸‚,http://z.b.bkpcp.top/m.php?id=jscs,网络源,æ±Ÿè‹åŸå¸‚.png,3.187,未分组,h264,854x480,25.0,有音频
ç¦å»ºç»¼åˆ,https://stream1.freetv.fun/fu-jian-zong-he-3.m3u8,网络源,ç¦å»ºç»¼åˆ.png,2.056,未分组,,,,无音频
éƒ½å¸‚å‰§åœº,https://hls-gateway.vpstv.net/streams/708845.m3u8,网络源,éƒ½å¸‚å‰§åœº.png,0.138,未分组,,,,无音频
æ–‡æˆæ–°é—»ç»¼åˆ,http://l.cztvcloud.com/channels/lantian/SXwencheng1/720p.m3u8,网络源,æ–‡æˆæ–°é—»ç»¼åˆ.png,2.069,未分组,h264,1280x720,25.0,有音频
ä¸Šæµ·ç¬¬ä¸€è´¢ç»,https://migu.188766.xyz/?migutoken=20bb1a06124bd6ea328162fe9605882d&id=dycj&type=sz,网络源,ä¸Šæµ·ç¬¬ä¸€è´¢ç».png,0.594,未分组,h264,1920x1080,28.0,有音频
æ— é”¡ç”Ÿæ´»,http://stream.thmz.com/wxtv4/sd/live.m3u8,网络源,æ— é”¡ç”Ÿæ´».png,0.924,未分组,,,,无音频
ç»å…´å…¬å…±,https://stream1.freetv.fun/shao-xing-gong-gong-3.m3u8,网络源,ç»å…´å…¬å…±.png,5.484,未分组,,,,无音频
ä¸‡å·ç»¼åˆ,http://123.146.162.24:8017/iTXwrGs/800/live.m3u8?zzhongqd,网络源,ä¸‡å·ç»¼åˆ.png,1.626,未分组,h264,720x576,25.0,有音频
å˜‰å…´æ–°é—»ç»¼åˆ,http://tvfile.jyrmt.cn:80/nmip-media/channellive/channel104452/playlist.m3u8,网络源,å˜‰å…´æ–°é—»ç»¼åˆ.png,6.246,未分组,h264,1920x1080,25.0,有音频
åå °æ–°é—»,https://stream1.freetv.fun/shi-yan-xin-wen-2.m3u8,网络源,åå °æ–°é—».png,1.939,未分组,,,,无音频
æµ™æ±Ÿæ°‘ç”Ÿä¼‘é—²,https://stream1.freetv.fun/zhe-jiang-min-sheng-2.m3u8,网络源,æµ™æ±Ÿæ°‘ç”Ÿä¼‘é—².png,4.211,未分组,h264,1920x1080,25.0,有音频
æ³—é˜³ç»¼åˆ,http://43.251.226.89:8080/play/1049.m3u8,网络源,æ³—é˜³ç»¼åˆ.png,1.074,未分组,,,,无音频
æ— é”¡ç”Ÿæ´»,http://stream.thmz.com/wxtv4/playlist.m3u8?_upt=8c51357c1707362770,网络源,æ— é”¡ç”Ÿæ´».png,0.919,未分组,,,,无音频
æ¹–åŒ—æ•™è‚²,https://stream1.freetv.fun/hu-bei-jiao-yu-4.ctv,网络源,æ¹–åŒ—æ•™è‚².png,1.962,未分组,,,,无音频
åŒ—äº¬æ–°é—»,https://ls.qingting.fm/live/339/64k.m3u8,网络源,åŒ—äº¬æ–°é—».png,2.903,未分组,h264,,,有音频
æ·®é˜´ç»¼åˆ,https://huaiyin-tv-replay.cm.jstv.com/huaiyin-tv/huaiyinf.m3u8,网络源,æ·®é˜´ç»¼åˆ.png,5.334,未分组,h264,1920x1080,25.0,有音频
ä¸­å›½è“æ–°é—»,http://ali-m-l.cztv.com/channels/lantian/channel009/1080p.m3u8,网络源,ä¸­å›½è“æ–°é—».png,1.430,未分组,h264,1920x1080,25.0,有音频
æµ™æ±Ÿå°‘å„¿,https://stream1.freetv.fun/zhe-jiang-shao-er-4.ctv,网络源,æµ™æ±Ÿå°‘å„¿.png,2.025,未分组,,,,无音频
ç¢å®ä¸‰å†œ,http://iptv.666230.xyz/iptv/jsyd.php/xzsnsn,网络源,ç¢å®ä¸‰å†œ.png,0.088,未分组,,,,无音频
ç»å…´å…¬å…±,https://stream1.freetv.fun/shao-xing-gong-gong-7.m3u8,网络源,ç»å…´å…¬å…±.png,1.959,未分组,,,,无音频
æ— é”¡æ–°é—»ç»¼åˆ,http://stream.thmz.com/wxtv1/sd/live.m3u8?zjiangsd#http://stream.thmz.com/wxtv1/playlist.m3u8?_upt=156143371706166361#http://stream.thmz.com/wxtv1/sd/live.m3u8?_upt=4ba3ab191698644028#http://stream.thmz.com/wxtv1/playlist.m3u8,网络源,æ— é”¡æ–°é—»ç»¼åˆ.png,0.881,未分组,,,,无音频
æµ™æ±Ÿæ°‘ç”Ÿ,http://ali-m-l.cztv.com/channels/lantian/channel06/720p.m3u8,网络源,æµ™æ±Ÿæ°‘ç”Ÿ.png,2.056,未分组,h264,1280x720,25.0,有音频
è¡¢æ±Ÿæ–°é—»ç»¼åˆ,http://l.cztvcloud.com/channels/lantian/SXqujiang1/720p.m3u8?zzhed,网络源,è¡¢æ±Ÿæ–°é—»ç»¼åˆ.png,3.120,未分组,h264,1920x1080,25.0,有音频
æ³—é˜³ç»¼åˆ,http://3739115337.cloudvdn.com/a.m3u8?domain=siyang-tv-hls.cm.jstv.com&player=nwEAAKHdjSKP_58X&secondToken=secondToken%3A5FUijZmDyNMxtCDdne0YzSAwjuw&streamid=siyang-tv%3Asiyang-tv%2Fsiyangzh&v3=1,网络源,æ³—é˜³ç»¼åˆ.png,2.545,未分组,h264,1920x1080,25.0,有音频
åŒ—äº¬è´¢ç»,https://migu.188766.xyz/?migutoken=be646e9ac808c7495130d26b316a39fd&id=%E5%8C%97%E4%BA%AC%E8%B4%A2%E7%BB%8F&type=yy,网络源,åŒ—äº¬è´¢ç».png,0.591,未分组,h264,1920x1080,28.0,有音频
ç¢å®èµ„è®¯,http://iptv.666230.xyz/iptv/jsyd.php/xzsnzx,网络源,ç¢å®èµ„è®¯.png,0.082,未分组,,,,无音频
æ–°æ²‚ç”Ÿæ´»,http://live.xysrmt.cn/shpd/sd/live.m3u8?zjiangsd,网络源,æ–°æ²‚ç”Ÿæ´».png,2.688,未分组,h264,1280x720,25.0,有音频
æ— é”¡å¨±ä¹,http://stream.thmz.com/wxtv2/sd/live.m3u8?_upt=acffe97a1704940314,网络源,æ— é”¡å¨±ä¹.png,0.952,未分组,,,,无音频
å¹³æ¹–æ°‘ç”Ÿä¼‘é—²,http://l.cztvcloud.com/channels/lantian/SXpinghu2/720p.m3u8?zzhed,网络源,å¹³æ¹–æ°‘ç”Ÿä¼‘é—².png,1.860,未分组,h264,1280x720,25.0,有音频
ä¸Šæµ·æ–°é—»ç»¼åˆ,http://www.wmviv.com/iptv/bc2t.php?id=shxwzh,网络源,ä¸Šæµ·æ–°é—»ç»¼åˆ.png,0.533,未分组,,,,无音频
æ— é”¡æ–°é—»ç»¼åˆ,http://stream.thmz.com/wxtv1/sd/live.m3u8?_upt=4ba3ab191698644028,网络源,æ— é”¡æ–°é—»ç»¼åˆ.png,0.883,未分组,,,,无音频
é‡åº†æ—¶å°šè´­ç‰©,https://tvlive.ugoshop.com/ugotvlive/ssgotv.m3u8?auth_key=2312509421-0-0-6642ec3645caa943da6855a9ef7e2129,网络源,é‡åº†æ—¶å°šè´­ç‰©.png,1.477,未分组,,,,无音频
è‹å·ç”Ÿæ´»èµ„è®¯,https://live-auth.51kandianshi.com/szgd/csztv5.m3u8,网络源,è‹å·ç”Ÿæ´»èµ„è®¯.png,2.348,未分组,h264,1280x720,25.0,有音频
ç¢å®ç»¼åˆ,http://iptv.666230.xyz/iptv/jsyd.php/xzsnzh,网络源,ç¢å®ç»¼åˆ.png,0.079,未分组,,,,无音频
è§å±±æ–°é—»ç»¼åˆ,https://stream1.freetv.fun/xiao-shan-xin-wen-zong-he-9.m3u8,网络源,è§å±±æ–°é—»ç»¼åˆ.png,1.972,未分组,,,,无音频
ä¼˜æ¼«å¡é€š,https://www.freetv.top/migu/626064703.m3u8?migutoken=7f7c4b909389a0cd5172701768041a0f3887534c4534a68bf1dc85550389e9ab156655484be16e89604513fde9da2f036ebae28d31515b0be32eb12462f5de9d9cab8f00c44671241d5c6e1356,网络源,ä¼˜æ¼«å¡é€š.png,1.360,未分组,h264,1920x1080,30.0,有音频
å—å®å½±è§†å¨±ä¹,https://t.freetv.fun/live/nan-zhu-ying-shi-yu-le-3.m3u8,网络源,å—å®å½±è§†å¨±ä¹.png,3.315,未分组,h264,1280x720,25.0,有音频
ä½™æ­æœªæ¥E,http://l.cztvcloud.com/channels/lantian/SXyuhang3/720p.m3u8,网络源,ä½™æ­æœªæ¥E.png,1.871,未分组,h264,1920x1080,25.0,有音频
æ— é”¡éƒ½å¸‚èµ„è®¯,http://stream.thmz.com/wxtv3/sd/live.m3u8?_upt=978cd8731706199708,网络源,æ— é”¡éƒ½å¸‚èµ„è®¯.png,0.865,未分组,,,,无音频
å¸¸å·ç”Ÿæ´»,http://iptv.666230.xyz/iptv/jsyd.php/jsczshenghuo,网络源,å¸¸å·ç”Ÿæ´».png,0.093,未分组,,,,无音频
æµ™æ±Ÿæ°‘ç”Ÿä¼‘é—²,https://stream1.freetv.fun/zhe-jiang-min-sheng-5.m3u8,网络源,æµ™æ±Ÿæ°‘ç”Ÿä¼‘é—².png,2.310,未分组,,,,无音频
æ™®é™€ç”µè§†å°,https://l.cztvcloud.com/channels/lantian/SXputuo1/720p.m3u8,网络源,æ™®é™€ç”µè§†å°.png,3.688,未分组,h264,1280x720,,有音频
æ— é”¡ç»æµ,http://stream.thmz.com/wxtv5/sd/live.m3u8?zjiangsd,网络源,æ— é”¡ç»æµ.png,0.935,未分组,,,,无音频
ç»å…´æ–°é—»ç»¼åˆ,http://live.shaoxing.com.cn/video/s10001-sxtv1/index.m3u8?zzhed,网络源,ç»å…´æ–°é—»ç»¼åˆ.png,2.836,未分组,h264,720x576,25.0,有音频
æ³•æ²»å¤©åœ°,http://171.83.103.119:9999/rtp/239.69.2.10:11214,网络源,æ³•æ²»å¤©åœ°.png,1.290,未分组,,,,有音频
åµŠå·æ–°é—»ç»¼åˆ,http://l.cztvcloud.com/channels/lantian/SXshengzhou1/720p.m3u8,网络源,åµŠå·æ–°é—»ç»¼åˆ.png,3.116,未分组,h264,1280x720,25.0,有音频
æ­¦æ±‰æ•™è‚²,https://stream1.freetv.fun/wu-yi-jiao-yu-7.m3u8,网络源,æ­¦æ±‰æ•™è‚².png,2.644,未分组,,,,无音频
ä¸Šæµ·çºªå®,https://stream1.freetv.fun/ipv6-shang-hai-ji-shi-ren-wen-2.m3u8,网络源,ä¸Šæµ·çºªå®.png,1.769,未分组,,,,无音频
é¾™æ¸¸æ–°é—»ç»¼åˆ,http://l.cztvcloud.com/channels/lantian/SXlongyou1/720p.m3u8?zzhed,网络源,é¾™æ¸¸æ–°é—»ç»¼åˆ.png,3.006,未分组,h264,1280x720,25.0,有音频
ç¬¬ä¸€è´¢ç»,https://stream1.freetv.fun/ipv6-di-yi-cai-jing-8.m3u8,网络源,ç¬¬ä¸€è´¢ç».png,1.778,未分组,,,,无音频
é‡‘å·æ–°é—»ç»¼åˆ,http://live.jinchuanrmt.com:90/live/zhxw.m3u8?zsicd,网络源,é‡‘å·æ–°é—»ç»¼åˆ.png,2.266,未分组,h264,1920x1080,25.0,有音频
è¾½å®åŒ—æ–¹,https://stream1.freetv.fun/liao-zhu-bei-fang-3.m3u8,网络源,è¾½å®åŒ—æ–¹.png,2.022,未分组,,,,无音频
æ¾æ½˜æ–°é—»ç»¼åˆ,http://live.spccmc.com:90/live/spxwzh.m3u8?zsicd,网络源,æ¾æ½˜æ–°é—»ç»¼åˆ.png,5.343,未分组,h264,1920x1080,25.0,有音频
æµ™æ±Ÿå…¬å…±æ–°é—»,https://stream1.freetv.fun/zhe-jiang-gong-gong-xin-wen-1.m3u8,网络源,æµ™æ±Ÿå…¬å…±æ–°é—».png,4.034,未分组,h264,1920x1080,25.0,有音频
å¹³æ¹–æ–°é—»ç»¼åˆ,http://l.cztvcloud.com/channels/lantian/SXpinghu1/720p.m3u8?zzhed,网络源,å¹³æ¹–æ–°é—»ç»¼åˆ.png,1.723,未分组,h264,1280x720,25.0,有音频
æµ™æ±Ÿå°‘å„¿,https://stream1.freetv.fun/zhe-jiang-shao-er-6.ctv,网络源,æµ™æ±Ÿå°‘å„¿.png,2.498,未分组,h264,640x360,25.0,有音频
æ— é”¡ç»æµ,http://stream.thmz.com/wxtv5/sd/live.m3u8?_upt=cfacd5221704890772,网络源,æ— é”¡ç»æµ.png,0.865,未分组,,,,无音频
ä¸­å›½è“æ–°é—»,https://ali-m-l.cztv.com/channels/lantian/channel009/1080p.m3u8?,网络源,ä¸­å›½è“æ–°é—».png,2.902,未分组,h264,1920x1080,25.0,有音频
ç¢å®ç»¼åˆ,https://live-auth.51kandianshi.com/szgd/csztv4k_hd.m3u8,网络源,ç¢å®ç»¼åˆ.png,1.902,未分组,h264,1280x720,25.0,有音频
è¡¢æ±Ÿæ–°é—»ç»¼åˆ,https://stream1.freetv.fun/qu-jiang-xin-wen-zong-he-2.m3u8,网络源,è¡¢æ±Ÿæ–°é—»ç»¼åˆ.png,2.261,未分组,,,,无音频
æ°¸å˜‰æ–°é—»ç»¼åˆ,https://stream1.freetv.fun/yong-jia-xin-wen-zong-he-4.m3u8,网络源,æ°¸å˜‰æ–°é—»ç»¼åˆ.png,2.061,未分组,,,,无音频
è‹å·ç¤¾ä¼šç»æµ,https://live-auth.51kandianshi.com/szgd/csztv2.m3u8,网络源,è‹å·ç¤¾ä¼šç»æµ.png,2.681,未分组,h264,1280x720,25.0,有音频
ä¸Šæµ·éƒ½å¸‚,https://stream1.freetv.fun/shang-hai-du-shi-1.m3u8,网络源,ä¸Šæµ·éƒ½å¸‚.png,2.266,未分组,,,,无音频
æ¹–åŒ—æ•™è‚²,https://stream1.freetv.fun/hu-bei-jiao-yu-1.ctv,网络源,æ¹–åŒ—æ•™è‚².png,1.935,未分组,,,,无音频
æ³°å·ä¸€å¥—æ–°é—»ç»¼åˆ,https://stream1.freetv.fun/tai-zhou-yi-tao-xin-wen-zong-he-4.m3u8,网络源,æ³°å·ä¸€å¥—æ–°é—»ç»¼åˆ.png,1.779,未分组,,,,无音频
åŒ—äº¬ç”Ÿæ´»,https://migu.188766.xyz/?migutoken=e5ba633a55b22307c0e4272af6ea6632&id=%E5%8C%97%E4%BA%ACi%E7%94%9F%E6%B4%BB&type=yy,网络源,åŒ—äº¬ç”Ÿæ´».png,0.618,未分组,h264,1920x1080,28.0,有音频
ç”Ÿæ´»æ—¶å°š,https://stream1.freetv.fun/sheng-huo-shi-shang-13.m3u8,网络源,ç”Ÿæ´»æ—¶å°š.png,1.985,未分组,,,,无音频
æ— é”¡ç»æµ,http://stream.thmz.com/wxtv5/playlist.m3u8?_upt=2e07387a1707368071,网络源,æ— é”¡ç»æµ.png,0.926,未分组,,,,无音频
ç»å…´å…¬å…±,https://stream1.freetv.fun/shao-xing-gong-gong-8.m3u8,网络源,ç»å…´å…¬å…±.png,2.423,未分组,,,,无音频
æ— é”¡å¨±ä¹,https://stream.thmz.com/wxtv2/playlist.m3u8,网络源,æ— é”¡å¨±ä¹.png,1.332,未分组,,,,无音频
ä¸œé˜³å½±è§†ç”Ÿæ´»,http://l.cztvcloud.com/channels/lantian/SXdongyang1/720p.m3u8,网络源,ä¸œé˜³å½±è§†ç”Ÿæ´».png,2.511,未分组,h264,1280x720,25.0,有音频
æ— é”¡ç»æµ,http://stream.thmz.com/wxtv5/playlist.m3u8?_upt=10155d141706166867,网络源,æ— é”¡ç»æµ.png,0.840,未分组,,,,无音频
æ•°ç æ—¶ä»£,http://ali-m-l.cztv.com/channels/lantian/channel12/720p.m3u8?zzhed,网络源,æ•°ç æ—¶ä»£.png,2.120,未分组,h264,1280x720,25.0,有音频
æ±Ÿè‹æ•™è‚²,https://migu.188766.xyz/?migutoken=81ed29aac10ed30ea808adbe9ef15937&id=%E6%B1%9F%E8%8B%8F%E6%95%99%E8%82%B2&type=yy,网络源,æ±Ÿè‹æ•™è‚².png,0.626,未分组,h264,1920x1080,28.0,有音频
å¤©æ´¥å«è§†,http://111.221.137.234:44330/tsfile/live/0132_1.m3u8?key=txiptv&playlive=0&authid=0,网络源,å¤©æ´¥å«è§†.png,3.761,未分组,h264,1280x720,25.0,有音频
æµ™æ±Ÿæ°‘ç”Ÿ,http://ali-m-l.cztv.com/channels/lantian/channel006/1080p.m3u8,网络源,æµ™æ±Ÿæ°‘ç”Ÿ.png,2.432,未分组,h264,1920x1080,25.0,有音频
ä¹å±±æ–°é—»ç»¼åˆ,https://stream1.freetv.fun/le-shan-xin-wen-zong-he-1.m3u8,网络源,ä¹å±±æ–°é—»ç»¼åˆ.png,1.778,未分组,,,,无音频
å‡‰å±±æ–°é—»ç»¼åˆ,http://file.yizu.tv/nmip-media/channellive/channel106606/playlist.m3u8,网络源,å‡‰å±±æ–°é—»ç»¼åˆ.png,3.342,未分组,h264,720x404,25.0,有音频
æ¹–å—ç”µå½±,https://stream1.freetv.fun/hu-nan-dian-ying-2.ctv,网络源,æ¹–å—ç”µå½±.png,1.762,未分组,,,,无音频
æ— é”¡å¨±ä¹,http://stream.thmz.com/wxtv2/sd/live.m3u8,网络源,æ— é”¡å¨±ä¹.png,0.864,未分组,,,,无音频
æ— é”¡éƒ½å¸‚èµ„è®¯,http://stream.thmz.com/wxtv3/sd/live.m3u8?zjiangsd#http://stream.thmz.com/wxtv3/sd/live.m3u8?_upt=978cd8731706199708#http://stream.thmz.com/wxtv3/playlist.m3u8#http://stream.thmz.com/wxtv3/playlist.m3u8?_upt=1758133b1706166861,网络源,æ— é”¡éƒ½å¸‚èµ„è®¯.png,0.843,未分组,,,,无音频
è¥ç»ç»¼åˆ,https://m3u8channel-yj.yunxya.com/nmip-media/channellive/channel101140/playlist.m3u8,网络源,è¥ç»ç»¼åˆ.png,8.076,未分组,h264,1920x1080,,有音频
æ»¨æµ·æ–°é—»ç»¼åˆ,http://traffic.jbh.tjbh.com/live/bhtv10/playlist.m3u8,网络源,æ»¨æµ·æ–°é—»ç»¼åˆ.png,15.326,未分组,,,,无音频
åå °æ–°é—»,https://stream1.freetv.fun/shi-yan-xin-wen-3.m3u8,网络源,åå °æ–°é—».png,1.990,未分组,,,,无音频
ä¸Šæµ·æ–°é—»ç»¼åˆ,https://migu.188766.xyz/?migutoken=779bd2c7e2b23a37be54ec1b50771d47&id=%E4%B8%8A%E6%B5%B7%E6%96%B0%E9%97%BB%E7%BB%BC%E5%90%88&type=yy,网络源,ä¸Šæµ·æ–°é—»ç»¼åˆ.png,0.665,未分组,h264,1920x1080,28.0,有音频
å¹³æ¹–æ–°é—»ç»¼åˆ,http://l.cztvcloud.com/channels/lantian/SXpinghu1/720p.m3u8?cWlkPSZzPTg3OWMwYmMyZDMzYTFhZGY3NDQxMjgyYTg1MmUzNTY0JmVzPTE3MDY2Nzc4NzMmdXVpZD0yMjdiY2MzNGNiNGY0MThlYjRiY2IxYzcwNmZjODNkMS02NzQ3NDY2NyZ2PTImYXM9MCZjZG5leF9pZD10eF9waG9uZV9saXZl,网络源,å¹³æ¹–æ–°é—»ç»¼åˆ.png,1.583,未分组,h264,1280x720,25.0,有音频
æ¹–å—çˆ±æ™š,http://php.jdshipin.com:8880/iptv.php?id=hngg,网络源,æ¹–å—çˆ±æ™š.png,3.372,未分组,h264,640x360,25.0,有音频
è‹å·ç”Ÿæ´»èµ„è®¯,https://stream1.freetv.fun/su-zhou-sheng-huo-zi-xun-1.m3u8,网络源,è‹å·ç”Ÿæ´»èµ„è®¯.png,2.215,未分组,,,,无音频
åµŠå·æ–°é—»ç»¼åˆ,http://l.cztvcloud.com/channels/lantian/SXshengzhou1/720p.m3u8?zzhed#http://l.cztvcloud.com/channels/lantian/SXshengzhou1/720p.m3u8,网络源,åµŠå·æ–°é—»ç»¼åˆ.png,2.354,未分组,h264,1280x720,25.0,有音频
æ¾æ½˜æ–°é—»ç»¼åˆ,http://live.spccmc.com:90/live/spxwzh.m3u8,网络源,æ¾æ½˜æ–°é—»ç»¼åˆ.png,2.829,未分组,h264,1920x1080,25.0,有音频
æ¹–å—ç”µè§†å‰§,https://stream1.freetv.fun/hu-nan-dian-shi-ju-2.m3u8,网络源,æ¹–å—ç”µè§†å‰§.png,3.518,未分组,h264,640x360,25.0,有音频
æ— é”¡éƒ½å¸‚èµ„è®¯,http://stream.thmz.com/wxtv3/sd/live.m3u8,网络源,æ— é”¡éƒ½å¸‚èµ„è®¯.png,0.900,未分组,,,,无音频
å—å®å½±è§†å¨±ä¹,https://t.freetv.fun/live/nan-zhu-ying-shi-yu-le.m3u8,网络源,å—å®å½±è§†å¨±ä¹.png,1.590,未分组,,,,无音频
è‹å·æ–°é—»ç»¼åˆ,https://live-auth.51kandianshi.com/szgd/csztv1.m3u8,网络源,è‹å·æ–°é—»ç»¼åˆ.png,2.593,未分组,h264,1920x1080,25.0,有音频
æ±¶å·æ–°é—»ç»¼åˆ,http://live.iwcmt.cn:90/live/zhxw.m3u8,网络源,æ±¶å·æ–°é—»ç»¼åˆ.png,2.121,未分组,h264,1280x720,25.0,有音频
æ¬¢ç¬‘å‰§åœº,http://www.wmviv.com/iptv/bc2t.php?id=hxjc,网络源,æ¬¢ç¬‘å‰§åœº.png,0.555,未分组,,,,无音频
è‹å·æ–‡åŒ–ç”Ÿæ´»,https://live-auth.51kandianshi.com/szgd/csztv3.m3u8,网络源,è‹å·æ–‡åŒ–ç”Ÿæ´».png,1.507,未分组,h264,1280x720,25.0,有音频
ä½™æ­æœªæ¥E,http://l.cztvcloud.com/channels/lantian/SXyuhang3/720p.m3u8?zzhed,网络源,ä½™æ­æœªæ¥E.png,2.797,未分组,h264,1920x1080,25.0,有音频
æ­¦æ±‰æ•™è‚²,https://stream1.freetv.fun/wu-yi-jiao-yu-5.m3u8,网络源,æ­¦æ±‰æ•™è‚².png,2.458,未分组,,,,无音频
å››å·ç§‘æ•™,https://stream1.freetv.fun/si-chuan-ke-jiao-3.ctv,网络源,å››å·ç§‘æ•™.png,1.842,未分组,,,,无音频
ç¦å»ºå°‘å„¿,https://stream1.freetv.fun/fu-jian-shao-er-3.m3u8,网络源,ç¦å»ºå°‘å„¿.png,1.778,未分组,,,,无音频
å¼€åŒ–æ–°é—»ç»¼åˆ,https://stream1.freetv.fun/kai-hua-xin-wen-zong-he-1.m3u8,网络源,å¼€åŒ–æ–°é—»ç»¼åˆ.png,2.016,未分组,,,,无音频
æ±Ÿè‹å½±è§†,https://mgtv.ottiptv.cc/migu/626064697.m3u8?migutoken=6508bc5fae9f621ed6ec72d39eb7f60ab52c4b412a5ee7f5b612640ecccbde1f9584f0a97aebc090cb58f73e9e079ced87b059526a6614b5a9ad5a23ff4863d36adcc1ed699583e058fac3330e,网络源,æ±Ÿè‹å½±è§†.png,11.041,未分组,,,,无音频
è§å±±æ–°é—»ç»¼åˆ,https://stream1.freetv.fun/xiao-shan-xin-wen-zong-he-4.m3u8,网络源,è§å±±æ–°é—»ç»¼åˆ.png,1.981,未分组,,,,无音频
ç¦å»ºå…¬å…±,http://e1.woc.iiiya.cn:18888/rtp/239.61.2.3:8012,网络源,ç¦å»ºå…¬å…±.png,7.366,未分组,h264,1920x1080,25.0,有音频
å—å®éƒ½å¸‚ç”Ÿæ´»,https://stream1.freetv.fun/nan-zhu-du-shi-sheng-huo-1.m3u8,网络源,å—å®éƒ½å¸‚ç”Ÿæ´».png,2.514,未分组,h264,1280x720,25.0,有音频
æ— é”¡ç”Ÿæ´»,http://stream.thmz.com/wxtv4/sd/live.m3u8?_upt=978cd8731706199708,网络源,æ— é”¡ç”Ÿæ´».png,1.973,未分组,,,,无音频
æ±¶å·æ–°é—»ç»¼åˆ,http://live.iwcmt.cn:90/live/zhxw.m3u8?zsicd,网络源,æ±¶å·æ–°é—»ç»¼åˆ.png,2.136,未分组,h264,1280x720,25.0,有音频
è¾½å®éƒ½å¸‚,https://stream1.freetv.fun/liao-zhu-du-shi-5.m3u8,网络源,è¾½å®éƒ½å¸‚.png,1.821,未分组,,,,无音频
æµ™æ±Ÿå°‘å„¿,https://stream1.freetv.fun/zhe-jiang-shao-er-9.ctv,网络源,æµ™æ±Ÿå°‘å„¿.png,1.953,未分组,,,,无音频
æ— é”¡å¨±ä¹,http://stream.thmz.com/wxtv2/sd/live.m3u8?_upt=978cd8731706199708,网络源,æ— é”¡å¨±ä¹.png,0.892,未分组,,,,无音频
ç¼™äº‘ç»¼åˆ,http://l.cztvcloud.com/channels/lantian/SXjinyun1/720p.m3u8?zzhed,网络源,ç¼™äº‘ç»¼åˆ.png,3.101,未分组,h264,1280x720,25.0,有音频
æ±Ÿè‹å½±è§†,https://migu.188766.xyz/?migutoken=023ca3fa558e18a1f99ec6d948ad8e9e&id=%E6%B1%9F%E8%8B%8F%E5%BD%B1%E8%A7%86%E9%A2%91%E9%81%93&type=yy,网络源,æ±Ÿè‹å½±è§†.png,0.653,未分组,h264,1920x1080,28.0,有音频
æ— é”¡ç»æµ,http://stream.thmz.com/wxtv5/sd/live.m3u8?_upt=978cd8731706199708,网络源,æ— é”¡ç»æµ.png,0.887,未分组,,,,无音频
æµ·å—æ–°é—»,https://stream1.freetv.fun/ipv6-hai-nan-xin-wen-6.m3u8,网络源,æµ·å—æ–°é—».png,1.813,未分组,,,,无音频
æ¼³å·æ–°é—»ç»¼åˆ,https://stream1.freetv.fun/zhang-zhou-xin-wen-zong-he-2.m3u8,网络源,æ¼³å·æ–°é—»ç»¼åˆ.png,1.893,未分组,,,,无音频
ä½™å§šç»¼åˆ,http://l.cztvcloud.com/channels/lantian/SXyuyao1/720p.m3u8,网络源,ä½™å§šç»¼åˆ.png,2.229,未分组,h264,1920x1080,25.0,有音频
å¸¸å·éƒ½å¸‚,http://iptv.666230.xyz/iptv/jsyd.php/jsczdushi,网络源,å¸¸å·éƒ½å¸‚.png,0.119,未分组,,,,无音频
æ³—é˜³èµ„è®¯,http://43.251.226.89:8080/play/1050.m3u8,网络源,æ³—é˜³èµ„è®¯.png,1.253,未分组,,,,无音频
æµ™æ±Ÿå…¬å…±æ–°é—»,https://stream1.freetv.fun/zhe-jiang-gong-gong-xin-wen-1.ctv,网络源,æµ™æ±Ÿå…¬å…±æ–°é—».png,4.086,未分组,h264,1920x1080,25.0,有音频
ä¸Šè™æ–°é—»ç»¼åˆ,http://l.cztvcloud.com/channels/lantian/SXshangyu1/720p.m3u8?zzhed,网络源,ä¸Šè™æ–°é—»ç»¼åˆ.png,2.293,未分组,h264,1920x1080,25.0,有音频
æµ™æ±Ÿæ°‘ç”Ÿä¼‘é—²,https://stream1.freetv.fun/zhe-jiang-min-sheng-9.m3u8,网络源,æµ™æ±Ÿæ°‘ç”Ÿä¼‘é—².png,2.067,未分组,,,,无音频
æµ·å—æ–°é—»,https://migu.188766.xyz/?migutoken=410e218b52bfcc506bef1f814d8d3b5f&id=hn_xwpd&type=sz,网络源,æµ·å—æ–°é—».png,0.692,未分组,h264,1920x1080,28.0,有音频
æµ·å—æ–°é—»,https://migu.188766.xyz/?migutoken=d3e982ec2cd251cdbbf2a4463c229a56&id=hn_xwpd&type=sz,网络源,æµ·å—æ–°é—».png,0.711,未分组,h264,1920x1080,28.0,有音频
å¦é—¨å«è§†,http://e2.woc.iiiya.cn:28888/rtp/239.61.2.11:8060,网络源,å¦é—¨å«è§†.png,6.860,未分组,,,,无音频
åŒ—äº¬ç”Ÿæ´»,https://migu.188766.xyz/?migutoken=3043429f49c0a3a99b8e02f242d42224&id=%E5%8C%97%E4%BA%ACi%E7%94%9F%E6%B4%BB&type=yy,网络源,åŒ—äº¬ç”Ÿæ´».png,0.633,未分组,h264,1920x1080,28.0,有音频
è¡¢æ±Ÿæ–°é—»ç»¼åˆ,https://stream1.freetv.fun/qu-jiang-xin-wen-zong-he-3.m3u8,网络源,è¡¢æ±Ÿæ–°é—»ç»¼åˆ.png,2.095,未分组,,,,无音频
æ³•æ²»å¤©åœ°,http://php.jdshipin.com/itv6.php?cid=bestzb&id=9001547084732463424,网络源,æ³•æ²»å¤©åœ°.png,1.171,未分组,,,,无音频
æ­¦æ±‰ä¸€å°æ–°é—»ç»¼åˆ,https://stream1.freetv.fun/wu-yi-xin-wen-zong-he-1.m3u8,网络源,æ­¦æ±‰ä¸€å°æ–°é—»ç»¼åˆ.png,2.306,未分组,h264,720x576,,有音频
ç¦å»ºå°‘å„¿,https://stream1.freetv.fun/fu-jian-shao-er-6.m3u8,网络源,ç¦å»ºå°‘å„¿.png,1.799,未分组,,,,无音频
æµ™æ±Ÿå›½é™…,http://ali-vl.cztv.com/channels/lantian/channel010/360p.m3u8,网络源,æµ™æ±Ÿå›½é™….png,2.010,未分组,h264,640x360,25.0,有音频
æ±Ÿè‹åŸå¸‚,https://stream1.freetv.fun/jiang-su-cheng-shi-7.m3u8,网络源,æ±Ÿè‹åŸå¸‚.png,2.105,未分组,,,,无音频
é¾™æ¸¸æ–°é—»ç»¼åˆ,https://l.cztvcloud.com/channels/lantian/SXlongyou1/720p.m3u8,网络源,é¾™æ¸¸æ–°é—»ç»¼åˆ.png,4.604,未分组,h264,1280x720,25.0,有音频
ä¸Šæµ·çºªå®,https://stream1.freetv.fun/ipv6-shang-hai-ji-shi-ren-wen-3.m3u8,网络源,ä¸Šæµ·çºªå®.png,2.119,未分组,,,,无音频
æ–°é—»ç»¼åˆ,https://stream1.freetv.fun/xin-wen-zong-he-5.m3u8,网络源,æ–°é—»ç»¼åˆ.png,1.803,未分组,,,,无音频
æ¼³å·æ–°é—»ç»¼åˆ,https://stream1.freetv.fun/zhang-zhou-xin-wen-zong-he-3.m3u8,网络源,æ¼³å·æ–°é—»ç»¼åˆ.png,1.859,未分组,,,,无音频
åŒ—äº¬è´¢ç»,https://migu.188766.xyz/?migutoken=26681121206e53a23ae3097bf725e87b&id=%E5%8C%97%E4%BA%AC%E8%B4%A2%E7%BB%8F&type=yy,网络源,åŒ—äº¬è´¢ç».png,0.669,未分组,h264,1920x1080,28.0,有音频
ç”Ÿæ´»æ—¶å°š,https://stream1.freetv.fun/sheng-huo-shi-shang-17.ctv,网络源,ç”Ÿæ´»æ—¶å°š.png,1.987,未分组,,,,无音频
æ— é”¡éƒ½å¸‚èµ„è®¯,http://stream.thmz.com/wxtv3/playlist.m3u8,网络源,æ— é”¡éƒ½å¸‚èµ„è®¯.png,0.889,未分组,,,,无音频
æ°¸å˜‰æ–°é—»ç»¼åˆ,https://stream1.freetv.fun/yong-jia-xin-wen-zong-he-2.m3u8,网络源,æ°¸å˜‰æ–°é—»ç»¼åˆ.png,1.804,未分组,,,,无音频
ä¹å±±æ–°é—»ç»¼åˆ,https://stream1.freetv.fun/le-shan-xin-wen-zong-he-2.m3u8,网络源,ä¹å±±æ–°é—»ç»¼åˆ.png,1.896,未分组,,,,无音频
é•‡æ±Ÿæ–°é—»ç»¼åˆ,http://zjtv-wshls.homecdn.com/live/2aa50.m3u8?wsSession=a263bdc5a26cd01b57a80359-170493712215358,网络源,é•‡æ±Ÿæ–°é—»ç»¼åˆ.png,0.388,未分组,h264,1920x1080,25.0,有音频
åŒ—äº¬æ–°é—»,https://migu.188766.xyz/?migutoken=df6fa5447cc74883076849d396941029&id=%E5%8C%97%E4%BA%AC%E6%96%B0%E9%97%BB&type=yy,网络源,åŒ—äº¬æ–°é—».png,0.608,未分组,h264,1920x1080,28.0,有音频
ä¸Šæµ·éƒ½å¸‚,https://stream1.freetv.fun/shang-hai-du-shi-7.m3u8,网络源,ä¸Šæµ·éƒ½å¸‚.png,2.282,未分组,,,,无音频
æµ™æ±Ÿæ–°é—»,https://stream1.freetv.fun/zhe-jiang-xin-wen-5.m3u8,网络源,æµ™æ±Ÿæ–°é—».png,1.921,未分组,,,,无音频
æ— é”¡å¨±ä¹,http://stream.thmz.com/wxtv2/sd/live.m3u8?zjiangsd#http://stream.thmz.com/wxtv2/playlist.m3u8?_upt=5ff4061f1706166872#http://stream.thmz.com/wxtv2/playlist.m3u8#http://stream.thmz.com/wxtv2/sd/live.m3u8?_upt=acffe97a1704940314,网络源,æ— é”¡å¨±ä¹.png,0.888,未分组,,,,无音频
åå±±ç»¼åˆ,https://m3u8channel-bx.yunxya.com/nmip-media/channellive/channel104666/playlist.m3u8,网络源,åå±±ç»¼åˆ.png,6.017,未分组,h264,1920x1080,,有音频
ç¼™äº‘ç»¼åˆ,http://l.cztvcloud.com/channels/lantian/SXjinyun1/720p.m3u8?zzhed?,网络源,ç¼™äº‘ç»¼åˆ.png,2.999,未分组,h264,1280x720,25.0,有音频
éƒ½å¸‚å‰§åœº,https://satellitepull.cnr.cn/live/wxcqxwgb/playlist.m3u8,网络源,éƒ½å¸‚å‰§åœº.png,3.878,未分组,,,,有音频
ç»å…´å…¬å…±,https://stream1.freetv.fun/shao-xing-gong-gong-1.m3u8,网络源,ç»å…´å…¬å…±.png,1.999,未分组,,,,无音频
å‰‘é˜ç»¼åˆ,https://m3u8.channel.dzsm.com/nmip-media/channellive/channel105549/playlist.m3u8,网络源,å‰‘é˜ç»¼åˆ.png,8.228,未分组,h264,960x528,25.0,有音频
æ— é”¡ç»æµ,http://stream.thmz.com/wxtv5/playlist.m3u8,网络源,æ— é”¡ç»æµ.png,0.879,未分组,,,,无音频
ç¦å»ºç»è§†,http://8.138.7.223/tv/fjtv1.php?id=fjjj,网络源,ç¦å»ºç»è§†.png,5.019,未分组,,,,无音频
æ™®é™€ç”µè§†å°,http://l.cztvcloud.com/channels/lantian/SXputuo1/720p.m3u8?zzhed#http://l.cztvcloud.com/channels/lantian/SXputuo1/720p.m3u8,网络源,æ™®é™€ç”µè§†å°.png,2.280,未分组,h264,1280x720,,有音频
æ¹–å—ç”µè§†å‰§,https://stream1.freetv.fun/hu-nan-dian-shi-ju-12.m3u8,网络源,æ¹–å—ç”µè§†å‰§.png,1.944,未分组,,,,无音频
æ¹–å—ç»è§†,https://stream1.freetv.fun/hu-nan-jing-shi-6.m3u8,网络源,æ¹–å—ç»è§†.png,1.831,未分组,,,,无音频
æ— é”¡ç»æµ,http://stream.thmz.com/wxtv5/sd/live.m3u8?_upt=31414f601706199828,网络源,æ— é”¡ç»æµ.png,0.833,未分组,,,,无音频
æ±Ÿå¤æ–°é—»ç»¼åˆ,http://59.175.226.142:280/gb28181/xwzh.m3u8?zhubd,网络源,æ±Ÿå¤æ–°é—»ç»¼åˆ.png,3.368,未分组,h264,720x576,25.0,有音频
å¥å®¹å…šå»º,http://jrlive.jrntv.com/live/_definst_/dangjians/playlist.m3u8,网络源,å¥å®¹å…šå»º.png,3.651,未分组,h264,720x576,25.0,有音频
æµ™æ±Ÿå…¬å…±æ–°é—»,http://ali-m-l.cztv.com/channels/lantian/channel07/1080p.m3u8,网络源,æµ™æ±Ÿå…¬å…±æ–°é—».png,2.336,未分组,h264,1920x1080,25.0,有音频
åå °æ–°é—»,https://stream1.freetv.fun/shi-yan-xin-wen-4.m3u8,网络源,åå °æ–°é—».png,2.067,未分组,,,,无音频
ä¼˜æ¼«å¡é€š,https://www.freetv.top/migu/626064703.m3u8?migutoken=deac6c5275081b54ad412a195e499b7c0cb8f04446b6c80aaa9d3eb1063d620261c68202d59aea05060007b58a62d5d208f16379d861d6f1627c10c9dd894f0bf7e3ca97b04696255e193e871c,网络源,ä¼˜æ¼«å¡é€š.png,0.997,未分组,h264,1920x1080,30.0,有音频
ä¸Šæµ·æ–°é—»ç»¼åˆ,https://stream1.freetv.fun/shang-hai-xin-wen-zong-he-3.m3u8,网络源,ä¸Šæµ·æ–°é—»ç»¼åˆ.png,3.132,未分组,,,,无音频
æµ™æ±Ÿæ°‘ç”Ÿä¼‘é—²,https://stream1.freetv.fun/zhe-jiang-min-sheng-8.m3u8,网络源,æµ™æ±Ÿæ°‘ç”Ÿä¼‘é—².png,2.033,未分组,,,,无音频
æµ™æ±Ÿå…¬å…±æ–°é—»,https://stream1.freetv.fun/zhe-jiang-gong-gong-xin-wen-2.ctv,网络源,æµ™æ±Ÿå…¬å…±æ–°é—».png,2.142,未分组,,,,无音频
ç¦å»ºå°‘å„¿,https://stream1.freetv.fun/fu-jian-shao-er-7.m3u8,网络源,ç¦å»ºå°‘å„¿.png,1.758,未分组,,,,无音频
å¥å®¹ç”Ÿæ´»,http://jrlive.jrntv.com/live/_definst_/shenghuos/playlist.m3u8?%E5%85%B3%E6%B3%A8%E5%BE%AE%E4%BF%A1%E5%85%AC%E4%BC%97%E5%8F%B7[%E6%99%B4%E5%9B%AD],网络源,å¥å®¹ç”Ÿæ´».png,3.568,未分组,h264,720x576,25.0,有音频
ç¼™äº‘æ–°é—»ç»¼åˆ,http://l.cztvcloud.com/channels/lantian/SXjinyun1/720p.m3u8,网络源,ç¼™äº‘æ–°é—»ç»¼åˆ.png,2.005,未分组,h264,1280x720,25.0,有音频
å¹³æ¹–æ–°é—»ç»¼åˆ,https://stream1.freetv.fun/ping-hu-xin-wen-zong-he-2.m3u8,网络源,å¹³æ¹–æ–°é—»ç»¼åˆ.png,3.119,未分组,h264,1280x720,25.0,有音频
ç¦å»ºæ—…æ¸¸,http://e1.woc.iiiya.cn:18888/rtp/239.61.2.6:8030,网络源,ç¦å»ºæ—…æ¸¸.png,7.956,未分组,h264,1920x1080,25.0,有音频
æ­¦æ±‰ä¸€å°æ–°é—»ç»¼åˆ,https://stream1.freetv.fun/wu-yi-xin-wen-zong-he-7.m3u8,网络源,æ­¦æ±‰ä¸€å°æ–°é—»ç»¼åˆ.png,1.789,未分组,,,,无音频
åŒ—äº¬ç”Ÿæ´»,https://migu.188766.xyz/?migutoken=94a265a45704df4be4d5555a82d77ab4&id=%E5%8C%97%E4%BA%ACi%E7%94%9F%E6%B4%BB&type=yy,网络源,åŒ—äº¬ç”Ÿæ´».png,0.614,未分组,h264,1920x1080,28.0,有音频
æ— é”¡éƒ½å¸‚èµ„è®¯,http://stream.thmz.com/wxtv3/playlist.m3u8?_upt=1758133b1706166861,网络源,æ— é”¡éƒ½å¸‚èµ„è®¯.png,1.024,未分组,,,,无音频
å¼€åŒ–æ–°é—»ç»¼åˆ,https://stream1.freetv.fun/kai-hua-xin-wen-zong-he-2.ctv,网络源,å¼€åŒ–æ–°é—»ç»¼åˆ.png,1.950,未分组,,,,无音频
æ— é”¡æ–°é—»ç»¼åˆ,http://stream.thmz.com/wxtv1/playlist.m3u8,网络源,æ— é”¡æ–°é—»ç»¼åˆ.png,0.846,未分组,,,,无音频
å››å·ç§‘æ•™,https://stream1.freetv.fun/si-chuan-ke-jiao-1.m3u8,网络源,å››å·ç§‘æ•™.png,1.756,未分组,,,,无音频
é¾™æ³‰æ–°é—»ç»¼åˆ,http://l.cztvcloud.com/channels/lantian/SXlongquan1/720p.m3u8,网络源,é¾™æ³‰æ–°é—»ç»¼åˆ.png,3.185,未分组,h264,1920x1080,25.0,有音频
åŒ—äº¬è´¢ç»,https://migu.188766.xyz/?migutoken=4a29066f60f205a3d4d4fa00195af34b&id=%E5%8C%97%E4%BA%AC%E8%B4%A2%E7%BB%8F&type=yy,网络源,åŒ—äº¬è´¢ç».png,0.652,未分组,h264,1920x1080,28.0,有音频
æ— é”¡æ–°é—»ç»¼åˆ,http://stream.thmz.com/wxtv1/sd/live.m3u8,网络源,æ— é”¡æ–°é—»ç»¼åˆ.png,0.884,未分组,,,,无音频
ä½™å§šç»¼åˆ,http://l.cztvcloud.com/channels/lantian/SXyuyao1/720p.m3u8?zzhed,网络源,ä½™å§šç»¼åˆ.png,1.981,未分组,h264,1920x1080,25.0,有音频
æ±Ÿè‹æ•™è‚²,http://goo.bkpcp.top/mg/jsjy,网络源,æ±Ÿè‹æ•™è‚².png,3.275,未分组,h264,854x480,25.0,有音频
æ–°é—»ç»¼åˆ,https://stream1.freetv.fun/xin-wen-zong-he-11.ctv,网络源,æ–°é—»ç»¼åˆ.png,1.957,未分组,,,,无音频
é“œæ¢ç»¼åˆ,http://183.64.174.171:40123/ch1.m3u8?zzhongqd,网络源,é“œæ¢ç»¼åˆ.png,4.711,未分组,h264,720x576,25.0,有音频
æ³—é˜³ç»¼åˆ,http://43.251.226.89:8080/play/529.m3u8,网络源,æ³—é˜³ç»¼åˆ.png,1.091,未分组,,,,无音频
å—å®éƒ½å¸‚ç”Ÿæ´»,https://stream1.freetv.fun/nan-zhu-du-shi-sheng-huo-2.m3u8,网络源,å—å®éƒ½å¸‚ç”Ÿæ´».png,2.212,未分组,,,,无音频
è§å±±æ–°é—»ç»¼åˆ,https://stream1.freetv.fun/xiao-shan-xin-wen-zong-he-7.m3u8,网络源,è§å±±æ–°é—»ç»¼åˆ.png,2.175,未分组,,,,无音频
åŒ—äº¬å¡é…·å°‘å„¿,http://218.13.170.98:9901/tsfile/live/1021_1.m3u8,网络源,åŒ—äº¬å¡é…·å°‘å„¿.png,4.341,未分组,h264,720x576,25.0,有音频
ç’§å±±ç»¼åˆ,http://222.179.42.129:8181/hls1.m3u8,网络源,ç’§å±±ç»¼åˆ.png,3.677,未分组,h264,1920x1080,25.0,有音频
æœå¤©ç»¼åˆ,https://m3u8.channel.dzsm.com/nmip-media/channellive/channel104601/playlist.m3u8,网络源,æœå¤©ç»¼åˆ.png,6.585,未分组,h264,960x528,25.0,有音频
ä¸Šè™æ–°å•†éƒ½,http://l.cztvcloud.com/channels/lantian/SXshangyu3/720p.m3u8,网络源,ä¸Šè™æ–°å•†éƒ½.png,2.750,未分组,h264,1920x1080,25.0,有音频
ç»µé˜³ç§‘æŠ€,https://stream1.freetv.fun/mian-yang-ke-ji-2.m3u8,网络源,ç»µé˜³ç§‘æŠ€.png,1.978,未分组,,,,无音频
æ±Ÿè‹æ•™è‚²,https://t.freetv.fun/live/jiang-su-jiao-yu-1.m3u8,网络源,æ±Ÿè‹æ•™è‚².png,2.586,未分组,,,,无音频
è¿äº‘æ¸¯æ–°é—»ç»¼åˆ,https://migu.188766.xyz/?migutoken=cb989835b788f5c9374e8905dd6e4363&id=%E8%BF%9E%E4%BA%91%E6%B8%AF%E6%96%B0%E9%97%BB%E7%BB%BC%E5%90%88&type=yy,网络源,è¿äº‘æ¸¯æ–°é—»ç»¼åˆ.png,0.639,未分组,h264,1920x1080,28.0,有音频
ä¹‹æ±Ÿçºªå½•,http://ali-m-l.cztv.com/channels/lantian/channel012/1080p.m3u8,网络源,ä¹‹æ±Ÿçºªå½•.png,1.672,未分组,h264,1920x1080,25.0,有音频
æµ™æ±Ÿæ–°é—»,https://stream1.freetv.fun/zhe-jiang-xin-wen-11.m3u8,网络源,æµ™æ±Ÿæ–°é—».png,1.919,未分组,,,,无音频
æ°¸å˜‰æ–°é—»ç»¼åˆ,https://stream1.freetv.fun/yong-jia-xin-wen-zong-he-3.ctv,网络源,æ°¸å˜‰æ–°é—»ç»¼åˆ.png,2.107,未分组,,,,无音频
åŒ—äº¬æ–°é—»,https://migu.188766.xyz/?migutoken=35fb58abdb81b2d238e06a763ae7680d&id=%E5%8C%97%E4%BA%AC%E6%96%B0%E9%97%BB&type=yy,网络源,åŒ—äº¬æ–°é—».png,0.622,未分组,h264,1920x1080,28.0,有音频
å™å·æ–°é—»ç»¼åˆ,https://stream1.freetv.fun/xu-zhou-xin-wen-zong-he-6.m3u8,网络源,å™å·æ–°é—»ç»¼åˆ.png,3.445,未分组,,,,无音频
ä¸Šæµ·çºªå®,https://stream1.freetv.fun/ipv6-shang-hai-ji-shi-ren-wen-5.m3u8,网络源,ä¸Šæµ·çºªå®.png,2.088,未分组,,,,无音频
æµ™æ±Ÿæ•™ç§‘,http://ali-m-l.cztv.com/channels/lantian/channel004/1080p.m3u8,网络源,æµ™æ±Ÿæ•™ç§‘.png,1.872,未分组,h264,1920x1080,25.0,有音频
å…­åˆæ–°é—»ç»¼åˆ,http://p2hs.vzan.com/720020/432453820030502236/live.m3u8,网络源,å…­åˆæ–°é—»ç»¼åˆ.png,2.845,未分组,h264,1280x720,25.0,有音频
ç¬¬ä¸€è´¢ç»,https://stream1.freetv.fun/di-yi-cai-jing-6.ctv,网络源,ç¬¬ä¸€è´¢ç».png,1.818,未分组,,,,无音频
å…°æºªæ–°é—»ç»¼åˆ,http://l.cztvcloud.com/channels/lantian/SXlanxi1/720p.m3u8,网络源,å…°æºªæ–°é—»ç»¼åˆ.png,1.971,未分组,h264,1280x720,25.0,有音频
å¤©æ´¥å«è§†,http://153.0.171.163:9901/tsfile/live/0135_1.m3u8?key=txiptv&playlive=1&authid=0,网络源,å¤©æ´¥å«è§†.png,2.279,未分组,h264,720x576,25.0,有音频
åŒ—äº¬æ–°é—»,https://migu.188766.xyz/?migutoken=4916b2e17a686e9144cb975b04afb93e&id=%E5%8C%97%E4%BA%AC%E6%96%B0%E9%97%BB&type=yy,网络源,åŒ—äº¬æ–°é—».png,0.653,未分组,h264,1920x1080,28.0,有音频
æ¬¢ç¬‘å‰§åœº,http://38.75.136.137:98/gslb/dsdqpub/hxjchd.m3u8?auth=testpub,网络源,æ¬¢ç¬‘å‰§åœº.png,0.507,未分组,h264,1920x1080,25.0,有音频
è¾½å®å½±è§†å‰§,https://stream1.freetv.fun/liao-zhu-ying-shi-ju-1.m3u8,网络源,è¾½å®å½±è§†å‰§.png,2.095,未分组,,,,无音频
æµ™æ±Ÿå›½é™…,http://ali-m-l.cztv.com/channels/lantian/channel010/1080p.m3u8,网络源,æµ™æ±Ÿå›½é™….png,2.193,未分组,h264,1920x1080,25.0,有音频
æ™®é™€æ–°é—»ç»¼åˆ,http://l.cztvcloud.com/channels/lantian/SXputuo1/720p.m3u8,网络源,æ™®é™€æ–°é—»ç»¼åˆ.png,2.253,未分组,h264,1280x720,,有音频
æ­¦æ±‰ä¸€å°æ–°é—»ç»¼åˆ,https://ls.qingting.fm/live/20198/64k.m3u8,网络源,æ­¦æ±‰ä¸€å°æ–°é—»ç»¼åˆ.png,3.417,未分组,h264,,,有音频
å¥å®¹å…šå»º,http://jrlive.jrntv.com/live/_definst_/dangjians/playlist.m3u8?%E5%85%B3%E6%B3%A8%E5%BE%AE%E4%BF%A1%E5%85%AC%E4%BC%97%E5%8F%B7[%E6%99%B4%E5%9B%AD],网络源,å¥å®¹å…šå»º.png,4.088,未分组,h264,720x576,25.0,有音频
åˆ©å·ç»¼åˆ,http://tvfile.lzgbdst.com/nmip-media/channellive/channel106876/playlist.m3u8?zsicd,网络源,åˆ©å·ç»¼åˆ.png,0.848,未分组,,,,无音频
å¹³æ¹–æ–°é—»ç»¼åˆ,https://stream1.freetv.fun/ping-hu-xin-wen-zong-he-1.m3u8,网络源,å¹³æ¹–æ–°é—»ç»¼åˆ.png,2.387,未分组,h264,1280x720,25.0,有音频
è†é—¨æ–°é—»ç»¼åˆ,https://stream.jmtv.com.cn/xwzh/playlist.m3u8?_upt=3e28e7271664278691,网络源,è†é—¨æ–°é—»ç»¼åˆ.png,8.500,未分组,h264,1920x1080,25.0,有音频
æ¹–åŒ—ç»è§†,https://stream1.freetv.fun/hu-bei-jing-shi-2.ctv,网络源,æ¹–åŒ—ç»è§†.png,1.780,未分组,,,,无音频
é‡åº†æ–°é—»,http://38.75.136.137:98/gslb/dsdqpub/cqxw.m3u8?auth=testpub,网络源,é‡åº†æ–°é—».png,0.483,未分组,h264,1920x1080,25.0,有音频
è¾½å®éƒ½å¸‚,https://ls.qingting.fm/live/1099/64k.m3u8,网络源,è¾½å®éƒ½å¸‚.png,2.951,未分组,h264,,,有音频
ç”Ÿæ´»æ—¶å°š,https://stream1.freetv.fun/sheng-huo-shi-shang-9.ctv,网络源,ç”Ÿæ´»æ—¶å°š.png,2.908,未分组,,,,无音频
å¥å®¹å½±é™¢,http://jrlive.jrntv.com/live/_definst_/yingshis/chunklist_w1994429382.m3u8?zjiangsd,网络源,å¥å®¹å½±é™¢.png,4.471,未分组,h264,720x576,25.0,有音频
ä¹‹æ±Ÿçºªå½•,http://ali-m-l.cztv.com/channels/lantian/channel12/1080p.m3u8,网络源,ä¹‹æ±Ÿçºªå½•.png,2.454,未分组,h264,1920x1080,25.0,有音频
ä¸Šæµ·ç¬¬ä¸€è´¢ç»,https://satellitepull.cnr.cn/live/wx32dycjgb/playlist.m3u8,网络源,ä¸Šæµ·ç¬¬ä¸€è´¢ç».png,1.911,未分组,,,,有音频
é•‡æ±Ÿæ–°é—»ç»¼åˆ,http://cm-wshls.homecdn.com/live/2aa50.m3u8,网络源,é•‡æ±Ÿæ–°é—»ç»¼åˆ.png,6.525,未分组,h264,1920x1080,25.0,有音频
æµ™æ±Ÿç»æµ,http://ali-m-l.cztv.com/channels/lantian/channel03/720p.m3u8,网络源,æµ™æ±Ÿç»æµ.png,1.940,未分组,h264,1280x720,25.0,有音频
ä¸Šè™æ–°å•†éƒ½,http://l.cztvcloud.com/channels/lantian/SXshangyu3/720p.m3u8?zzhed,网络源,ä¸Šè™æ–°å•†éƒ½.png,3.476,未分组,h264,1920x1080,25.0,有音频
æ¹–å—ç”µè§†å‰§,https://stream1.freetv.fun/hu-nan-dian-shi-ju-14.ctv,网络源,æ¹–å—ç”µè§†å‰§.png,1.927,未分组,,,,无音频
æ­¦è¿›æ–°é—»,https://live.wjyanghu.com/live/CH1.m3u8?%E5%85%B3%E6%B3%A8%E5%BE%AE%E4%BF%A1%E5%85%AC%E4%BC%97%E5%8F%B7[%E6%99%B4%E5%9B%AD],网络源,æ­¦è¿›æ–°é—».png,5.419,未分组,h264,720x576,25.0,有音频
é‡‘å·ä¹¡æ‘,https://m3u8channel-yc.yunxya.com/nmip-media/channellive/channel100103/playlist.m3u8,网络源,é‡‘å·ä¹¡æ‘.png,5.974,未分组,h264,720x576,25.0,有音频
ä½™å§šç»¼åˆ,http://l.cztvcloud.com/channels/lantian/SXyuyao1/720p.m3u8?,网络源,ä½™å§šç»¼åˆ.png,3.089,未分组,h264,1920x1080,25.0,有音频
å¦é—¨å«è§†,http://8.138.7.223/tv/fjtv1.php?id=xmws,网络源,å¦é—¨å«è§†.png,5.029,未分组,,,,无音频
å—é€šæ–°é—»ç»¼åˆ,https://mgtv.ottiptv.cc/migu/955227985.m3u8?migutoken=03e9c85f19b5ac291f5863436507873a8f47ec3c677c7857c89bda5778edc8e38fc38b4270aa374c49eee39b39ffaf80a20b750130c27760df766c0cf7b5d437be8dc60c1ced9117d98f6c9b3e,网络源,å—é€šæ–°é—»ç»¼åˆ.png,10.975,未分组,,,,无音频
æ­¦æ±‰æ–°é—»,http://vapi.91kds.cc/live2/hbwhtv.m3u8?apiKey=73c963d13814ce7d0e4743c5e7d033cc&id=hbwhtv1,网络源,æ­¦æ±‰æ–°é—».png,4.273,未分组,h264,1280x720,25.0,有音频
æ­¦è¿›ç”Ÿæ´»,https://live.wjyanghu.com/live/CH2.m3u8?%E5%85%B3%E6%B3%A8%E5%BE%AE%E4%BF%A1%E5%85%AC%E4%BC%97%E5%8F%B7[%E6%99%B4%E5%9B%AD],网络源,æ­¦è¿›ç”Ÿæ´».png,4.786,未分组,h264,720x576,25.0,有音频
å¥å®¹ç”Ÿæ´»,http://jrlive.jrntv.com/live/_definst_/shenghuos/playlist.m3u8,网络源,å¥å®¹ç”Ÿæ´».png,5.080,未分组,h264,720x576,25.0,有音频
åŒ—äº¬ç”Ÿæ´»,https://wstvcpudali.v.myalicdn.com/wstvcpud/udrmbtv7_1/index.m3u8?adapt=0&BR=audio,网络源,åŒ—äº¬ç”Ÿæ´».png,6.237,未分组,,,,有音频
æ³•æ²»å¤©åœ°,http://z.b.bkpcp.top/m.php?id=fztd,网络源,æ³•æ²»å¤©åœ°.png,6.901,未分组,h264,1920x1080,25.0,有音频
é™•è¥¿éƒ½å¸‚é’æ˜¥,https://mgtv.ottiptv.cc/migu/956909358.m3u8?migutoken=c3931ea9d3d7ede24a9d13084dadcc55f7f21b114c6c584ca7defd6492ba46b7286dbd751d0f853f83e998e4b0349c62cf4bc570ac83667c4f6bd49a9411edc68e80c1d7f24da79a264d15912b,网络源,é™•è¥¿éƒ½å¸‚é’æ˜¥.png,11.010,未分组,,,,无音频
å—äº¬åå…«,https://mgtv.ottiptv.cc/migu/838151753.m3u8?migutoken=e1c3c9e2e67541d90ea94c4c917f96ecf43c6c0ae7c616929d8676e7c14bc5587ba870ce22575333640bfff61b05d4d468f6564c6251023f1ad20957cfe3b2c12e71b4662f83dce5d920a86c29,网络源,å—äº¬åå…«.png,11.086,未分组,,,,无音频
è¿äº‘æ¸¯æ–°é—»ç»¼åˆ,https://mgtv.ottiptv.cc/migu/639731715.m3u8?migutoken=70f90182e47785fca234628a083c2a775b48319c0603f2641b5a891ba90b43816e51fb1b07cad8793011132425ebbc0f1568b3bc433d2f04e40344c5fe163be8bf6490e14ab6b96b4419f3f134,网络源,è¿äº‘æ¸¯æ–°é—»ç»¼åˆ.png,10.812,未分组,,,,无音频
