频道名,地址,来源,图标,检测时间,分组,视频编码,分辨率,帧率,音频,未通过信息,相似度,是否假源,是否轮回,轮回相似度,轮回波动
ä¸Šæµ·ç¬¬ä¸€è´¢ç»,https://migu.188766.xyz/?migutoken=4d3493b3ed45588580c37f3b181235f2&id=dycj&type=sz,网络源,ä¸Šæµ·ç¬¬ä¸€è´¢ç».png,0.845,未分组,h264,1920x1080,28.0,有音频,疑似假源,0.5,True,True,1.0,0.0
åŒ—äº¬è´¢ç»,https://migu.188766.xyz/?migutoken=4a29066f60f205a3d4d4fa00195af34b&id=%E5%8C%97%E4%BA%AC%E8%B4%A2%E7%BB%8F&type=yy,网络源,åŒ—äº¬è´¢ç».png,0.870,未分组,h264,1920x1080,28.0,有音频,疑似假源,0.5,True,True,1.0,0.0
åŒ—äº¬ç”Ÿæ´»,https://migu.188766.xyz/?migutoken=3043429f49c0a3a99b8e02f242d42224&id=%E5%8C%97%E4%BA%ACi%E7%94%9F%E6%B4%BB&type=yy,网络源,åŒ—äº¬ç”Ÿæ´».png,0.940,未分组,h264,1920x1080,28.0,有音频,疑似假源,0.5,True,True,1.0,0.0
æ·®å®‰æ–°é—»ç»¼åˆ,https://mgtv.ottiptv.cc/migu/639731826.m3u8?migutoken=383a4690d772fe16ccec98f2da2e7e0c3b362ae2d9a0fa219e9a7bb76bb96d4ca6392f861efb0a61154552c563897f4660867745735f85e310ec9fb52d7fc55cd30da8d55169f8c415c5a69a15,网络源,æ·®å®‰æ–°é—»ç»¼åˆ.png,1.267,未分组,,,,无音频,error,0.0,False,False,0,0
æ±Ÿè‹å½±è§†,https://mgtv.ottiptv.cc/migu/626064697.m3u8?migutoken=6508bc5fae9f621ed6ec72d39eb7f60ab52c4b412a5ee7f5b612640ecccbde1f9584f0a97aebc090cb58f73e9e079ced87b059526a6614b5a9ad5a23ff4863d36adcc1ed699583e058fac3330e,网络源,æ±Ÿè‹å½±è§†.png,1.322,未分组,,,,无音频,error,0.0,False,False,0,0
æ±Ÿè‹å½±è§†,https://migu.188766.xyz/?migutoken=a308c85adb0e5626191f1f92114fec1c&id=%E6%B1%9F%E8%8B%8F%E5%BD%B1%E8%A7%86%E9%A2%91%E9%81%93&type=yy,网络源,æ±Ÿè‹å½±è§†.png,0.550,未分组,h264,1920x1080,28.0,有音频,疑似假源,0.5,True,True,1.0,0.0
æ­¦ä¹‰æ–°é—»ç»¼åˆ,http://l.cztvcloud.com/channels/lantian/SXwuyi1/720p.m3u8,网络源,æ­¦ä¹‰æ–°é—»ç»¼åˆ.png,2.172,未分组,h264,720x576,,有音频,疑似假源,0.5104,True,True,1.0,0.0
æµ™æ±Ÿæ°‘ç”Ÿä¼‘é—²,http://ali-vl.cztv.com/channels/lantian/channel006/360p.m3u8,网络源,æµ™æ±Ÿæ°‘ç”Ÿä¼‘é—².png,2.107,未分组,h264,640x360,25.0,有音频,疑似假源,0.526,True,True,1.0,0.0
æµ™æ±Ÿæ•°ç æ—¶ä»£,http://ali-m-l.cztv.com/channels/lantian/channel12/720p.m3u8,网络源,æµ™æ±Ÿæ•°ç æ—¶ä»£.png,2.425,未分组,h264,1280x720,25.0,有音频,疑似假源,0.5312,True,True,1.0,0.0
æ­å·å½±è§†,https://stream1.freetv.fun/hang-zhou-ying-shi-2.ctv,网络源,æ­å·å½±è§†.png,2.383,未分组,,,,无音频,error,0.0,False,False,0,0
ç¦å»ºå°‘å„¿,https://stream1.freetv.fun/fu-jian-shao-er-7.m3u8,网络源,ç¦å»ºå°‘å„¿.png,2.455,未分组,,,,无音频,error,0.0,False,False,0,0
æµ™æ±Ÿå°‘å„¿,https://stream1.freetv.fun/zhe-jiang-shao-er-4.m3u8,网络源,æµ™æ±Ÿå°‘å„¿.png,2.418,未分组,,,,无音频,error,0.0,False,False,0,0
è‹å·ç¤¾ä¼šç»æµ,https://stream1.freetv.fun/su-zhou-she-hui-jing-ji-2.m3u8,网络源,è‹å·ç¤¾ä¼šç»æµ.png,2.519,未分组,,,,无音频,error,0.0,False,False,0,0
ç¦å»ºå°‘å„¿,https://stream1.freetv.fun/fu-jian-shao-er-6.m3u8,网络源,ç¦å»ºå°‘å„¿.png,2.477,未分组,,,,无音频,error,0.0,False,False,0,0
æ¹–å—ç”µè§†å‰§,https://stream1.freetv.fun/hu-nan-dian-shi-ju-12.m3u8,网络源,æ¹–å—ç”µè§†å‰§.png,2.444,未分组,,,,无音频,error,0.0,False,False,0,0
è¡¢æ±Ÿæ–°é—»ç»¼åˆ,https://stream1.freetv.fun/qu-jiang-xin-wen-zong-he-2.m3u8,网络源,è¡¢æ±Ÿæ–°é—»ç»¼åˆ.png,2.562,未分组,,,,无音频,error,0.0,False,False,0,0
æ¹–å—å›½é™…,https://stream1.freetv.fun/hu-nan-guo-ji-2.ctv,网络源,æ¹–å—å›½é™….png,2.725,未分组,,,,无音频,error,0.0,False,False,0,0
åå °æ–°é—»,https://stream1.freetv.fun/shi-yan-xin-wen-4.m3u8,网络源,åå °æ–°é—».png,2.752,未分组,,,,无音频,error,0.0,False,False,0,0
å¼€åŒ–æ–°é—»ç»¼åˆ,https://stream1.freetv.fun/kai-hua-xin-wen-zong-he-2.ctv,网络源,å¼€åŒ–æ–°é—»ç»¼åˆ.png,2.947,未分组,,,,无音频,error,0.0,False,False,0,0
ä¸Šè™æ–‡åŒ–å½±é™¢,https://stream1.freetv.fun/shang-yu-wen-hua-ying-yuan-2.ctv,网络源,ä¸Šè™æ–‡åŒ–å½±é™¢.png,2.842,未分组,,,,无音频,error,0.0,False,False,0,0
åº†å…ƒç»¼åˆ,http://l.cztvcloud.com/channels/lantian/SXqingyuan1/720p.m3u8,网络源,åº†å…ƒç»¼åˆ.png,2.887,未分组,h264,1920x1080,25.0,有音频,疑似假源,0.5312,True,True,1.0,0.0
æ¹–åŒ—ç»è§†,https://stream1.freetv.fun/hu-bei-jing-shi-2.ctv,网络源,æ¹–åŒ—ç»è§†.png,2.834,未分组,,,,无音频,error,0.0,False,False,0,0
ç»å…´æ–‡åŒ–å½±é™¢,https://stream1.freetv.fun/shao-xing-wen-hua-ying-yuan-3.m3u8,网络源,ç»å…´æ–‡åŒ–å½±é™¢.png,3.076,未分组,,,,无音频,error,0.0,False,False,0,0
æ±Ÿè‹æ•™è‚²,https://migu.188766.xyz/?migutoken=7033071779ec5fd7cf46066cc021214c&id=%E6%B1%9F%E8%8B%8F%E6%95%99%E8%82%B2&type=yy,网络源,æ±Ÿè‹æ•™è‚².png,0.532,未分组,h264,1920x1080,28.0,有音频,疑似假源,0.5,True,True,1.0,0.0
æ´å¤´ç»¼åˆ,http://l.cztvcloud.com/channels/lantian/SXdongtou1/720p.m3u8?zzhed?,网络源,æ´å¤´ç»¼åˆ.png,2.241,未分组,h264,720x540,25.0,有音频,疑似假源,0.526,True,True,1.0,0.0
ä¸Šæµ·éƒ½å¸‚,https://stream1.freetv.fun/ipv6-shang-hai-du-shi-4.m3u8,网络源,ä¸Šæµ·éƒ½å¸‚.png,3.093,未分组,,,,无音频,error,0.0,False,False,0,0
æµ™æ±Ÿç•™å­¦,http://ali-vl.cztv.com/channels/lantian/channel009/360p.m3u8,网络源,æµ™æ±Ÿç•™å­¦.png,2.172,未分组,h264,640x360,25.0,有音频,疑似假源,0.5208,True,True,1.0,0.0
å—å®éƒ½å¸‚ç”Ÿæ´»,https://stream1.freetv.fun/nan-zhu-du-shi-sheng-huo-3.m3u8,网络源,å—å®éƒ½å¸‚ç”Ÿæ´».png,2.496,未分组,,,,无音频,error,0.0,False,False,0,0
ä¸œæ–¹å½±è§†,https://stream1.freetv.fun/ipv6-dong-fang-ying-shi-9.m3u8,网络源,ä¸œæ–¹å½±è§†.png,2.505,未分组,,,,无音频,error,0.0,False,False,0,0
å¸¸å·ç”Ÿæ´»,http://iptv.666230.xyz/iptv/jsyd.php/jsczshenghuo,网络源,å¸¸å·ç”Ÿæ´».png,0.080,未分组,,,,无音频,error,0.0,False,False,0,0
ä¼˜æ¼«å¡é€š,http://www.wmviv.com/iptv/bc2t.php?id=ymkt,网络源,ä¼˜æ¼«å¡é€š.png,0.596,未分组,,,,无音频,error,0.0,False,False,0,0
éƒ½å¸‚å‰§åœº,https://hls-gateway.vpstv.net/streams/708845.m3u8,网络源,éƒ½å¸‚å‰§åœº.png,0.113,未分组,,,,无音频,error,0.0,False,False,0,0
æ¹–å—ç»è§†,https://stream1.freetv.fun/hu-nan-jing-shi-6.m3u8,网络源,æ¹–å—ç»è§†.png,1.881,未分组,,,,无音频,error,0.0,False,False,0,0
æµ™æ±Ÿå›½é™…,https://ali-m-l.cztv.com/channels/lantian/channel010/1080p.m3u8?,网络源,æµ™æ±Ÿå›½é™….png,3.869,未分组,h264,1920x1080,25.0,有音频,疑似假源,0.5469,True,True,1.0,0.0
æµ™æ±Ÿå…¬å…±æ–°é—»,https://stream1.freetv.fun/zhe-jiang-gong-gong-xin-wen-1.ctv,网络源,æµ™æ±Ÿå…¬å…±æ–°é—».png,3.957,未分组,h264,1920x1080,25.0,有音频,疑似假源,0.5,True,True,1.0,0.0
æ— é”¡ç»æµ,http://stream.thmz.com/wxtv5/sd/live.m3u8?_upt=31414f601706199828,网络源,æ— é”¡ç»æµ.png,0.851,未分组,,,,无音频,error,0.0,False,False,0,0
ä¸Šæµ·çºªå®,https://stream1.freetv.fun/ipv6-shang-hai-ji-shi-ren-wen-2.m3u8,网络源,ä¸Šæµ·çºªå®.png,2.111,未分组,,,,无音频,error,0.0,False,False,0,0
æ¹–å—ç”µå½±,https://stream1.freetv.fun/hu-nan-dian-ying-2.ctv,网络源,æ¹–å—ç”µå½±.png,2.106,未分组,,,,无音频,error,0.0,False,False,0,0
æ±Ÿè‹åŸå¸‚,https://stream1.freetv.fun/jiang-su-cheng-shi-7.m3u8,网络源,æ±Ÿè‹åŸå¸‚.png,2.113,未分组,,,,无音频,error,0.0,False,False,0,0
æ•°ç æ—¶ä»£,http://ali-m-l.cztv.com/channels/lantian/channel12/720p.m3u8?zzhed,网络源,æ•°ç æ—¶ä»£.png,2.083,未分组,h264,1280x720,25.0,有音频,疑似假源,0.5312,True,True,1.0,0.0
æ¹–å—å›½é™…,https://stream1.freetv.fun/hu-nan-guo-ji-4.ctv,网络源,æ¹–å—å›½é™….png,2.077,未分组,,,,无音频,error,0.0,False,False,0,0
æµ™æ±Ÿä¼‘é—²å°,http://ali-m-l.cztv.com/channels/lantian/channel006/720p.m3u8,网络源,æµ™æ±Ÿä¼‘é—²å°.png,1.845,未分组,h264,1280x720,25.0,有音频,疑似假源,0.5312,True,True,1.0,0.0
ä¸œé˜³å½±è§†ç”Ÿæ´»,http://l.cztvcloud.com/channels/lantian/SXdongyang1/720p.m3u8,网络源,ä¸œé˜³å½±è§†ç”Ÿæ´».png,2.566,未分组,h264,1280x720,25.0,有音频,疑似假源,0.4792,True,True,1.0,0.0
å—å®å…¬å…±,https://stream1.freetv.fun/nan-zhu-gong-gong-7.m3u8,网络源,å—å®å…¬å…±.png,2.083,未分组,,,,无音频,error,0.0,False,False,0,0
æ¹–åŒ—å½±è§†,https://stream1.freetv.fun/hu-bei-ying-shi-1.m3u8,网络源,æ¹–åŒ—å½±è§†.png,1.934,未分组,,,,无音频,error,0.0,False,False,0,0
æ¶Ÿæ°´ç”µè§†å°ç»¼åˆ,https://lianshui-tv-hls.cm.jstv.com:443/lianshui-tv/lsxw.m3u8,网络源,æ¶Ÿæ°´ç”µè§†å°ç»¼åˆ.png,1.837,未分组,,,,无音频,error,0.0,False,False,0,0
æ­¦æ±‰ä¸€å°æ–°é—»ç»¼åˆ,https://stream1.freetv.fun/wu-yi-xin-wen-zong-he-7.m3u8,网络源,æ­¦æ±‰ä¸€å°æ–°é—»ç»¼åˆ.png,1.961,未分组,,,,无音频,error,0.0,False,False,0,0
ä¸Šæµ·éƒ½å¸‚,https://stream1.freetv.fun/ipv6-shang-hai-du-shi-5.m3u8,网络源,ä¸Šæµ·éƒ½å¸‚.png,2.285,未分组,,,,无音频,error,0.0,False,False,0,0
é‡‘é¹°çºªå®,https://hls-gateway.vpstv.net/streams/708834.m3u8,网络源,é‡‘é¹°çºªå®.png,0.123,未分组,,,,无音频,error,0.0,False,False,0,0
æ°¸å˜‰æ–°é—»ç»¼åˆ,http://l.cztvcloud.com/channels/lantian/SXyongjia1/720p.m3u8?zzhed,网络源,æ°¸å˜‰æ–°é—»ç»¼åˆ.png,2.619,未分组,h264,1920x1080,25.0,有音频,疑似假源,0.526,True,True,1.0,0.0
å››å·ç§‘æ•™,https://stream1.freetv.fun/si-chuan-ke-jiao-1.m3u8,网络源,å››å·ç§‘æ•™.png,2.108,未分组,,,,无音频,error,0.0,False,False,0,0
æµ™æ±Ÿæ–°é—»,http://ali-m-l.cztv.com/channels/lantian/channel007/1080p.m3u8,网络源,æµ™æ±Ÿæ–°é—».png,1.987,未分组,h264,1920x1080,25.0,有音频,疑似假源,0.5,True,True,1.0,0.0
æµ™æ±Ÿæ°‘ç”Ÿä¼‘é—²,https://stream1.freetv.fun/zhe-jiang-min-sheng-5.m3u8,网络源,æµ™æ±Ÿæ°‘ç”Ÿä¼‘é—².png,1.909,未分组,,,,无音频,error,0.0,False,False,0,0
æµ™æ±Ÿå…¬å…±æ–°é—»,http://ali-m-l.cztv.com/channels/lantian/channel07/1080p.m3u8,网络源,æµ™æ±Ÿå…¬å…±æ–°é—».png,1.865,未分组,h264,1920x1080,25.0,有音频,疑似假源,0.5052,True,True,1.0,0.0
å¹¿è¥¿æ–°é—»,https://tv.gxtv.cn/channel/channelivePlay_9dfd8600075811e9ba67e41f13b60c62.html,网络源,å¹¿è¥¿æ–°é—».png,1.130,未分组,,,,无音频,error,0.0,False,False,0,0
æµ™æ±Ÿç”Ÿæ´»,http://ali-m-l.cztv.com/channels/lantian/channel003/720p.m3u8,网络源,æµ™æ±Ÿç”Ÿæ´».png,1.585,未分组,h264,1280x720,25.0,有音频,疑似假源,0.526,True,True,1.0,0.0
è¾½å®å½±è§†å‰§,https://stream1.freetv.fun/liao-zhu-ying-shi-ju-3.m3u8,网络源,è¾½å®å½±è§†å‰§.png,2.167,未分组,,,,无音频,error,0.0,False,False,0,0
æ¬¢ç¬‘å‰§åœº,http://www.wmviv.com/iptv/bc2t.php?id=hxjc,网络源,æ¬¢ç¬‘å‰§åœº.png,0.786,未分组,,,,无音频,error,0.0,False,False,0,0
è§å±±æ–°é—»ç»¼åˆ,https://stream1.freetv.fun/xiao-shan-xin-wen-zong-he-4.m3u8,网络源,è§å±±æ–°é—»ç»¼åˆ.png,1.914,未分组,,,,无音频,error,0.0,False,False,0,0
è¡¢æ±Ÿæ–°é—»ç»¼åˆ,https://stream1.freetv.fun/qu-jiang-xin-wen-zong-he-3.m3u8,网络源,è¡¢æ±Ÿæ–°é—»ç»¼åˆ.png,2.136,未分组,,,,无音频,error,0.0,False,False,0,0
ä¸Šæµ·æ–°é—»ç»¼åˆ,http://www.wmviv.com/iptv/bc2t.php?id=shxwzh,网络源,ä¸Šæµ·æ–°é—»ç»¼åˆ.png,0.799,未分组,,,,无音频,error,0.0,False,False,0,0
ä¸œæµ·æ–°é—»,http://iptv.666230.xyz/iptv/jsyd.php/jsdonghaixinwen,网络源,ä¸œæµ·æ–°é—».png,0.079,未分组,,,,无音频,error,0.0,False,False,0,0
æµ™æ±Ÿå›½é™…,http://ali-m-l.cztv.com/channels/lantian/channel010/720p.m3u8,网络源,æµ™æ±Ÿå›½é™….png,1.812,未分组,h264,1280x720,25.0,有音频,疑似假源,0.4896,True,True,1.0,0.0
ç¢å®ç»¼åˆ,http://iptv.666230.xyz/iptv/jsyd.php/xzsnzh,网络源,ç¢å®ç»¼åˆ.png,0.090,未分组,,,,无音频,error,0.0,False,False,0,0
æµ™æ±Ÿå°‘å„¿,https://stream1.freetv.fun/zhe-jiang-shao-er-4.ctv,网络源,æµ™æ±Ÿå°‘å„¿.png,1.903,未分组,,,,无音频,error,0.0,False,False,0,0
æ— é”¡ç”Ÿæ´»,http://stream.thmz.com/wxtv4/sd/live.m3u8,网络源,æ— é”¡ç”Ÿæ´».png,0.848,未分组,,,,无音频,error,0.0,False,False,0,0
æ­¦è¿›ç”Ÿæ´»,http://43.251.226.89:8080/play/522.m3u8,网络源,æ­¦è¿›ç”Ÿæ´».png,0.995,未分组,,,,无音频,error,0.0,False,False,0,0
æ–°é—»ç»¼åˆ,https://stream1.freetv.fun/xin-wen-zong-he-5.m3u8,网络源,æ–°é—»ç»¼åˆ.png,1.921,未分组,,,,无音频,error,0.0,False,False,0,0
ç”Ÿæ´»æ—¶å°š,https://stream1.freetv.fun/sheng-huo-shi-shang-13.m3u8,网络源,ç”Ÿæ´»æ—¶å°š.png,1.930,未分组,,,,无音频,error,0.0,False,False,0,0
åŒ—äº¬è´¢ç»,https://migu.188766.xyz/?migutoken=c5cae7b7f4da574581dc3d8c0ad12625&id=%E5%8C%97%E4%BA%AC%E8%B4%A2%E7%BB%8F&type=yy,网络源,åŒ—äº¬è´¢ç».png,0.502,未分组,h264,1920x1080,28.0,有音频,疑似假源,0.5,True,True,1.0,0.0
æ­¦ä¹‰æ–°é—»ç»¼åˆ,http://l.cztvcloud.com/channels/lantian/SXwuyi1/720p.m3u8?zzhed,网络源,æ­¦ä¹‰æ–°é—»ç»¼åˆ.png,1.859,未分组,h264,720x576,,有音频,疑似假源,0.5104,True,True,1.0,0.0
æ±Ÿè‹æ•™è‚²,https://migu.188766.xyz/?migutoken=81ed29aac10ed30ea808adbe9ef15937&id=%E6%B1%9F%E8%8B%8F%E6%95%99%E8%82%B2&type=yy,网络源,æ±Ÿè‹æ•™è‚².png,0.512,未分组,h264,1920x1080,28.0,有音频,疑似假源,0.5,True,True,1.0,0.0
ä¸Šè™æ–‡åŒ–å½±é™¢,https://stream1.freetv.fun/shang-yu-wen-hua-ying-yuan-1.m3u8,网络源,ä¸Šè™æ–‡åŒ–å½±é™¢.png,2.469,未分组,,,,无音频,error,0.0,False,False,0,0
æµ™æ±Ÿå…¬å…±æ–°é—»,https://stream1.freetv.fun/zhe-jiang-gong-gong-xin-wen-2.ctv,网络源,æµ™æ±Ÿå…¬å…±æ–°é—».png,1.950,未分组,,,,无音频,error,0.0,False,False,0,0
ç¬¬ä¸€è´¢ç»,https://stream1.freetv.fun/ipv6-di-yi-cai-jing-8.m3u8,网络源,ç¬¬ä¸€è´¢ç».png,2.250,未分组,,,,无音频,error,0.0,False,False,0,0
å™å·æ–°é—»ç»¼åˆ,https://stream1.freetv.fun/xu-zhou-xin-wen-zong-he-6.m3u8,网络源,å™å·æ–°é—»ç»¼åˆ.png,2.185,未分组,,,,无音频,error,0.0,False,False,0,0
ä¸œæ–¹å½±è§†,https://stream1.freetv.fun/dong-fang-ying-shi-6.ctv,网络源,ä¸œæ–¹å½±è§†.png,2.380,未分组,,,,无音频,error,0.0,False,False,0,0
æ¹–å—ç”µè§†å‰§,https://stream1.freetv.fun/hu-nan-dian-shi-ju-14.ctv,网络源,æ¹–å—ç”µè§†å‰§.png,2.172,未分组,,,,无音频,error,0.0,False,False,0,0
ç¼™äº‘ç»¼åˆ,http://l.cztvcloud.com/channels/lantian/SXjinyun1/720p.m3u8?zzhed,网络源,ç¼™äº‘ç»¼åˆ.png,2.195,未分组,h264,1280x720,25.0,有音频,error,0.0,False,False,0,0
æ¹–å—ç»è§†,https://stream1.freetv.fun/hu-nan-jing-shi-1.m3u8,网络源,æ¹–å—ç»è§†.png,2.006,未分组,,,,无音频,error,0.0,False,False,0,0
è§å±±æ–°é—»ç»¼åˆ,https://stream1.freetv.fun/xiao-shan-xin-wen-zong-he-7.m3u8,网络源,è§å±±æ–°é—»ç»¼åˆ.png,1.970,未分组,,,,无音频,error,0.0,False,False,0,0
ä¸Šæµ·ç¬¬ä¸€è´¢ç»,https://migu.188766.xyz/?migutoken=20bb1a06124bd6ea328162fe9605882d&id=dycj&type=sz,网络源,ä¸Šæµ·ç¬¬ä¸€è´¢ç».png,0.512,未分组,h264,1920x1080,28.0,有音频,疑似假源,0.5,True,True,1.0,0.0
æµ™æ±Ÿæ•™ç§‘å½±è§†,http://ali-m-l.cztv.com/channels/lantian/channel04/1080p.m3u8,网络源,æµ™æ±Ÿæ•™ç§‘å½±è§†.png,2.096,未分组,h264,1920x1080,25.0,有音频,疑似假源,0.5208,True,True,1.0,0.0
æ²­é˜³ç»¼åˆ,https://shuyang-tv-hls.cm.jstv.com:443/shuyang-tv/shuyangzh.m3u8,网络源,æ²­é˜³ç»¼åˆ.png,0.963,未分组,,,,无音频,error,0.0,False,False,0,0
ä¸Šæµ·æ–°é—»ç»¼åˆ,https://migu.188766.xyz/?migutoken=779bd2c7e2b23a37be54ec1b50771d47&id=%E4%B8%8A%E6%B5%B7%E6%96%B0%E9%97%BB%E7%BB%BC%E5%90%88&type=yy,网络源,ä¸Šæµ·æ–°é—»ç»¼åˆ.png,0.583,未分组,h264,1920x1080,28.0,有音频,疑似假源,0.5,True,True,1.0,0.0
å¨„åº•ç»¼åˆ,http://iptv.666230.xyz/iptv/hnyx.php/ldxw,网络源,å¨„åº•ç»¼åˆ.png,0.085,未分组,,,,无音频,error,0.0,False,False,0,0
æ™®é™€ç”µè§†å°,http://l.cztvcloud.com/channels/lantian/SXputuo1/720p.m3u8?zzhed#http://l.cztvcloud.com/channels/lantian/SXputuo1/720p.m3u8,网络源,æ™®é™€ç”µè§†å°.png,1.858,未分组,h264,1280x720,,有音频,疑似假源,0.4688,True,True,1.0,0.0
åŒ—äº¬ç”Ÿæ´»,https://migu.188766.xyz/?migutoken=94a265a45704df4be4d5555a82d77ab4&id=%E5%8C%97%E4%BA%ACi%E7%94%9F%E6%B4%BB&type=yy,网络源,åŒ—äº¬ç”Ÿæ´».png,0.501,未分组,h264,1920x1080,28.0,有音频,疑似假源,0.5,True,True,1.0,0.0
å¸¸å·éƒ½å¸‚,http://iptv.666230.xyz/iptv/jsyd.php/jsczdushi,网络源,å¸¸å·éƒ½å¸‚.png,0.083,未分组,,,,无音频,error,0.0,False,False,0,0
ç¦å»ºæ–°é—»,http://satellitepull.cnr.cn/live/wx32fjxwgb/playlist.m3u8,网络源,ç¦å»ºæ–°é—».png,0.602,未分组,,,,有音频,error,0.0,False,False,0,0
æ— é”¡éƒ½å¸‚èµ„è®¯,http://stream.thmz.com/wxtv3/playlist.m3u8,网络源,æ— é”¡éƒ½å¸‚èµ„è®¯.png,1.100,未分组,,,,无音频,error,0.0,False,False,0,0
ç¦å»ºå…¬å…±,https://stream1.freetv.fun/fu-jian-gong-gong-4.ctv,网络源,ç¦å»ºå…¬å…±.png,2.060,未分组,,,,无音频,error,0.0,False,False,0,0
æµ™æ±Ÿæ•™è‚²,http://ali-m-l.cztv.com/channels/lantian/channel04/720p.m3u8,网络源,æµ™æ±Ÿæ•™è‚².png,2.066,未分组,h264,1280x720,25.0,有音频,疑似假源,0.4948,True,True,1.0,0.0
é™•è¥¿éƒ½å¸‚é’æ˜¥,https://mgtv.ottiptv.cc/migu/956909358.m3u8?migutoken=c3931ea9d3d7ede24a9d13084dadcc55f7f21b114c6c584ca7defd6492ba46b7286dbd751d0f853f83e998e4b0349c62cf4bc570ac83667c4f6bd49a9411edc68e80c1d7f24da79a264d15912b,网络源,é™•è¥¿éƒ½å¸‚é’æ˜¥.png,0.965,未分组,,,,无音频,error,0.0,False,False,0,0
æ¹–åŒ—ç»è§†,https://stream1.freetv.fun/hu-bei-jing-shi-24.m3u8,网络源,æ¹–åŒ—ç»è§†.png,1.919,未分组,,,,无音频,error,0.0,False,False,0,0
å—äº¬æ•™ç§‘,https://mgtv.ottiptv.cc/migu/838153729.m3u8?migutoken=0427a8c0867765b66984ce8ef774d494eeb52a2d6a7eefe17c4b03fa30923700917323b8951caa30617f3eecc1db2844cdff2f7470556533fbc072ad7a7cb0c6284344cc57983294a2b26f4303,网络源,å—äº¬æ•™ç§‘.png,1.357,未分组,,,,无音频,error,0.0,False,False,0,0
å¥å®¹å½±é™¢,http://jrlive.jrntv.com/live/_definst_/yingshis/chunklist_w1994429382.m3u8?zjiangsd,网络源,å¥å®¹å½±é™¢.png,4.377,未分组,h264,720x576,25.0,有音频,疑似假源,0.4896,True,True,1.0,0.0
ä½™æ­ç»¼åˆ,http://l.cztvcloud.com/channels/lantian/SXyuhang1/720p.m3u8?zzhed,网络源,ä½™æ­ç»¼åˆ.png,1.917,未分组,h264,1920x1080,25.0,有音频,疑似假源,0.526,True,True,1.0,0.0
æ¹–å—å…¬å…±,https://stream1.freetv.fun/hu-nan-gong-gong-7.m3u8,网络源,æ¹–å—å…¬å…±.png,1.912,未分组,,,,无音频,error,0.0,False,False,0,0
è¾½å®å½±è§†å‰§,https://stream1.freetv.fun/liao-zhu-ying-shi-ju-2.m3u8,网络源,è¾½å®å½±è§†å‰§.png,2.343,未分组,,,,无音频,error,0.0,False,False,0,0
ä¸Šæµ·éƒ½å¸‚,https://stream1.freetv.fun/shang-hai-du-shi-1.m3u8,网络源,ä¸Šæµ·éƒ½å¸‚.png,2.088,未分组,,,,无音频,error,0.0,False,False,0,0
ç¦å»ºç”µè§†å‰§,http://8.138.7.223/tv/fjtv1.php?id=fjdsj,网络源,ç¦å»ºç”µè§†å‰§.png,4.850,未分组,,,,无音频,error,0.0,False,False,0,0
å¾·é˜³æ–°é—»ç»¼åˆ,https://stream1.freetv.fun/de-yang-xin-wen-zong-he-3.m3u8,网络源,å¾·é˜³æ–°é—»ç»¼åˆ.png,2.099,未分组,,,,无音频,error,0.0,False,False,0,0
å¾·é˜³æ–°é—»ç»¼åˆ,https://stream1.freetv.fun/de-yang-xin-wen-zong-he-2.m3u8,网络源,å¾·é˜³æ–°é—»ç»¼åˆ.png,2.165,未分组,,,,无音频,error,0.0,False,False,0,0
ç¦å»ºç»¼åˆ,https://stream1.freetv.fun/fu-jian-zong-he-2.m3u8,网络源,ç¦å»ºç»¼åˆ.png,1.935,未分组,,,,无音频,error,0.0,False,False,0,0
æ³•æ²»å¤©åœ°,http://171.83.103.119:9999/rtp/239.69.2.10:11214,网络源,æ³•æ²»å¤©åœ°.png,5.831,未分组,h264,1920x1080,25.0,有音频,error,0.0,False,False,0,0
å››å·ç§‘æ•™,https://stream1.freetv.fun/si-chuan-ke-jiao-4.ctv,网络源,å››å·ç§‘æ•™.png,2.105,未分组,,,,无音频,error,0.0,False,False,0,0
æµ™æ±Ÿæ°‘ç”Ÿä¼‘é—²,https://stream1.freetv.fun/zhe-jiang-min-sheng-9.m3u8,网络源,æµ™æ±Ÿæ°‘ç”Ÿä¼‘é—².png,1.999,未分组,,,,无音频,error,0.0,False,False,0,0
é™•è¥¿ä½“è‚²ä¼‘é—²,https://mgtv.ottiptv.cc/migu/956909356.m3u8?migutoken=2cd1b3120e6a6d3cec136ca61cb23c24512860d4956d391b8c7d8a1fce58c3fa549930217eede8887c05f73eb24ac9692be10bdd06557f58130ff6717e37e1b6ba38adfacf8e74298fe1d4f48c,网络源,é™•è¥¿ä½“è‚²ä¼‘é—².png,0.984,未分组,,,,无音频,error,0.0,False,False,0,0
æ±Ÿè‹æ•™è‚²,https://mgtv.ottiptv.cc/migu/628008321.m3u8?migutoken=2a14b3aabc488208548ee93104e880b74d4a395bfa44d7066aecd401da116ee25176f823087e3b4982d4720bd660d81bfff58ed9193c1df26c94a3e4f7a6c10952e5d975a5e4f6244fd9dcc62d,网络源,æ±Ÿè‹æ•™è‚².png,0.773,未分组,,,,无音频,error,0.0,False,False,0,0
æ–°æ˜Œç”Ÿæ´»,http://l.cztvcloud.com/channels/lantian/SXxinchang2/720p.m3u8,网络源,æ–°æ˜Œç”Ÿæ´».png,1.739,未分组,h264,1920x1080,25.0,有音频,疑似假源,0.5052,True,True,1.0,0.0
æ¹–å—éƒ½å¸‚,https://stream1.freetv.fun/hu-nan-du-shi-13.m3u8,网络源,æ¹–å—éƒ½å¸‚.png,1.922,未分组,,,,无音频,error,0.0,False,False,0,0
æµ™æ±Ÿå›½é™…,http://ali-vl.cztv.com/channels/lantian/channel010/360p.m3u8,网络源,æµ™æ±Ÿå›½é™….png,1.829,未分组,h264,640x360,25.0,有音频,疑似假源,0.4844,True,True,1.0,0.0
åŒ—äº¬ç”Ÿæ´»,https://migu.188766.xyz/?migutoken=fcf2fd8a9f5159838c6ecfd1749b8828&id=%E5%8C%97%E4%BA%ACi%E7%94%9F%E6%B4%BB&type=yy,网络源,åŒ—äº¬ç”Ÿæ´».png,0.516,未分组,h264,1920x1080,28.0,有音频,疑似假源,0.5,True,True,1.0,0.0
æ¹–åŒ—å½±è§†,https://stream1.freetv.fun/hu-bei-ying-shi-1.ctv,网络源,æ¹–åŒ—å½±è§†.png,2.213,未分组,,,,无音频,error,0.0,False,False,0,0
å´‡æ˜ç”µè§†å°,https://pili-live-hls.wdit.com.cn/wditlive/c038f4fafbdf4f97ba74c74ad67259b931ee.m3u8,网络源,å´‡æ˜ç”µè§†å°.png,0.218,未分组,,,,无音频,error,0.0,False,False,0,0
æ±Ÿè‹å½±è§†,https://migu.188766.xyz/?migutoken=023ca3fa558e18a1f99ec6d948ad8e9e&id=%E6%B1%9F%E8%8B%8F%E5%BD%B1%E8%A7%86%E9%A2%91%E9%81%93&type=yy,网络源,æ±Ÿè‹å½±è§†.png,0.553,未分组,h264,1920x1080,28.0,有音频,疑似假源,0.5,True,True,1.0,0.0
ç¢å®èµ„è®¯,http://iptv.666230.xyz/iptv/jsyd.php/xzsnzx,网络源,ç¢å®èµ„è®¯.png,0.119,未分组,,,,无音频,error,0.0,False,False,0,0
æ­¦æ±‰äºŒå°ç”µè§†å‰§,https://stream1.freetv.fun/wu-yi-2dian-shi-ju-1.m3u8,网络源,æ­¦æ±‰äºŒå°ç”µè§†å‰§.png,1.928,未分组,,,,无音频,error,0.0,False,False,0,0
æµ™æ±Ÿç”Ÿæ´»,http://ali-vl.cztv.com/channels/lantian/channel003/360p.m3u8,网络源,æµ™æ±Ÿç”Ÿæ´».png,1.807,未分组,h264,640x360,25.0,有音频,疑似假源,0.5104,True,True,1.0,0.0
è¿äº‘æ¸¯å…¬å…±,http://iptv.666230.xyz/iptv/jsyd.php/jslyggonggongpd,网络源,è¿äº‘æ¸¯å…¬å…±.png,0.110,未分组,,,,无音频,error,0.0,False,False,0,0
æ¹–å—ç”µè§†å‰§,https://stream1.freetv.fun/hu-nan-dian-shi-ju-7.m3u8,网络源,æ¹–å—ç”µè§†å‰§.png,1.912,未分组,,,,无音频,error,0.0,False,False,0,0
æµ™æ±Ÿå°‘å„¿,https://stream1.freetv.fun/zhe-jiang-shao-er-6.ctv,网络源,æµ™æ±Ÿå°‘å„¿.png,2.184,未分组,h264,640x360,25.0,有音频,疑似假源,0.526,True,True,1.0,0.0
æ–°é—»ç»¼åˆ,https://stream1.freetv.fun/xin-wen-zong-he-11.ctv,网络源,æ–°é—»ç»¼åˆ.png,2.149,未分组,,,,无音频,error,0.0,False,False,0,0
ä¸Šè™æ–‡åŒ–å½±é™¢,https://stream1.freetv.fun/shang-yu-wen-hua-ying-yuan-3.ctv,网络源,ä¸Šè™æ–‡åŒ–å½±é™¢.png,2.178,未分组,,,,无音频,error,0.0,False,False,0,0
å™å·æ–°é—»ç»¼åˆ,https://stream1.freetv.fun/xu-zhou-xin-wen-zong-he-2.m3u8,网络源,å™å·æ–°é—»ç»¼åˆ.png,2.114,未分组,,,,无音频,error,0.0,False,False,0,0
ä¸Šæµ·çºªå®,https://stream1.freetv.fun/ipv6-shang-hai-ji-shi-ren-wen-3.m3u8,网络源,ä¸Šæµ·çºªå®.png,2.142,未分组,,,,无音频,error,0.0,False,False,0,0
ä¸œæ–¹å½±è§†,https://stream1.freetv.fun/dong-fang-ying-shi-4.ctv,网络源,ä¸œæ–¹å½±è§†.png,2.080,未分组,,,,无音频,error,0.0,False,False,0,0
é‡‘é¹°çºªå®,https://stream1.freetv.fun/jin-ying-ji-shi-35.m3u8,网络源,é‡‘é¹°çºªå®.png,2.098,未分组,,,,无音频,error,0.0,False,False,0,0
æ±Ÿè‹æ•™è‚²,https://t.freetv.fun/live/jiang-su-jiao-yu-1.m3u8,网络源,æ±Ÿè‹æ•™è‚².png,1.697,未分组,,,,无音频,error,0.0,False,False,0,0
æ— é”¡ç”Ÿæ´»,http://stream.thmz.com/wxtv4/sd/live.m3u8?_upt=978cd8731706199708,网络源,æ— é”¡ç”Ÿæ´».png,0.838,未分组,,,,无音频,error,0.0,False,False,0,0
æµ™æ±Ÿæ°‘ç”Ÿä¼‘é—²,https://stream1.freetv.fun/zhe-jiang-min-sheng-8.m3u8,网络源,æµ™æ±Ÿæ°‘ç”Ÿä¼‘é—².png,1.882,未分组,,,,无音频,error,0.0,False,False,0,0
ä¸Šæµ·æ–°é—»ç»¼åˆ,https://stream1.freetv.fun/shang-hai-xin-wen-zong-he-3.m3u8,网络源,ä¸Šæµ·æ–°é—»ç»¼åˆ.png,1.942,未分组,,,,无音频,error,0.0,False,False,0,0
ç¦å»ºç»¼åˆ,https://stream1.freetv.fun/fu-jian-zong-he-1.m3u8,网络源,ç¦å»ºç»¼åˆ.png,1.896,未分组,,,,无音频,error,0.0,False,False,0,0
ç”Ÿæ´»æ—¶å°š,https://stream1.freetv.fun/sheng-huo-shi-shang-17.ctv,网络源,ç”Ÿæ´»æ—¶å°š.png,2.078,未分组,,,,无音频,error,0.0,False,False,0,0
æµ™æ±Ÿç”Ÿæ´»,https://ali-m-l.cztv.com/channels/lantian/channel003/1080p.m3u8?,网络源,æµ™æ±Ÿç”Ÿæ´».png,3.115,未分组,h264,1920x1080,25.0,有音频,疑似假源,0.5208,True,True,1.0,0.0
æ–°æ˜Œæ–°é—»ç»¼åˆ,https://stream1.freetv.fun/xin-chang-xin-wen-zong-he-4.m3u8,网络源,æ–°æ˜Œæ–°é—»ç»¼åˆ.png,1.918,未分组,,,,无音频,error,0.0,False,False,0,0
å¼€åŒ–å›½å®¶å…¬å›­,http://l.cztvcloud.com/channels/lantian/SXkaihua2/720p.m3u8?zzhed,网络源,å¼€åŒ–å›½å®¶å…¬å›­.png,1.950,未分组,h264,1280x720,25.0,有音频,疑似假源,0.5104,True,True,1.0,0.0
ç¦å»ºç»¼åˆ,https://stream1.freetv.fun/fu-jian-zong-he-5.m3u8,网络源,ç¦å»ºç»¼åˆ.png,1.927,未分组,,,,无音频,error,0.0,False,False,0,0
å™å·æ–°é—»ç»¼åˆ,http://pili-live-hls.ybcxjd.com/jdh-live/2108111201035597.m3u8?zsicd,网络源,å™å·æ–°é—»ç»¼åˆ.png,14.121,未分组,,,,无音频,error,0.0,False,False,0,0
æ¹–åŒ—ç”Ÿæ´»,https://stream1.freetv.fun/hu-bei-sheng-huo-3.ctv,网络源,æ¹–åŒ—ç”Ÿæ´».png,2.113,未分组,,,,无音频,error,0.0,False,False,0,0
æ— é”¡éƒ½å¸‚èµ„è®¯,http://stream.thmz.com/wxtv3/playlist.m3u8?_upt=1758133b1706166861,网络源,æ— é”¡éƒ½å¸‚èµ„è®¯.png,0.871,未分组,,,,无音频,error,0.0,False,False,0,0
æ¹–åŒ—å½±è§†,https://stream1.freetv.fun/hu-bei-ying-shi-14.m3u8,网络源,æ¹–åŒ—å½±è§†.png,1.902,未分组,,,,无音频,error,0.0,False,False,0,0
æµ™æ±Ÿå›½é™…,http://ali-m-l.cztv.com/channels/lantian/channel010/1080p.m3u8?zzhed,网络源,æµ™æ±Ÿå›½é™….png,1.796,未分组,h264,1920x1080,25.0,有音频,疑似假源,0.5469,True,True,1.0,0.0
æ¹–å—å…¬å…±,https://stream1.freetv.fun/hu-nan-gong-gong-5.ctv,网络源,æ¹–å—å…¬å…±.png,2.122,未分组,,,,无音频,error,0.0,False,False,0,0
æµ™æ±Ÿé’±æ±Ÿ,https://stream1.freetv.fun/zhe-jiang-qian-jiang-du-shi-3.ctv,网络源,æµ™æ±Ÿé’±æ±Ÿ.png,1.941,未分组,,,,无音频,error,0.0,False,False,0,0
æ³•æ²»å¤©åœ°,http://112.254.55.106:22222/rtp/239.253.254.96:8000,网络源,æ³•æ²»å¤©åœ°.png,1.743,未分组,h264,,25.0,有音频,error,0.0,False,False,0,0
ä¸Šæµ·çºªå®,https://stream1.freetv.fun/ipv6-shang-hai-ji-shi-ren-wen-5.m3u8,网络源,ä¸Šæµ·çºªå®.png,2.797,未分组,,,,无音频,error,0.0,False,False,0,0
æ¹–å—ç»è§†,https://stream1.freetv.fun/hu-nan-jing-shi-15.ctv,网络源,æ¹–å—ç»è§†.png,2.159,未分组,,,,无音频,error,0.0,False,False,0,0
é‡‘å·æ–°é—»ç»¼åˆ,http://live.jinchuanrmt.com:90/live/zhxw.m3u8?zsicd,网络源,é‡‘å·æ–°é—»ç»¼åˆ.png,1.999,未分组,h264,1920x1080,25.0,有音频,error,0.0,False,False,0,0
å—å®æ–°é—»ç»¼åˆ,https://stream1.freetv.fun/nan-zhu-xin-wen-zong-he-3.m3u8,网络源,å—å®æ–°é—»ç»¼åˆ.png,2.122,未分组,,,,无音频,error,0.0,False,False,0,0
é‡åº†æ±½æ‘©,http://120.76.248.139/live/bfgd/4200000168.m3u8,网络源,é‡åº†æ±½æ‘©.png,3.413,未分组,mpeg2video,720x576,25.0,有音频,error,0.0,False,False,0,0
æµ™æ±Ÿå°‘å„¿,https://stream1.freetv.fun/zhe-jiang-shao-er-9.ctv,网络源,æµ™æ±Ÿå°‘å„¿.png,1.911,未分组,,,,无音频,error,0.0,False,False,0,0
è§å±±æ–°é—»ç»¼åˆ,https://stream1.freetv.fun/xiao-shan-xin-wen-zong-he-1.m3u8,网络源,è§å±±æ–°é—»ç»¼åˆ.png,1.910,未分组,,,,无音频,error,0.0,False,False,0,0
æµ™æ±Ÿç”Ÿæ´»,https://stream1.freetv.fun/zhe-jiang-jing-ji-sheng-huo-1.ctv,网络源,æµ™æ±Ÿç”Ÿæ´».png,2.338,未分组,h264,1920x1080,25.0,有音频,疑似假源,0.5208,True,True,1.0,0.0
å¤©æ´¥å«è§†,http://38.75.136.137:98/gslb/dsdqca/tjwshd.m3u8?auth=test20251009,网络源,å¤©æ´¥å«è§†.png,0.139,未分组,,,,无音频,error,0.0,False,False,0,0
é‡‘å·ä¹¡æ‘,http://live.jinchuanrmt.com:90/live/jcxc.m3u8?zsicd,网络源,é‡‘å·ä¹¡æ‘.png,2.919,未分组,h264,1024x576,25.0,有音频,error,0.0,False,False,0,0
æ­¦æ±‰å››å°ç»æµ,https://stream1.freetv.fun/wu-yi-jing-ji-1.m3u8,网络源,æ­¦æ±‰å››å°ç»æµ.png,1.932,未分组,,,,无音频,error,0.0,False,False,0,0
æ¹–å—ç”µè§†å‰§,https://stream1.freetv.fun/hu-nan-dian-shi-ju-3.m3u8,网络源,æ¹–å—ç”µè§†å‰§.png,0.782,未分组,,,,无音频,error,0.0,False,False,0,0
ç¦å»ºç»æµ,https://stream1.freetv.fun/fu-jian-jing-ji-1.m3u8,网络源,ç¦å»ºç»æµ.png,2.150,未分组,,,,无音频,error,0.0,False,False,0,0
æ— é”¡éƒ½å¸‚èµ„è®¯,http://stream.thmz.com/wxtv3/sd/live.m3u8?_upt=978cd8731706199708,网络源,æ— é”¡éƒ½å¸‚èµ„è®¯.png,0.906,未分组,,,,无音频,error,0.0,False,False,0,0
è¾½å®éƒ½å¸‚,https://ls.qingting.fm/live/1099/64k.m3u8,网络源,è¾½å®éƒ½å¸‚.png,3.517,未分组,h264,,,有音频,error,0.0,False,False,0,0
ç¬¬ä¸€è´¢ç»,https://stream1.freetv.fun/di-yi-cai-jing-6.ctv,网络源,ç¬¬ä¸€è´¢ç».png,2.068,未分组,,,,无音频,error,0.0,False,False,0,0
ä¸Šè™æ–‡åŒ–å½±é™¢,https://stream1.freetv.fun/shang-yu-wen-hua-ying-yuan-4.ctv,网络源,ä¸Šè™æ–‡åŒ–å½±é™¢.png,2.077,未分组,,,,无音频,error,0.0,False,False,0,0
ä¸Šæµ·éƒ½å¸‚,https://stream1.freetv.fun/shang-hai-du-shi-7.m3u8,网络源,ä¸Šæµ·éƒ½å¸‚.png,2.113,未分组,,,,无音频,error,0.0,False,False,0,0
ä¸Šæµ·ç¬¬ä¸€è´¢ç»,https://migu.188766.xyz/?migutoken=48076f7837fe4f59da0dbd882998f16d&id=dycj&type=sz,网络源,ä¸Šæµ·ç¬¬ä¸€è´¢ç».png,0.561,未分组,h264,1920x1080,28.0,有音频,疑似假源,0.5,True,True,1.0,0.0
é‡‘é¹°çºªå®,https://stream1.freetv.fun/jin-ying-ji-shi-22.ctv,网络源,é‡‘é¹°çºªå®.png,2.141,未分组,,,,无音频,error,0.0,False,False,0,0
åŒ—äº¬ç”Ÿæ´»,https://migu.188766.xyz/?migutoken=7676312050265378b211c7827880d7f5&id=%E5%8C%97%E4%BA%ACi%E7%94%9F%E6%B4%BB&type=yy,网络源,åŒ—äº¬ç”Ÿæ´».png,0.487,未分组,h264,1920x1080,28.0,有音频,疑似假源,0.5,True,True,1.0,0.0
æ–°æ²‚ç”Ÿæ´»,http://live.xysrmt.cn/shpd/sd/live.m3u8?zjiangsd,网络源,æ–°æ²‚ç”Ÿæ´».png,1.542,未分组,h264,1280x720,25.0,有音频,疑似假源,0.7604,True,True,1.0,0.0
æ¹–å—éƒ½å¸‚,https://stream1.freetv.fun/hu-nan-du-shi-4.m3u8,网络源,æ¹–å—éƒ½å¸‚.png,1.938,未分组,,,,无音频,error,0.0,False,False,0,0
ç¦å»ºç»æµ,https://stream1.freetv.fun/fu-jian-jing-ji-5.m3u8,网络源,ç¦å»ºç»æµ.png,2.188,未分组,,,,无音频,error,0.0,False,False,0,0
ä¸œæ–¹å½±è§†,https://stream1.freetv.fun/ipv6-dong-fang-ying-shi-3.m3u8,网络源,ä¸œæ–¹å½±è§†.png,2.094,未分组,,,,无音频,error,0.0,False,False,0,0
ç”Ÿæ´»æ—¶å°š,https://stream1.freetv.fun/sheng-huo-shi-shang-9.ctv,网络源,ç”Ÿæ´»æ—¶å°š.png,2.115,未分组,,,,无音频,error,0.0,False,False,0,0
è†é—¨æ–°é—»ç»¼åˆ,https://stream1.freetv.fun/jing-men-xin-wen-zong-he-6.m3u8,网络源,è†é—¨æ–°é—»ç»¼åˆ.png,2.128,未分组,,,,无音频,error,0.0,False,False,0,0
æ–°æ²‚æ–°é—»,"http://live.xysrmt.cn/xwzh/sd/live.m3u8?zjiangsd""",网络源,æ–°æ²‚æ–°é—».png,1.579,未分组,h264,1280x720,25.0,有音频,疑似假源,0.7604,True,True,1.0,0.0
æµ™æ±Ÿå›½é™…,https://stream1.freetv.fun/zhe-jiang-guo-ji-7.m3u8,网络源,æµ™æ±Ÿå›½é™….png,2.010,未分组,,,,无音频,error,0.0,False,False,0,0
å™å·æ–°é—»ç»¼åˆ,https://stream1.freetv.fun/xu-zhou-xin-wen-zong-he-7.m3u8,网络源,å™å·æ–°é—»ç»¼åˆ.png,2.443,未分组,,,,无音频,error,0.0,False,False,0,0
å…°æºªæ–°é—»ç»¼åˆ,https://stream1.freetv.fun/lan-xi-xin-wen-zong-he-1.m3u8,网络源,å…°æºªæ–°é—»ç»¼åˆ.png,2.687,未分组,h264,1280x720,25.0,有音频,疑似假源,0.5469,True,True,1.0,0.0
æµ™æ±Ÿé’±æ±Ÿ,https://stream1.freetv.fun/zhe-jiang-qian-jiang-du-shi-5.ctv,网络源,æµ™æ±Ÿé’±æ±Ÿ.png,1.861,未分组,,,,无音频,error,0.0,False,False,0,0
æ–°æ˜Œæ–°é—»ç»¼åˆ,https://stream1.freetv.fun/xin-chang-xin-wen-zong-he-5.ctv,网络源,æ–°æ˜Œæ–°é—»ç»¼åˆ.png,2.108,未分组,,,,无音频,error,0.0,False,False,0,0
å¹³æ¹–æ–°é—»ç»¼åˆ,https://stream1.freetv.fun/ping-hu-xin-wen-zong-he-3.m3u8,网络源,å¹³æ¹–æ–°é—»ç»¼åˆ.png,2.127,未分组,,,,无音频,error,0.0,False,False,0,0
æµ™æ±Ÿæ•™ç§‘,http://ali-m-l.cztv.com/channels/lantian/channel004/1080p.m3u8,网络源,æµ™æ±Ÿæ•™ç§‘.png,1.806,未分组,h264,1920x1080,25.0,有音频,疑似假源,0.5,True,True,1.0,0.0
æ­¦è¿›ç”Ÿæ´»,http://43.251.226.89:8080/play/1042.m3u8,网络源,æ­¦è¿›ç”Ÿæ´».png,1.010,未分组,,,,无音频,error,0.0,False,False,0,0
æ²™æ¹¾ç»¼åˆ,http://tvfile.swrmt.com:80/nmip-media/channellive/channel100064/playlist.m3u8,网络源,æ²™æ¹¾ç»¼åˆ.png,1.207,未分组,,,,无音频,error,0.0,False,False,0,0
æ™®é™€ç”µè§†å°,https://l.cztvcloud.com/channels/lantian/SXputuo1/720p.m3u8,网络源,æ™®é™€ç”µè§†å°.png,6.339,未分组,h264,1280x720,,有音频,疑似假源,0.4688,True,True,1.0,0.0
æ¹–å—ç»è§†,https://stream1.freetv.fun/hu-nan-jing-shi-5.m3u8,网络源,æ¹–å—ç»è§†.png,1.889,未分组,,,,无音频,error,0.0,False,False,0,0
ä¸Šæµ·çºªå®,https://stream1.freetv.fun/shang-hai-ji-shi-ren-wen-1.m3u8,网络源,ä¸Šæµ·çºªå®.png,1.944,未分组,,,,无音频,error,0.0,False,False,0,0
å¾å·å…¬å…±,http://iptv.666230.xyz/iptv/jsyd.php/xzgg,网络源,å¾å·å…¬å…±.png,0.077,未分组,,,,无音频,error,0.0,False,False,0,0
å…¨çºªå®,http://139.196.151.191/rtp/239.45.3.135:5140,网络源,å…¨çºªå®.png,3.422,未分组,,,,无音频,error,0.0,False,False,0,0
æ¹–å—å…¬å…±,https://stream1.freetv.fun/hu-nan-gong-gong-2.ctv,网络源,æ¹–å—å…¬å…±.png,2.235,未分组,,,,无音频,error,0.0,False,False,0,0
è¾½å®æ•™è‚²é’å°‘,https://stream1.freetv.fun/liao-zhu-jiao-yu-qing-shao-1.m3u8,网络源,è¾½å®æ•™è‚²é’å°‘.png,2.118,未分组,,,,无音频,error,0.0,False,False,0,0
ä¸Šè™æ–°å•†éƒ½,https://stream1.freetv.fun/shang-yu-xin-shang-du-4.m3u8,网络源,ä¸Šè™æ–°å•†éƒ½.png,2.058,未分组,,,,无音频,error,0.0,False,False,0,0
ç¬¬ä¸€è´¢ç»,https://stream1.freetv.fun/ipv6-di-yi-cai-jing-11.m3u8,网络源,ç¬¬ä¸€è´¢ç».png,2.158,未分组,,,,无音频,error,0.0,False,False,0,0
çŒé˜³æ–°é—»ç»¼åˆ,https://ls.qingting.fm/live/5043/64k.m3u8,网络源,çŒé˜³æ–°é—»ç»¼åˆ.png,2.705,未分组,h264,,,有音频,error,0.0,False,False,0,0
è¿äº‘æ¸¯æ–°é—»ç»¼åˆ,https://migu.188766.xyz/?migutoken=1b0d5ada0a7a68f9bc0ad66f4464a69d&id=%E8%BF%9E%E4%BA%91%E6%B8%AF%E6%96%B0%E9%97%BB%E7%BB%BC%E5%90%88&type=yy,网络源,è¿äº‘æ¸¯æ–°é—»ç»¼åˆ.png,0.509,未分组,h264,1920x1080,28.0,有音频,疑似假源,0.5,True,True,1.0,0.0
æ±Ÿè‹æ•™è‚²,https://stream1.freetv.fun/7174b4fd66ddb2a7456b7040105dc27a1e57c166593870bb773cb5f6b4546c54.ctv,网络源,æ±Ÿè‹æ•™è‚².png,1.215,未分组,h264,1280x720,25.0,有音频,疑似假源,0.5104,True,True,1.0,0.0
å—å®æ–°é—»ç»¼åˆ,https://stream1.freetv.fun/nan-zhu-xin-wen-zong-he-1.m3u8,网络源,å—å®æ–°é—»ç»¼åˆ.png,2.066,未分组,,,,无音频,error,0.0,False,False,0,0
é‡‘é¹°çºªå®,https://stream1.freetv.fun/jin-ying-ji-shi-2.ctv,网络源,é‡‘é¹°çºªå®.png,2.080,未分组,,,,无音频,error,0.0,False,False,0,0
é–æ±Ÿæ–°é—»ç»¼åˆ,https://stream1.freetv.fun/jing-jiang-xin-wen-zong-he-7.m3u8,网络源,é–æ±Ÿæ–°é—»ç»¼åˆ.png,2.102,未分组,,,,无音频,error,0.0,False,False,0,0
éƒ½å¸‚å‰§åœº,https://satellitepull.cnr.cn/live/wxcqxwgb/playlist.m3u8,网络源,éƒ½å¸‚å‰§åœº.png,4.501,未分组,,,,有音频,error,0.0,False,False,0,0
æµ™æ±Ÿç”Ÿæ´»,https://stream1.freetv.fun/zhe-jiang-jing-ji-sheng-huo-7.ctv,网络源,æµ™æ±Ÿç”Ÿæ´».png,1.902,未分组,,,,无音频,error,0.0,False,False,0,0
æ¹–åŒ—ç”Ÿæ´»,https://stream1.freetv.fun/hu-bei-sheng-huo-2.m3u8,网络源,æ¹–åŒ—ç”Ÿæ´».png,1.911,未分组,,,,无音频,error,0.0,False,False,0,0
æ¹–å—éƒ½å¸‚,https://stream1.freetv.fun/hu-nan-du-shi-8.m3u8,网络源,æ¹–å—éƒ½å¸‚.png,1.867,未分组,,,,无音频,error,0.0,False,False,0,0
ç¦å»ºæ–°é—»,https://stream1.freetv.fun/fu-jian-xin-wen-3.m3u8,网络源,ç¦å»ºæ–°é—».png,1.899,未分组,,,,无音频,error,0.0,False,False,0,0
æ¹–å—ç”µè§†å‰§,https://stream1.freetv.fun/hu-nan-dian-shi-ju-1.m3u8,网络源,æ¹–å—ç”µè§†å‰§.png,1.894,未分组,,,,无音频,error,0.0,False,False,0,0
ç¦å»ºç”µè§†å‰§,https://stream1.freetv.fun/fu-jian-dian-shi-ju-4.m3u8,网络源,ç¦å»ºç”µè§†å‰§.png,1.902,未分组,,,,无音频,error,0.0,False,False,0,0
æ–°é—»ç»¼åˆ,https://m3u8channel.yunxya.com/nmip-media/channellive/channel100028/playlist.m3u8,网络源,æ–°é—»ç»¼åˆ.png,4.710,未分组,h264,1920x1080,25.0,有音频,疑似假源,0.5,True,True,1.0,0.0
ä¸Šæµ·éƒ½å¸‚,https://stream1.freetv.fun/shang-hai-du-shi-10.m3u8,网络源,ä¸Šæµ·éƒ½å¸‚.png,2.226,未分组,,,,无音频,error,0.0,False,False,0,0
å…°æºªæ–°é—»ç»¼åˆ,http://l.cztvcloud.com/channels/lantian/SXlanxi1/720p.m3u8?zzhed,网络源,å…°æºªæ–°é—»ç»¼åˆ.png,1.860,未分组,h264,1280x720,25.0,有音频,疑似假源,0.5469,True,True,1.0,0.0
æµ™æ±Ÿæ°‘ç”Ÿ,https://ali-m-l.cztv.com/channels/lantian/channel006/1080p.m3u8?,网络源,æµ™æ±Ÿæ°‘ç”Ÿ.png,3.362,未分组,h264,1920x1080,25.0,有音频,疑似假源,0.526,True,True,1.0,0.0
ä¸Šæµ·ç¬¬ä¸€è´¢ç»,https://mgtv.ottiptv.cc/migu/608780988.m3u8?migutoken=0c7df30d952e5d120406d3eb259cd5e26ec6aa86037008719de147cc6fbc34e877c3e3d7b9617267f35521bdddc4c5995e6fc0583816a5df1bfe19814868525e736733676761a4b2d4db618e84,网络源,ä¸Šæµ·ç¬¬ä¸€è´¢ç».png,5.847,未分组,,,,无音频,error,0.0,False,False,0,0
è†é—¨æ–°é—»ç»¼åˆ,https://stream1.freetv.fun/jing-men-xin-wen-zong-he-2.m3u8,网络源,è†é—¨æ–°é—»ç»¼åˆ.png,2.153,未分组,,,,无音频,error,0.0,False,False,0,0
æ— é”¡ç”Ÿæ´»,https://stream.thmz.com/wxtv4/playlist.m3u8,网络源,æ— é”¡ç”Ÿæ´».png,1.349,未分组,,,,无音频,error,0.0,False,False,0,0
æµ™æ±Ÿæ°‘ç”Ÿ,http://ali-m-l.cztv.com/channels/lantian/channel06/1080p.m3u8,网络源,æµ™æ±Ÿæ°‘ç”Ÿ.png,2.288,未分组,h264,1920x1080,25.0,有音频,疑似假源,0.5,True,True,1.0,0.0
æ­¦æ±‰æ•™è‚²,https://stream1.freetv.fun/wu-yi-jiao-yu-4.m3u8,网络源,æ­¦æ±‰æ•™è‚².png,1.901,未分组,,,,无音频,error,0.0,False,False,0,0
ç¦å»ºæ–°é—»,https://stream1.freetv.fun/fu-jian-xin-wen-5.m3u8,网络源,ç¦å»ºæ–°é—».png,1.904,未分组,,,,无音频,error,0.0,False,False,0,0
å…°æºªæ–°é—»ç»¼åˆ,https://stream1.freetv.fun/lan-xi-xin-wen-zong-he-3.m3u8,网络源,å…°æºªæ–°é—»ç»¼åˆ.png,2.052,未分组,,,,无音频,error,0.0,False,False,0,0
åŒ—äº¬è´¢ç»,https://migu.188766.xyz/?migutoken=c08ea955ec38f0a4d9526118b6474ec8&id=%E5%8C%97%E4%BA%AC%E8%B4%A2%E7%BB%8F&type=yy,网络源,åŒ—äº¬è´¢ç».png,0.504,未分组,h264,1920x1080,28.0,有音频,疑似假源,0.5,True,True,1.0,0.0
æµ™æ±Ÿå›½é™…,https://stream1.freetv.fun/zhe-jiang-guo-ji-10.m3u8,网络源,æµ™æ±Ÿå›½é™….png,1.901,未分组,,,,无音频,error,0.0,False,False,0,0
é„å·ä¸€å¥—,http://pili-publish.yzxw.newaircloud.com/newaircloud-yzxw/yzxw_20190925090843.m3u8?zzhed,网络源,é„å·ä¸€å¥—.png,14.156,未分组,,,,无音频,error,0.0,False,False,0,0
å™å·æ–°é—»ç»¼åˆ,https://stream1.freetv.fun/xu-zhou-xin-wen-zong-he-3.m3u8,网络源,å™å·æ–°é—»ç»¼åˆ.png,2.102,未分组,,,,无音频,error,0.0,False,False,0,0
é™•è¥¿å…¬å…±,http://ls.qingting.fm/live/1222.m3u8,网络源,é™•è¥¿å…¬å…±.png,1.600,未分组,,,,有音频,error,0.0,False,False,0,0
å…°æºªæ–°é—»ç»¼åˆ,http://l.cztvcloud.com/channels/lantian/SXlanxi1/720p.m3u8,网络源,å…°æºªæ–°é—»ç»¼åˆ.png,1.867,未分组,h264,1280x720,25.0,有音频,疑似假源,0.5469,True,True,1.0,0.0
æ— é”¡éƒ½å¸‚èµ„è®¯,http://stream.thmz.com/wxtv3/sd/live.m3u8,网络源,æ— é”¡éƒ½å¸‚èµ„è®¯.png,0.814,未分组,,,,无音频,error,0.0,False,False,0,0
å¹¿è¥¿å›½é™…,http://hlscdn.liangtv.cn/live/0234c48e0bc24fe1b41b9999a253e581/1075ee38e04f490690f6a36a16e09c79.m3u8?fbl=,网络源,å¹¿è¥¿å›½é™….png,2.297,未分组,h264,1920x1080,25.0,有音频,error,0.0,False,False,0,0
ä¸Šæµ·ç¬¬ä¸€è´¢ç»,https://migu.188766.xyz/?migutoken=f162d79cfa5cd6a82772cf04a780fbf6&id=dycj&type=sz,网络源,ä¸Šæµ·ç¬¬ä¸€è´¢ç».png,0.563,未分组,h264,1920x1080,28.0,有音频,疑似假源,0.5,True,True,1.0,0.0
æ±Ÿè‹å…¬å…±,http://iptv.666230.xyz/iptv/jsyd.php/G_JSGG,网络源,æ±Ÿè‹å…¬å…±.png,0.078,未分组,,,,无音频,error,0.0,False,False,0,0
è‹å·æ–‡åŒ–ç”Ÿæ´»,https://stream1.freetv.fun/su-zhou-wen-hua-sheng-huo-2.m3u8,网络源,è‹å·æ–‡åŒ–ç”Ÿæ´».png,2.283,未分组,,,,无音频,error,0.0,False,False,0,0
ç”Ÿæ´»æ—¶å°š,https://stream1.freetv.fun/sheng-huo-shi-shang-29.m3u8,网络源,ç”Ÿæ´»æ—¶å°š.png,1.897,未分组,,,,无音频,error,0.0,False,False,0,0
æ±Ÿè‹åŸå¸‚,https://mgtv.ottiptv.cc/migu/626064714.m3u8?migutoken=02cafbc9d94c9e5e26c383c50287313c55f7e68abea08e811428e9b13cd8e46f93919d1a0859b1c76d8e4e78e1f7b8a6f89d71daf38a8275ac7633b59bcdb7cbf189e3152afb4fa80fadf4b134,网络源,æ±Ÿè‹åŸå¸‚.png,10.334,未分组,,,,无音频,error,0.0,False,False,0,0
æµ™æ±Ÿç”Ÿæ´»,https://stream1.freetv.fun/zhe-jiang-jing-ji-sheng-huo-8.ctv,网络源,æµ™æ±Ÿç”Ÿæ´».png,1.947,未分组,,,,无音频,error,0.0,False,False,0,0
æ¹–å—å…¬å…±,https://stream1.freetv.fun/hu-nan-gong-gong-7.ctv,网络源,æ¹–å—å…¬å…±.png,2.100,未分组,,,,无音频,error,0.0,False,False,0,0
å¹³æ¹–æ–°é—»ç»¼åˆ,https://stream1.freetv.fun/ping-hu-xin-wen-zong-he-5.m3u8,网络源,å¹³æ¹–æ–°é—»ç»¼åˆ.png,2.096,未分组,,,,无音频,error,0.0,False,False,0,0
æ–°é—»ç»¼åˆ,https://stream1.freetv.fun/ipv6-xin-wen-zong-he-7.m3u8,网络源,æ–°é—»ç»¼åˆ.png,1.906,未分组,,,,无音频,error,0.0,False,False,0,0
æ­¦æ±‰ä¸€å°æ–°é—»ç»¼åˆ,https://ls.qingting.fm/live/20198/64k.m3u8,网络源,æ­¦æ±‰ä¸€å°æ–°é—»ç»¼åˆ.png,2.991,未分组,h264,,,有音频,error,0.0,False,False,0,0
æ±¶å·æ–°é—»ç»¼åˆ,http://file.ysxtv.cn/cms/videos/nmip-media/channellive/channel4/playlist.m3u8?zsicd#rtmp://tv.mcrm.org.cn:1935/channellive/tv01,网络源,æ±¶å·æ–°é—»ç»¼åˆ.png,2.702,未分组,h264,1280x720,,有音频,疑似假源,0.5312,True,True,1.0,0.0
æ­å·ç”Ÿæ´»,https://stream1.freetv.fun/hang-zhou-sheng-huo-1.ctv,网络源,æ­å·ç”Ÿæ´».png,1.929,未分组,,,,无音频,error,0.0,False,False,0,0
æµ™æ±Ÿå°‘å„¿,http://ali-m-l.cztv.com/channels/lantian/channel008/1080p.m3u8,网络源,æµ™æ±Ÿå°‘å„¿.png,1.730,未分组,h264,1920x1080,25.0,有音频,疑似假源,0.4896,True,True,1.0,0.0
é„å·äºŒå¥—,http://pili-publish.yzxw.newaircloud.com/newaircloud-yzxw/yzxw_20190925090936.m3u8?zzhed,网络源,é„å·äºŒå¥—.png,13.753,未分组,,,,无音频,error,0.0,False,False,0,0
å—å®æ–°é—»ç»¼åˆ,https://stream1.freetv.fun/nan-zhu-xin-wen-zong-he-4.m3u8,网络源,å—å®æ–°é—»ç»¼åˆ.png,2.094,未分组,,,,无音频,error,0.0,False,False,0,0
æ¹–åŒ—å…¬å…±,https://stream1.freetv.fun/hu-bei-gong-gong-5.ctv,网络源,æ¹–åŒ—å…¬å…±.png,2.115,未分组,,,,无音频,error,0.0,False,False,0,0
ä½™å§šç»¼åˆ,http://l.cztvcloud.com/channels/lantian/SXyuyao1/720p.m3u8,网络源,ä½™å§šç»¼åˆ.png,1.840,未分组,h264,1920x1080,25.0,有音频,疑似假源,0.4896,True,True,1.0,0.0
æ— é”¡ç»æµ,https://stream.thmz.com/wxtv5/playlist.m3u8,网络源,æ— é”¡ç»æµ.png,1.556,未分组,,,,无音频,error,0.0,False,False,0,0
åŒ—äº¬ç”Ÿæ´»,https://wstvcpudali.v.myalicdn.com/wstvcpud/udrmbtv7_1/index.m3u8?adapt=0&BR=audio,网络源,åŒ—äº¬ç”Ÿæ´».png,4.784,未分组,,,,有音频,error,0.0,False,False,0,0
é–æ±Ÿæ–°é—»ç»¼åˆ,https://stream1.freetv.fun/jing-jiang-xin-wen-zong-he-1.m3u8,网络源,é–æ±Ÿæ–°é—»ç»¼åˆ.png,2.096,未分组,,,,无音频,error,0.0,False,False,0,0
å—äº¬æ–°é—»ç»¼åˆ,https://mgtv.ottiptv.cc/migu/838109047.m3u8?migutoken=d3d943815e6d6e9e9493a9b4b1d5a1d360bb5f3c04230f6d4d71f7f7c9f30771d321f1c262008c92ffde17fef4a62d1e1c58d5a9454573fb1489994d9be29f4e1cc7786813b671581eda4b9439,网络源,å—äº¬æ–°é—»ç»¼åˆ.png,10.677,未分组,,,,无音频,error,0.0,False,False,0,0
ç¦å»ºç”µè§†å‰§,https://stream1.freetv.fun/fu-jian-dian-shi-ju-2.m3u8,网络源,ç¦å»ºç”µè§†å‰§.png,1.916,未分组,,,,无音频,error,0.0,False,False,0,0
ç¬¬ä¸€è´¢ç»,https://stream1.freetv.fun/ipv6-di-yi-cai-jing-6.m3u8,网络源,ç¬¬ä¸€è´¢ç».png,2.110,未分组,,,,无音频,error,0.0,False,False,0,0
æ´å¤´ç»¼åˆ,http://l.cztvcloud.com/channels/lantian/SXdongtou1/720p.m3u8,网络源,æ´å¤´ç»¼åˆ.png,2.165,未分组,h264,720x540,25.0,有音频,疑似假源,0.526,True,True,1.0,0.0
æµ™æ±Ÿé‚æ˜Œ,http://l.cztvcloud.com/channels/lantian/SXsuichang1/720p.m3u8,网络源,æµ™æ±Ÿé‚æ˜Œ.png,1.800,未分组,h264,1920x1080,25.0,有音频,疑似假源,0.526,True,True,1.0,0.0
æ¹–å—éƒ½å¸‚,https://stream1.freetv.fun/hu-nan-du-shi-9.m3u8,网络源,æ¹–å—éƒ½å¸‚.png,2.154,未分组,,,,无音频,error,0.0,False,False,0,0
æ¹–åŒ—ç”Ÿæ´»,https://stream1.freetv.fun/hu-bei-sheng-huo-4.ctv,网络源,æ¹–åŒ—ç”Ÿæ´».png,2.074,未分组,,,,无音频,error,0.0,False,False,0,0
æ¹–å—ç”µè§†å‰§,https://stream1.freetv.fun/hu-nan-dian-shi-ju-10.ctv,网络源,æ¹–å—ç”µè§†å‰§.png,2.065,未分组,,,,无音频,error,0.0,False,False,0,0
å¦é—¨å«è§†,http://8.138.7.223/tv/fjtv1.php?id=xmws,网络源,å¦é—¨å«è§†.png,4.853,未分组,,,,无音频,error,0.0,False,False,0,0
æ¹–å—æ•™è‚²,https://stream1.freetv.fun/hu-nan-jiao-yu-6.ctv,网络源,æ¹–å—æ•™è‚².png,2.165,未分组,,,,无音频,error,0.0,False,False,0,0
æ— é”¡ç»æµ,http://43.251.226.89:8080/play/1047.m3u8,网络源,æ— é”¡ç»æµ.png,0.980,未分组,,,,无音频,error,0.0,False,False,0,0
æ­¦æ±‰æ•™è‚²,https://stream1.freetv.fun/wu-yi-jiao-yu-6.m3u8,网络源,æ­¦æ±‰æ•™è‚².png,1.893,未分组,,,,无音频,error,0.0,False,False,0,0
è¿äº‘æ¸¯æ–°é—»ç»¼åˆ,https://stream1.freetv.fun/lian-yun-gang-xin-wen-zong-he-3.ctv,网络源,è¿äº‘æ¸¯æ–°é—»ç»¼åˆ.png,2.074,未分组,,,,无音频,error,0.0,False,False,0,0
ä¸œæ–¹å½±è§†,http://www.wmviv.com/iptv/bc2t.php?id=dfys,网络源,ä¸œæ–¹å½±è§†.png,0.617,未分组,,,,无音频,error,0.0,False,False,0,0
æ¹–å—ç»è§†,https://stream1.freetv.fun/hu-nan-jing-shi-2.m3u8,网络源,æ¹–å—ç»è§†.png,1.902,未分组,,,,无音频,error,0.0,False,False,0,0
å¼€åŒ–å›½å®¶å…¬å›­,http://l.cztvcloud.com/channels/lantian/SXkaihua2/720p.m3u8?zzhed#http://l.cztvcloud.com/channels/lantian/SXkaihua2/720p.m3u8zzhed#http://l.cztvcloud.com/channels/lantian/SXkaihua2/720p.m3u8,网络源,å¼€åŒ–å›½å®¶å…¬å›­.png,2.020,未分组,h264,1280x720,25.0,有音频,疑似假源,0.5104,True,True,1.0,0.0
ä½™å§šç»¼åˆ,http://l.cztvcloud.com/channels/lantian/SXyuyao1/720p.m3u8?zzhed,网络源,ä½™å§šç»¼åˆ.png,2.025,未分组,h264,1920x1080,25.0,有音频,疑似假源,0.4896,True,True,1.0,0.0
å¥å®¹ç”Ÿæ´»,http://43.251.226.89:8080/play/1052.m3u8,网络源,å¥å®¹ç”Ÿæ´».png,1.001,未分组,,,,无音频,error,0.0,False,False,0,0
ç¦å»ºç»¼åˆ,http://8.138.7.223/tv/fjtv1.php?id=fjzh,网络源,ç¦å»ºç»¼åˆ.png,4.773,未分组,,,,无音频,error,0.0,False,False,0,0
é‡åº†æ—¶å°šè´­ç‰©,https://tvlive.ugoshop.com/ugotvlive/ssgotv.m3u8?auth_key=2312509421-0-0-6642ec3645caa943da6855a9ef7e2129,网络源,é‡åº†æ—¶å°šè´­ç‰©.png,1.538,未分组,,,,无音频,error,0.0,False,False,0,0
æ¹–åŒ—ç»¼åˆ,https://stream1.freetv.fun/hu-bei-zong-he-4.ctv,网络源,æ¹–åŒ—ç»¼åˆ.png,2.109,未分组,,,,无音频,error,0.0,False,False,0,0
å™å·æ–°é—»ç»¼åˆ,https://stream1.freetv.fun/xu-zhou-xin-wen-zong-he-1.m3u8,网络源,å™å·æ–°é—»ç»¼åˆ.png,2.044,未分组,,,,无音频,error,0.0,False,False,0,0
æµ™æ±Ÿæ°‘ç”Ÿ,http://ali-m-l.cztv.com/channels/lantian/channel06/720p.m3u8,网络源,æµ™æ±Ÿæ°‘ç”Ÿ.png,2.258,未分组,h264,1280x720,25.0,有音频,疑似假源,0.5104,True,True,1.0,0.0
é‡‘å·æ–°é—»ç»¼åˆ,https://stream1.freetv.fun/jin-chuan-xin-wen-zong-he-2.m3u8,网络源,é‡‘å·æ–°é—»ç»¼åˆ.png,2.065,未分组,,,,无音频,error,0.0,False,False,0,0
ç¦å»ºæ–°é—»,https://stream1.freetv.fun/fu-jian-xin-wen-2.m3u8,网络源,ç¦å»ºæ–°é—».png,1.897,未分组,,,,无音频,error,0.0,False,False,0,0
æº§æ°´æ–°é—»ç»¼åˆ,https://mgtv.ottiptv.cc/migu/639737327.m3u8?migutoken=4c07b7afe94ad06d114a6bccae5747804d493ab7b1100069e485b78d3cb91c0fb0dbd92aa90a6157d7066e5b90780fabf5e150e17ebb9bc72b8bb18f43c5acddd1c0fd4d1904a99210aa962135,网络源,æº§æ°´æ–°é—»ç»¼åˆ.png,3.470,未分组,,,,无音频,error,0.0,False,False,0,0
ä½™å§šç»¼åˆ,http://l.cztvcloud.com/channels/lantian/SXyuyao1/720p.m3u8?,网络源,ä½™å§šç»¼åˆ.png,2.004,未分组,h264,1920x1080,25.0,有音频,疑似假源,0.4896,True,True,1.0,0.0
æ±Ÿè‹å½±è§†,https://stream1.freetv.fun/a89dd489fa013bc4f36bcc4afe388f1783e2251c276e2566a9359d68a61c6d91.ctv,网络源,æ±Ÿè‹å½±è§†.png,1.301,未分组,h264,1280x720,25.0,有音频,疑似假源,0.5104,True,True,1.0,0.0
æµ™æ±Ÿç»æµ,http://ali-m-l.cztv.com/channels/lantian/channel03/720p.m3u8,网络源,æµ™æ±Ÿç»æµ.png,1.887,未分组,h264,1280x720,25.0,有音频,疑似假源,0.4948,True,True,1.0,0.0
ç¦å»ºç”µè§†å‰§,https://stream1.freetv.fun/fu-jian-dian-shi-ju-5.m3u8,网络源,ç¦å»ºç”µè§†å‰§.png,1.904,未分组,,,,无音频,error,0.0,False,False,0,0
åŒ—äº¬æ–°é—»,https://ls.qingting.fm/live/339/64k.m3u8,网络源,åŒ—äº¬æ–°é—».png,2.684,未分组,h264,,,有音频,error,0.0,False,False,0,0
æ–°é—»ç»¼åˆ,https://stream1.freetv.fun/xin-wen-zong-he-9.m3u8,网络源,æ–°é—»ç»¼åˆ.png,1.859,未分组,,,,无音频,error,0.0,False,False,0,0
ç¦å»ºå°‘å„¿,https://stream1.freetv.fun/fu-jian-shao-er-4.m3u8,网络源,ç¦å»ºå°‘å„¿.png,1.886,未分组,,,,无音频,error,0.0,False,False,0,0
ä¸Šæµ·ç¬¬ä¸€è´¢ç»,https://migu.188766.xyz/?migutoken=f7d1839936c9e9599abe6d13f273815f&id=dycj&type=sz,网络源,ä¸Šæµ·ç¬¬ä¸€è´¢ç».png,0.548,未分组,h264,1920x1080,28.0,有音频,疑似假源,0.5,True,True,1.0,0.0
æ±Ÿè‹åŸå¸‚,https://stream1.freetv.fun/675206b8446ce719bfb293b5a5296db3aa26521c9810de7c996838247cc56964.ctv,网络源,æ±Ÿè‹åŸå¸‚.png,1.258,未分组,h264,1280x720,25.0,有音频,疑似假源,0.5104,True,True,1.0,0.0
ç¦å»ºç»æµ,http://satellitepull.cnr.cn/live/wx32fjdnjjgb/playlist.m3u8,网络源,ç¦å»ºç»æµ.png,3.579,未分组,,,,有音频,error,0.0,False,False,0,0
ç”Ÿæ´»æ—¶å°š,https://stream1.freetv.fun/sheng-huo-shi-shang-5.ctv,网络源,ç”Ÿæ´»æ—¶å°š.png,2.088,未分组,,,,无音频,error,0.0,False,False,0,0
åŒ—äº¬è´¢ç»,https://migu.188766.xyz/?migutoken=cc53eb44d2b32d63d359c351275b9ae6&id=%E5%8C%97%E4%BA%AC%E8%B4%A2%E7%BB%8F&type=yy,网络源,åŒ—äº¬è´¢ç».png,0.637,未分组,h264,1920x1080,28.0,有音频,疑似假源,0.5,True,True,1.0,0.0
æµ™æ±Ÿæ°‘ç”Ÿ,http://ali-m-l.cztv.com/channels/lantian/channel006/1080p.m3u8,网络源,æµ™æ±Ÿæ°‘ç”Ÿ.png,2.042,未分组,h264,1920x1080,25.0,有音频,疑似假源,0.526,True,True,1.0,0.0
é‚æ˜Œç»¼åˆ,http://l.cztvcloud.com/channels/lantian/SXsuichang1/720p.m3u8?zzhed,网络源,é‚æ˜Œç»¼åˆ.png,1.724,未分组,h264,1920x1080,25.0,有音频,疑似假源,0.526,True,True,1.0,0.0
åŠ¨æ¼«ç§€åœº,https://stream1.freetv.fun/dong-man-xiu-chang-9.ctv,网络源,åŠ¨æ¼«ç§€åœº.png,2.026,未分组,,,,无音频,error,0.0,False,False,0,0
åŠ¨æ¼«ç§€åœº,http://php.jdshipin.com/itv6.php?cid=bestzb&id=5000000011000031113,网络源,åŠ¨æ¼«ç§€åœº.png,1.241,未分组,,,,无音频,error,0.0,False,False,0,0
è¾½å®ç”Ÿæ´»,https://stream1.freetv.fun/liao-zhu-sheng-huo-1.m3u8,网络源,è¾½å®ç”Ÿæ´».png,2.076,未分组,,,,无音频,error,0.0,False,False,0,0
ä¸Šæµ·æ–°é—»ç»¼åˆ,https://mgtv.ottiptv.cc/migu/651632657.m3u8?migutoken=348c9164063c2b1df215dd2fa7cd92cb119d8a335ae0edfb5d615a6c714e71b669eee2f5ff1730afa92af7ca41d0aa96e3a280d7e5f2069eb8a3b852f3ebc270147489d7c8bfb08a7c4b9c4d80,网络源,ä¸Šæµ·æ–°é—»ç»¼åˆ.png,0.813,未分组,,,,无音频,error,0.0,False,False,0,0
ç¦å»ºç”µè§†å‰§,https://stream1.freetv.fun/fu-jian-dian-shi-ju-1.m3u8,网络源,ç¦å»ºç”µè§†å‰§.png,1.910,未分组,,,,无音频,error,0.0,False,False,0,0
æ— é”¡ç»æµ,http://43.251.226.89:8080/play/527.m3u8,网络源,æ— é”¡ç»æµ.png,2.023,未分组,,,,无音频,error,0.0,False,False,0,0
æ— é”¡éƒ½å¸‚èµ„è®¯,http://stream.thmz.com/wxtv3/sd/live.m3u8?zjiangsd#http://stream.thmz.com/wxtv3/sd/live.m3u8?_upt=978cd8731706199708#http://stream.thmz.com/wxtv3/playlist.m3u8#http://stream.thmz.com/wxtv3/playlist.m3u8?_upt=1758133b1706166861,网络源,æ— é”¡éƒ½å¸‚èµ„è®¯.png,0.866,未分组,,,,无音频,error,0.0,False,False,0,0
æ¹–å·å…¬å…±,https://stream1.freetv.fun/hu-zhou-gong-gong-9.m3u8,网络源,æ¹–å·å…¬å…±.png,2.140,未分组,,,,无音频,error,0.0,False,False,0,0
ä¸ƒå½©æˆå‰§,http://www.wmviv.com/iptv/bc2t.php?id=qcxj,网络源,ä¸ƒå½©æˆå‰§.png,0.818,未分组,,,,无音频,error,0.0,False,False,0,0
å®œå…´æ–°é—»,https://stream1.freetv.fun/yi-xing-xin-wen-2.m3u8,网络源,å®œå…´æ–°é—».png,2.088,未分组,,,,无音频,error,0.0,False,False,0,0
é‡‘å·æ–°é—»ç»¼åˆ,https://stream1.freetv.fun/jin-chuan-xin-wen-zong-he-3.m3u8,网络源,é‡‘å·æ–°é—»ç»¼åˆ.png,2.129,未分组,,,,无音频,error,0.0,False,False,0,0
æ­å·ç”Ÿæ´»,https://stream1.freetv.fun/hang-zhou-sheng-huo-2.ctv,网络源,æ­å·ç”Ÿæ´».png,1.927,未分组,,,,无音频,error,0.0,False,False,0,0
é•¿æ²™æ–°é—»ç»¼åˆ,http://ls.qingting.fm/live/4877.m3u8,网络源,é•¿æ²™æ–°é—»ç»¼åˆ.png,1.635,未分组,,,,有音频,error,0.0,False,False,0,0
æ— é”¡ç»æµ,http://stream.thmz.com/wxtv5/sd/live.m3u8?zjiangsd,网络源,æ— é”¡ç»æµ.png,1.813,未分组,,,,无音频,error,0.0,False,False,0,0
æ­¦ä¹‰æ–°é—»ç»¼åˆ,https://stream1.freetv.fun/wu-yi-xin-wen-zong-he-3.m3u8,网络源,æ­¦ä¹‰æ–°é—»ç»¼åˆ.png,1.890,未分组,,,,无音频,error,0.0,False,False,0,0
æ–‡æˆç»¼åˆ,http://l.cztvcloud.com/channels/lantian/SXwencheng1/720p.m3u8?zzhed,网络源,æ–‡æˆç»¼åˆ.png,1.919,未分组,h264,1280x720,25.0,有音频,疑似假源,0.5573,True,True,1.0,0.0
æ­¦æ±‰æ•™è‚²,https://stream1.freetv.fun/wu-yi-jiao-yu-8.m3u8,网络源,æ­¦æ±‰æ•™è‚².png,1.855,未分组,,,,无音频,error,0.0,False,False,0,0
æ¹–å—ç»è§†,https://stream1.freetv.fun/hu-nan-jing-shi-4.m3u8,网络源,æ¹–å—ç»è§†.png,1.923,未分组,,,,无音频,error,0.0,False,False,0,0
ä¹‹æ±Ÿçºªå½•,https://ali-m-l.cztv.com/channels/lantian/channel12/720p.m3u8,网络源,ä¹‹æ±Ÿçºªå½•.png,3.130,未分组,h264,1280x720,25.0,有音频,疑似假源,0.5312,True,True,1.0,0.0
è‹å—æ–°é—»ç»¼åˆ,https://stream1.freetv.fun/cang-nan-xin-wen-zong-he-5.m3u8,网络源,è‹å—æ–°é—»ç»¼åˆ.png,3.604,未分组,,,,无音频,error,0.0,False,False,0,0
æ¹–å—éƒ½å¸‚,https://stream1.freetv.fun/hu-nan-du-shi-6.ctv,网络源,æ¹–å—éƒ½å¸‚.png,3.151,未分组,,,,无音频,error,0.0,False,False,0,0
æ— é”¡å¨±ä¹,http://stream.thmz.com/wxtv2/playlist.m3u8?_upt=5ff4061f1706166872,网络源,æ— é”¡å¨±ä¹.png,0.904,未分组,,,,无音频,error,0.0,False,False,0,0
ç¬¬ä¸€è´¢ç»,https://stream1.freetv.fun/di-yi-cai-jing-12.m3u8,网络源,ç¬¬ä¸€è´¢ç».png,2.407,未分组,,,,无音频,error,0.0,False,False,0,0
ç¦å»ºå°‘å„¿,https://stream1.freetv.fun/fu-jian-shao-er-1.m3u8,网络源,ç¦å»ºå°‘å„¿.png,1.894,未分组,,,,无音频,error,0.0,False,False,0,0
ä¸Šæµ·ç¬¬ä¸€è´¢ç»,https://migu.188766.xyz/?migutoken=82a78e07753ce670fd48b5aaf5f8d25b&id=dycj&type=sz,网络源,ä¸Šæµ·ç¬¬ä¸€è´¢ç».png,0.579,未分组,h264,1920x1080,28.0,有音频,疑似假源,0.5,True,True,1.0,0.0
ä¸Šæµ·ç¬¬ä¸€è´¢ç»,https://satellitepull.cnr.cn/live/wx32dycjgb/playlist.m3u8,网络源,ä¸Šæµ·ç¬¬ä¸€è´¢ç».png,4.100,未分组,,,,有音频,error,0.0,False,False,0,0
å¹¿å…ƒç»¼åˆ,https://stream1.freetv.fun/yan-yuan-zong-he-1.m3u8,网络源,å¹¿å…ƒç»¼åˆ.png,2.082,未分组,,,,无音频,error,0.0,False,False,0,0
æ·®é˜´ç»¼åˆ,https://huaiyin-tv-replay.cm.jstv.com/huaiyin-tv/huaiyinf.m3u8,网络源,æ·®é˜´ç»¼åˆ.png,4.446,未分组,h264,1920x1080,25.0,有音频,error,0.0,False,False,0,0
æ— é”¡ç»æµ,http://stream.thmz.com/wxtv5/playlist.m3u8?_upt=10155d141706166867,网络源,æ— é”¡ç»æµ.png,0.796,未分组,,,,无音频,error,0.0,False,False,0,0
åŒ—äº¬è´¢ç»,https://migu.188766.xyz/?migutoken=c8b534aec73742e548cb389e18d991a8&id=%E5%8C%97%E4%BA%AC%E8%B4%A2%E7%BB%8F&type=yy,网络源,åŒ—äº¬è´¢ç».png,0.670,未分组,h264,1920x1080,28.0,有音频,疑似假源,0.5,True,True,1.0,0.0
è¥å±±ç”µè§†å°,http://file.ysxtv.cn/cms/videos/nmip-media/channellive/channel4/playlist.m3u8?zsicd#http://file.ysxtv.cn/cms/videos/nmip-media/channellive/channel4/playlist.m3u8,网络源,è¥å±±ç”µè§†å°.png,2.667,未分组,h264,1280x720,,有音频,疑似假源,0.5312,True,True,1.0,0.0
æ­å·ç»¼åˆ,https://stream1.freetv.fun/hang-zhou-zong-he-3.ctv,网络源,æ­å·ç»¼åˆ.png,1.909,未分组,,,,无音频,error,0.0,False,False,0,0
æ¹–åŒ—ç»¼åˆ,https://stream1.freetv.fun/hu-bei-zong-he-6.ctv,网络源,æ¹–åŒ—ç»¼åˆ.png,2.080,未分组,,,,无音频,error,0.0,False,False,0,0
åŒ—äº¬æ–°é—»,https://satellitepull.cnr.cn/live/wxbjxwgb/playlist.m3u8,网络源,åŒ—äº¬æ–°é—».png,4.585,未分组,,,,有音频,error,0.0,False,False,0,0
æ¹–å—ç”µè§†å‰§,https://stream1.freetv.fun/hu-nan-dian-shi-ju-8.m3u8,网络源,æ¹–å—ç”µè§†å‰§.png,1.897,未分组,,,,无音频,error,0.0,False,False,0,0
è¡¡é˜³æ–°é—»ç»¼åˆ,https://liveplay-srs.voc.com.cn/hls/tv/183_554704.m3u8,网络源,è¡¡é˜³æ–°é—»ç»¼åˆ.png,11.664,未分组,h264,800x480,25.0,有音频,error,0.0,False,False,0,0
ä¸Šè™æ–°å•†éƒ½,https://stream1.freetv.fun/shang-yu-xin-shang-du-5.m3u8,网络源,ä¸Šè™æ–°å•†éƒ½.png,2.301,未分组,,,,无音频,error,0.0,False,False,0,0
è“¬å®‰æ–°é—»ç»¼åˆ,https://stream1.freetv.fun/peng-an-xin-wen-zong-he-1.m3u8,网络源,è“¬å®‰æ–°é—»ç»¼åˆ.png,4.104,未分组,,,,无音频,error,0.0,False,False,0,0
è¥ç»ç»¼åˆ,http://file.ysxtv.cn/cms/videos/nmip-media/channellive/channel4/playlist.m3u8,网络源,è¥ç»ç»¼åˆ.png,2.979,未分组,h264,1280x720,,有音频,疑似假源,0.5312,True,True,1.0,0.0
åº†å…ƒç»¼åˆ,http://l.cztvcloud.com/channels/lantian/SXqingyuan1/720p.m3u8?zzhed?,网络源,åº†å…ƒç»¼åˆ.png,2.162,未分组,h264,1920x1080,25.0,有音频,疑似假源,0.5312,True,True,1.0,0.0
æ— é”¡æ–°é—»ç»¼åˆ,http://stream.thmz.com/wxtv1/playlist.m3u8?_upt=156143371706166361,网络源,æ— é”¡æ–°é—»ç»¼åˆ.png,0.810,未分组,,,,无音频,error,0.0,False,False,0,0
å—å®å½±è§†å¨±ä¹,https://stream1.freetv.fun/nan-zhu-ying-shi-yu-le-1.m3u8,网络源,å—å®å½±è§†å¨±ä¹.png,2.872,未分组,,,,无音频,error,0.0,False,False,0,0
æ±Ÿè‹æ•™è‚²,https://migu.188766.xyz/?migutoken=bfd96895aa8e3e9aa47561510518c058&id=%E6%B1%9F%E8%8B%8F%E6%95%99%E8%82%B2&type=yy,网络源,æ±Ÿè‹æ•™è‚².png,0.496,未分组,h264,1920x1080,28.0,有音频,疑似假源,0.5,True,True,1.0,0.0
åŒ—äº¬æ–°é—»,https://brtv-radiolive.rbc.cn/alive/fm945.m3u8,网络源,åŒ—äº¬æ–°é—».png,1.869,未分组,,,,有音频,error,0.0,False,False,0,0
æ–°é—»ç»¼åˆ,https://stream1.freetv.fun/xin-wen-zong-he-13.m3u8,网络源,æ–°é—»ç»¼åˆ.png,1.925,未分组,,,,无音频,error,0.0,False,False,0,0
æ¹–å—éƒ½å¸‚,https://stream1.freetv.fun/hu-nan-du-shi-1.m3u8,网络源,æ¹–å—éƒ½å¸‚.png,1.921,未分组,,,,无音频,error,0.0,False,False,0,0
è‹å·æ–°é—»ç»¼åˆ,https://stream1.freetv.fun/su-zhou-xin-wen-zong-he-13.m3u8,网络源,è‹å·æ–°é—»ç»¼åˆ.png,2.254,未分组,,,,无音频,error,0.0,False,False,0,0
è§å±±æ–°é—»ç»¼åˆ,https://stream1.freetv.fun/xiao-shan-xin-wen-zong-he-6.m3u8,网络源,è§å±±æ–°é—»ç»¼åˆ.png,1.900,未分组,,,,无音频,error,0.0,False,False,0,0
åŠ¨æ¼«ç§€åœº,https://stream1.freetv.fun/ipv6-dong-man-xiu-chang-11.m3u8,网络源,åŠ¨æ¼«ç§€åœº.png,2.312,未分组,,,,无音频,error,0.0,False,False,0,0
æµ™æ±Ÿç•™å­¦,https://ali-m-l.cztv.com/channels/lantian/channel009/1080p.m3u8,网络源,æµ™æ±Ÿç•™å­¦.png,2.633,未分组,h264,1920x1080,25.0,有音频,疑似假源,0.526,True,True,1.0,0.0
æ–‡æˆç»¼åˆ,http://l.cztvcloud.com/channels/lantian/SXwencheng1/720p.m3u8?zzhed?,网络源,æ–‡æˆç»¼åˆ.png,1.969,未分组,h264,1280x720,25.0,有音频,疑似假源,0.5573,True,True,1.0,0.0
å—å®å½±è§†å¨±ä¹,https://stream1.freetv.fun/nan-zhu-ying-shi-yu-le-4.m3u8,网络源,å—å®å½±è§†å¨±ä¹.png,2.169,未分组,,,,无音频,error,0.0,False,False,0,0
å¦é—¨å«è§†,http://e2.woc.iiiya.cn:28888/rtp/239.61.2.11:8060,网络源,å¦é—¨å«è§†.png,5.736,未分组,,,,无音频,error,0.0,False,False,0,0
åŒ—äº¬ç”Ÿæ´»,https://migu.188766.xyz/?migutoken=42c3cdb90190cfbb68aa926990ba2e82&id=%E5%8C%97%E4%BA%ACi%E7%94%9F%E6%B4%BB&type=yy,网络源,åŒ—äº¬ç”Ÿæ´».png,0.528,未分组,h264,1920x1080,28.0,有音频,疑似假源,0.5,True,True,1.0,0.0
æµ™æ±Ÿæ•°ç æ—¶ä»£,https://ali-m-l.cztv.com/channels/lantian/channel012/1080p.m3u8\r\n,网络源,æµ™æ±Ÿæ•°ç æ—¶ä»£.png,2.883,未分组,h264,1920x1080,25.0,有音频,疑似假源,0.5156,True,True,1.0,0.0
æµ™æ±Ÿç”Ÿæ´»,http://ls.qingting.fm/live/1099.m3u8,网络源,æµ™æ±Ÿç”Ÿæ´».png,1.741,未分组,,,,有音频,error,0.0,False,False,0,0
æ­å·ç”Ÿæ´»,https://stream1.freetv.fun/hang-zhou-sheng-huo-3.ctv,网络源,æ­å·ç”Ÿæ´».png,1.909,未分组,,,,无音频,error,0.0,False,False,0,0
æ­¦æ±‰æ•™è‚²,https://stream1.freetv.fun/wu-yi-jiao-yu-13.ctv,网络源,æ­¦æ±‰æ•™è‚².png,2.052,未分组,,,,无音频,error,0.0,False,False,0,0
å¾·é˜³æ–°é—»ç»¼åˆ,https://stream1.freetv.fun/de-yang-xin-wen-zong-he-1.m3u8,网络源,å¾·é˜³æ–°é—»ç»¼åˆ.png,2.068,未分组,,,,无音频,error,0.0,False,False,0,0
æ¼³å·æ–°é—»ç»¼åˆ,https://stream1.freetv.fun/zhang-zhou-xin-wen-zong-he-2.m3u8,网络源,æ¼³å·æ–°é—»ç»¼åˆ.png,1.894,未分组,,,,无音频,error,0.0,False,False,0,0
åŒ—äº¬æ–°é—»,https://migu.188766.xyz/?migutoken=df6fa5447cc74883076849d396941029&id=%E5%8C%97%E4%BA%AC%E6%96%B0%E9%97%BB&type=yy,网络源,åŒ—äº¬æ–°é—».png,0.481,未分组,h264,1920x1080,28.0,有音频,疑似假源,0.5,True,True,1.0,0.0
æµ™æ±Ÿæ–°é—»,http://ali-vl.cztv.com/channels/lantian/channel007/360p.m3u8,网络源,æµ™æ±Ÿæ–°é—».png,1.894,未分组,h264,640x360,25.0,有音频,疑似假源,0.5208,True,True,1.0,0.0
æ¹–å—ç»è§†,https://stream1.freetv.fun/hu-nan-jing-shi-10.ctv,网络源,æ¹–å—ç»è§†.png,2.079,未分组,,,,无音频,error,0.0,False,False,0,0
å—å®å…¬å…±,https://stream1.freetv.fun/nan-zhu-gong-gong-1.m3u8,网络源,å—å®å…¬å…±.png,2.065,未分组,,,,无音频,error,0.0,False,False,0,0
æ— é”¡å¨±ä¹,http://stream.thmz.com/wxtv2/sd/live.m3u8?zjiangsd#http://stream.thmz.com/wxtv2/playlist.m3u8?_upt=5ff4061f1706166872#http://stream.thmz.com/wxtv2/playlist.m3u8#http://stream.thmz.com/wxtv2/sd/live.m3u8?_upt=acffe97a1704940314,网络源,æ— é”¡å¨±ä¹.png,0.918,未分组,,,,无音频,error,0.0,False,False,0,0
ä¹‰ä¹Œæ–°é—»ç»¼åˆ,https://44911.hlsplay.aodianyun.com/tv_radio_44911/tv_channel_1796.m3u8?auth_key=4830573978-0-0-92824c2c03f95906a3c49a4aa28f1709&extra_key=Yc1XsmxOKy2UBoPM4Wy5vCPsEYqnj06taCR2SRB2Xrg2w28NPilH03KdIbbM5wgSql-VBohSnoO9AOKl94q2t2DWMftz-XB-2qUX-UjXcS80StcSZahBFjrKLivXaRjiY5r2NOMKWMKFbv-S0Bz2G6iEXgCK8yGjtrFHDcPfAQEE0pvXq0Bwy34b7We8zARN&ali_ffmpeg_version=mpengine,网络源,ä¹‰ä¹Œæ–°é—»ç»¼åˆ.png,5.083,未分组,h264,960x540,25.0,有音频,error,0.0,False,False,0,0
è‹å—æ–°é—»ç»¼åˆ,https://stream1.freetv.fun/cang-nan-xin-wen-zong-he-1.m3u8,网络源,è‹å—æ–°é—»ç»¼åˆ.png,3.547,未分组,h264,1920x1080,25.0,有音频,疑似假源,0.526,True,True,1.0,0.0
æ±Ÿå®æ–°é—»,https://migu.188766.xyz/?migutoken=77969fb082a75b798578427f3570edd2&id=%E4%BD%93%E8%82%B2%E4%BC%91%E9%97%B2%E9%A2%91%E9%81%93&type=yy,网络源,æ±Ÿå®æ–°é—».png,0.568,未分组,h264,1920x1080,28.0,有音频,疑似假源,0.5,True,True,1.0,0.0
æ±Ÿè‹å½±è§†,https://migu.188766.xyz/?migutoken=91756b74eb13850e4c87b15c25817e42&id=%E6%B1%9F%E8%8B%8F%E5%BD%B1%E8%A7%86%E9%A2%91%E9%81%93&type=yy,网络源,æ±Ÿè‹å½±è§†.png,0.526,未分组,h264,1920x1080,28.0,有音频,疑似假源,0.5,True,True,1.0,0.0
æ³—é˜³èµ„è®¯,http://43.251.226.89:8080/play/530.m3u8,网络源,æ³—é˜³èµ„è®¯.png,1.005,未分组,,,,无音频,error,0.0,False,False,0,0
ä½™å§šæ–°é—»ç»¼åˆ,http://l.cztvcloud.com/channels/lantian/SXyuyao1/720p.m3u8?cWlkPSZzPTg3OWMwYmMyZDMzYTFhZGY3NDQxMjgyYTg1MmUzNTY0JmVzPTE3MDY2Nzc4NzMmdXVpZD0yMjdiY2MzNGNiNGY0MThlYjRiY2IxYzcwNmZjODNkMS02NzQ3NDY2NyZ2PTImYXM9MCZjZG5leF9pZD10eF9waG9uZV9saXZl,网络源,ä½™å§šæ–°é—»ç»¼åˆ.png,1.965,未分组,h264,1920x1080,25.0,有音频,疑似假源,0.4896,True,True,1.0,0.0
æ¹–åŒ—å„ä¸Š,https://stream1.freetv.fun/hu-bei-long-shang-1.ctv,网络源,æ¹–åŒ—å„ä¸Š.png,2.709,未分组,,,,无音频,error,0.0,False,False,0,0
åŒ—äº¬æ–°é—»,https://migu.188766.xyz/?migutoken=35fb58abdb81b2d238e06a763ae7680d&id=%E5%8C%97%E4%BA%AC%E6%96%B0%E9%97%BB&type=yy,网络源,åŒ—äº¬æ–°é—».png,0.530,未分组,h264,1920x1080,28.0,有音频,疑似假源,0.5,True,True,1.0,0.0
æ¹–åŒ—æ•™è‚²,https://stream1.freetv.fun/hu-bei-jiao-yu-4.ctv,网络源,æ¹–åŒ—æ•™è‚².png,2.083,未分组,,,,无音频,error,0.0,False,False,0,0
æ— é”¡ç»æµ,http://stream.thmz.com/wxtv5/playlist.m3u8,网络源,æ— é”¡ç»æµ.png,0.827,未分组,,,,无音频,error,0.0,False,False,0,0
è¾½å®ç»æµ,https://stream1.freetv.fun/liao-zhu-jing-ji-2.m3u8,网络源,è¾½å®ç»æµ.png,1.915,未分组,,,,无音频,error,0.0,False,False,0,0
åŒ—äº¬è´¢ç»,https://migu.188766.xyz/?migutoken=3b13c5c5e624f786cc66b1a394b73802&id=%E5%8C%97%E4%BA%AC%E8%B4%A2%E7%BB%8F&type=yy,网络源,åŒ—äº¬è´¢ç».png,0.518,未分组,h264,1920x1080,28.0,有音频,疑似假源,0.5,True,True,1.0,0.0
ç¦å»ºç»¼åˆ,https://stream1.freetv.fun/fu-jian-zong-he-3.m3u8,网络源,ç¦å»ºç»¼åˆ.png,1.918,未分组,,,,无音频,error,0.0,False,False,0,0
ç»å…´å…¬å…±,https://stream1.freetv.fun/shao-xing-gong-gong-3.m3u8,网络源,ç»å…´å…¬å…±.png,1.872,未分组,,,,无音频,error,0.0,False,False,0,0
ç”Ÿæ´»æ—¶å°š,https://stream1.freetv.fun/sheng-huo-shi-shang-4.ctv,网络源,ç”Ÿæ´»æ—¶å°š.png,2.128,未分组,,,,无音频,error,0.0,False,False,0,0
åŒ—äº¬ç”Ÿæ´»,https://migu.188766.xyz/?migutoken=ebac33487fb14297e10f0a7f96677c9d&id=%E5%8C%97%E4%BA%ACi%E7%94%9F%E6%B4%BB&type=yy,网络源,åŒ—äº¬ç”Ÿæ´».png,0.516,未分组,h264,1920x1080,28.0,有音频,疑似假源,0.5,True,True,1.0,0.0
è‹å—æ–°é—»ç»¼åˆ,https://l.cztvcloud.com/channels/lantian/SXcangnan1/720p.m3u8,网络源,è‹å—æ–°é—»ç»¼åˆ.png,4.301,未分组,h264,1920x1080,25.0,有音频,疑似假源,0.526,True,True,1.0,0.0
è“¬å®‰æ–°é—»ç»¼åˆ,https://stream1.freetv.fun/peng-an-xin-wen-zong-he-2.m3u8,网络源,è“¬å®‰æ–°é—»ç»¼åˆ.png,2.093,未分组,,,,无音频,error,0.0,False,False,0,0
æ— é”¡å¨±ä¹,http://stream.thmz.com/wxtv2/sd/live.m3u8,网络源,æ— é”¡å¨±ä¹.png,0.794,未分组,,,,无音频,error,0.0,False,False,0,0
åå °æ–°é—»,https://stream1.freetv.fun/shi-yan-xin-wen-1.m3u8,网络源,åå °æ–°é—».png,2.078,未分组,,,,无音频,error,0.0,False,False,0,0
åŒ—äº¬ç§‘æ•™,http://player.cntv.cn/standard/live_HLSDRM20180606.swf?ChannelID=btv3&P2PChannelID=pd://cctv_p2p_hdbtv3,网络源,åŒ—äº¬ç§‘æ•™.png,0.123,未分组,rawvideo,19x24,25.0,无音频,error,0.0,False,False,0,0
ä¸Šæµ·ç¬¬ä¸€è´¢ç»,https://migu.188766.xyz/?migutoken=7788ea616cdaf1cbf20503ac35a45536&id=dycj&type=sz,网络源,ä¸Šæµ·ç¬¬ä¸€è´¢ç».png,0.570,未分组,h264,1920x1080,28.0,有音频,疑似假源,0.5,True,True,1.0,0.0
å‡‰å±±æ–°é—»ç»¼åˆ,http://file.yizu.tv/nmip-media/channellive/channel106606/playlist.m3u8,网络源,å‡‰å±±æ–°é—»ç»¼åˆ.png,3.838,未分组,h264,720x404,25.0,有音频,疑似假源,0.5,True,True,1.0,0.0
æ¹–å—å¨±ä¹,https://stream1.freetv.fun/hu-nan-yu-le-9.ctv,网络源,æ¹–å—å¨±ä¹.png,2.109,未分组,,,,无音频,error,0.0,False,False,0,0
åŒ—äº¬ç”Ÿæ´»,https://migu.188766.xyz/?migutoken=136fbb78e4d83281d95615b20e411bed&id=%E5%8C%97%E4%BA%ACi%E7%94%9F%E6%B4%BB&type=yy,网络源,åŒ—äº¬ç”Ÿæ´».png,0.510,未分组,h264,1920x1080,28.0,有音频,疑似假源,0.5,True,True,1.0,0.0
åŒ—äº¬é’å¹´,http://player.cntv.cn/standard/live_HLSDRM20180919.swf?v=180.171.5.8.9.6.3.9&ChannelID=btv8&videoTVChannel=btv8&P2PChannelID=pd://cctv_p2p_hdbtv8&tai=btv8&VideoName=btv8&channelID=btv8,网络源,åŒ—äº¬é’å¹´.png,0.128,未分组,rawvideo,19x24,25.0,无音频,error,0.0,False,False,0,0
æ— é”¡æ–°é—»ç»¼åˆ,http://stream.thmz.com/wxtv1/playlist.m3u8,网络源,æ— é”¡æ–°é—»ç»¼åˆ.png,0.836,未分组,,,,无音频,error,0.0,False,False,0,0
ä¸Šæµ·éƒ½å¸‚,https://migu.188766.xyz/?migutoken=6d8853cd2a35a94822edc25fb168517a&id=shds&type=sz,网络源,ä¸Šæµ·éƒ½å¸‚.png,0.546,未分组,h264,1920x1080,28.0,有音频,疑似假源,0.5,True,True,1.0,0.0
åŒ—äº¬æ–°é—»,https://migu.188766.xyz/?migutoken=d1303dc190d857760b1d68298e920c33&id=%E5%8C%97%E4%BA%AC%E6%96%B0%E9%97%BB&type=yy,网络源,åŒ—äº¬æ–°é—».png,0.513,未分组,h264,1920x1080,28.0,有音频,疑似假源,0.5,True,True,1.0,0.0
æ— é”¡å¨±ä¹,http://stream.thmz.com/wxtv2/sd/live.m3u8?_upt=978cd8731706199708,网络源,æ— é”¡å¨±ä¹.png,0.783,未分组,,,,无音频,error,0.0,False,False,0,0
åµŠæ³—ç»¼åˆ,https://stream1.freetv.fun/sheng-zhou-xin-wen-zong-he-2.ctv,网络源,åµŠæ³—ç»¼åˆ.png,2.095,未分组,,,,无音频,error,0.0,False,False,0,0
æ–°é—»ç»¼åˆ,https://stream1.freetv.fun/xin-wen-zong-he-3.m3u8,网络源,æ–°é—»ç»¼åˆ.png,1.919,未分组,,,,无音频,error,0.0,False,False,0,0
ç¬¬ä¸€è´¢ç»,https://stream1.freetv.fun/di-yi-cai-jing-5.m3u8,网络源,ç¬¬ä¸€è´¢ç».png,2.128,未分组,,,,无音频,error,0.0,False,False,0,0
ç¬¬ä¸€è´¢ç»,http://satellitepull.cnr.cn/live/wx32dycjgb/playlist.m3u8,网络源,ç¬¬ä¸€è´¢ç».png,0.073,未分组,,,,有音频,error,0.0,False,False,0,0
åŒ—äº¬æ–°é—»,https://migu.188766.xyz/?migutoken=4916b2e17a686e9144cb975b04afb93e&id=%E5%8C%97%E4%BA%AC%E6%96%B0%E9%97%BB&type=yy,网络源,åŒ—äº¬æ–°é—».png,0.550,未分组,h264,1920x1080,28.0,有音频,疑似假源,0.5,True,True,1.0,0.0
ç¦å»ºç»æµ,https://stream1.freetv.fun/fu-jian-jing-ji-6.m3u8,网络源,ç¦å»ºç»æµ.png,2.090,未分组,,,,无音频,error,0.0,False,False,0,0
æµ™æ±Ÿæ–°é—»,http://ali-m-l.cztv.com/channels/lantian/channel07/720p.m3u8,网络源,æµ™æ±Ÿæ–°é—».png,1.608,未分组,h264,1280x720,25.0,有音频,疑似假源,0.4896,True,True,1.0,0.0
å¥å®¹å…šå»º,http://43.251.226.89:8080/play/1053.m3u8,网络源,å¥å®¹å…šå»º.png,0.946,未分组,,,,无音频,error,0.0,False,False,0,0
åŒ—äº¬æ–°é—»,https://migu.188766.xyz/?migutoken=bc6dd6ad76b6217619fbabaa1bdd3041&id=%E5%8C%97%E4%BA%AC%E6%96%B0%E9%97%BB&type=yy,网络源,åŒ—äº¬æ–°é—».png,0.559,未分组,h264,1920x1080,28.0,有音频,疑似假源,0.5,True,True,1.0,0.0
æ™®é™€æ–°é—»ç»¼åˆ,http://l.cztvcloud.com/channels/lantian/SXputuo1/720p.m3u8,网络源,æ™®é™€æ–°é—»ç»¼åˆ.png,1.813,未分组,h264,1280x720,,有音频,疑似假源,0.4688,True,True,1.0,0.0
ä¹‹æ±Ÿçºªå½•,http://ali-m-l.cztv.com/channels/lantian/channel12/1080p.m3u8,网络源,ä¹‹æ±Ÿçºªå½•.png,2.252,未分组,h264,1920x1080,25.0,有音频,疑似假源,0.5104,True,True,1.0,0.0
å¹¿å…ƒç»¼åˆ,https://stream1.freetv.fun/yan-yuan-zong-he-2.ctv,网络源,å¹¿å…ƒç»¼åˆ.png,2.385,未分组,,,,无音频,error,0.0,False,False,0,0
ç¦å»ºç»¼åˆ,https://stream1.freetv.fun/fu-jian-zong-he-4.m3u8,网络源,ç¦å»ºç»¼åˆ.png,1.911,未分组,,,,无音频,error,0.0,False,False,0,0
å—é€šæ–°é—»ç»¼åˆ,https://mgtv.ottiptv.cc/migu/955227985.m3u8?migutoken=03e9c85f19b5ac291f5863436507873a8f47ec3c677c7857c89bda5778edc8e38fc38b4270aa374c49eee39b39ffaf80a20b750130c27760df766c0cf7b5d437be8dc60c1ced9117d98f6c9b3e,网络源,å—é€šæ–°é—»ç»¼åˆ.png,7.676,未分组,,,,无音频,error,0.0,False,False,0,0
æ— é”¡å¨±ä¹,http://stream.thmz.com/wxtv2/sd/live.m3u8?_upt=acffe97a1704940314,网络源,æ— é”¡å¨±ä¹.png,0.777,未分组,,,,无音频,error,0.0,False,False,0,0
è¾½å®åŒ—æ–¹,https://stream1.freetv.fun/liao-zhu-bei-fang-3.m3u8,网络源,è¾½å®åŒ—æ–¹.png,1.946,未分组,,,,无音频,error,0.0,False,False,0,0
åŒ—äº¬æ–°é—»,https://migu.188766.xyz/?migutoken=aa827c67c33e323973b297f53ce3ec84&id=%E5%8C%97%E4%BA%AC%E6%96%B0%E9%97%BB&type=yy,网络源,åŒ—äº¬æ–°é—».png,0.529,未分组,h264,1920x1080,28.0,有音频,疑似假源,0.5,True,True,1.0,0.0
å¼€åŒ–å›½å®¶å…¬å›­,http://l.cztvcloud.com/channels/lantian/SXkaihua2/720p.m3u8,网络源,å¼€åŒ–å›½å®¶å…¬å›­.png,1.881,未分组,h264,1280x720,25.0,有音频,疑似假源,0.5104,True,True,1.0,0.0
è¿äº‘æ¸¯æ–°é—»ç»¼åˆ,https://migu.188766.xyz/?migutoken=cb989835b788f5c9374e8905dd6e4363&id=%E8%BF%9E%E4%BA%91%E6%B8%AF%E6%96%B0%E9%97%BB%E7%BB%BC%E5%90%88&type=yy,网络源,è¿äº‘æ¸¯æ–°é—»ç»¼åˆ.png,0.523,未分组,h264,1920x1080,28.0,有音频,疑似假源,0.5,True,True,1.0,0.0
ä¸œæ–¹å½±è§†,https://stream1.freetv.fun/dong-fang-ying-shi-12.m3u8,网络源,ä¸œæ–¹å½±è§†.png,2.273,未分组,,,,无音频,error,0.0,False,False,0,0
ä¸Šæµ·å¤–è¯­,http://www.wmviv.com/iptv/bc2t.php?id=shics,网络源,ä¸Šæµ·å¤–è¯­.png,0.553,未分组,,,,无音频,error,0.0,False,False,0,0
ç¦å»ºç»¼åˆ,https://stream1.freetv.fun/fu-jian-zong-he-6.m3u8,网络源,ç¦å»ºç»¼åˆ.png,1.920,未分组,,,,无音频,error,0.0,False,False,0,0
æ¹–å—éƒ½å¸‚,https://stream1.freetv.fun/hu-nan-du-shi-12.ctv,网络源,æ¹–å—éƒ½å¸‚.png,2.099,未分组,,,,无音频,error,0.0,False,False,0,0
æ— é”¡ç»æµ,http://stream.thmz.com/wxtv5/sd/live.m3u8?_upt=cfacd5221704890772,网络源,æ— é”¡ç»æµ.png,0.794,未分组,,,,无音频,error,0.0,False,False,0,0
æµ™æ±Ÿé’±æ±Ÿéƒ½å¸‚,http://ali-m-l.cztv.com/channels/lantian/channel02/1080p.m3u8,网络源,æµ™æ±Ÿé’±æ±Ÿéƒ½å¸‚.png,1.952,未分组,h264,1920x1080,25.0,有音频,疑似假源,0.5365,True,True,1.0,0.0
ç»å…´å…¬å…±,https://stream1.freetv.fun/shao-xing-gong-gong-7.m3u8,网络源,ç»å…´å…¬å…±.png,1.890,未分组,,,,无音频,error,0.0,False,False,0,0
ç¦å»ºå°‘å„¿,http://8.138.7.223/tv/fjtv1.php?id=fjse,网络源,ç¦å»ºå°‘å„¿.png,4.770,未分组,,,,无音频,error,0.0,False,False,0,0
æ¹–åŒ—æ•™è‚²,https://stream1.freetv.fun/hu-bei-jiao-yu-1.ctv,网络源,æ¹–åŒ—æ•™è‚².png,2.087,未分组,,,,无音频,error,0.0,False,False,0,0
é–æ±Ÿæ–°é—»ç»¼åˆ,http://ls.qingting.fm/live/23797.m3u8,网络源,é–æ±Ÿæ–°é—»ç»¼åˆ.png,1.368,未分组,,,,有音频,error,0.0,False,False,0,0
ä¸‡å·ä¸‰å³¡ç§»æ°‘,http://123.146.162.24:8017/c2F0hmi/1000/live.m3u8?zzhongqd,网络源,ä¸‡å·ä¸‰å³¡ç§»æ°‘.png,1.577,未分组,h264,720x576,25.0,有音频,疑似假源,0.6615,True,True,1.0,0.0
æ²å·ç»¼åˆ,http://file.ysxtv.cn/cms/videos/nmip-media/channellive/channel4/playlist.m3u8?zsicd,网络源,æ²å·ç»¼åˆ.png,2.726,未分组,h264,1280x720,,有音频,error,0.0,True,True,0,0
æ¹–å—ç»è§†,https://stream1.freetv.fun/hu-nan-jing-shi-9.m3u8,网络源,æ¹–å—ç»è§†.png,2.110,未分组,,,,无音频,error,0.0,False,False,0,0
å—å®å…¬å…±,https://stream1.freetv.fun/nan-zhu-gong-gong-5.m3u8,网络源,å—å®å…¬å…±.png,2.144,未分组,,,,无音频,error,0.0,False,False,0,0
æ­¦æ±‰æ•™è‚²,https://stream1.freetv.fun/wu-yi-jiao-yu-1.m3u8,网络源,æ­¦æ±‰æ•™è‚².png,1.927,未分组,,,,无音频,error,0.0,False,False,0,0
ç¦å»ºç»æµ,https://stream1.freetv.fun/fu-jian-jing-ji-2.m3u8,网络源,ç¦å»ºç»æµ.png,2.100,未分组,,,,无音频,error,0.0,False,False,0,0
ä¸‰æ˜æ–°é—»ç»¼åˆ,https://ls.qingting.fm/live/5022100/64k.m3u8,网络源,ä¸‰æ˜æ–°é—»ç»¼åˆ.png,3.213,未分组,h264,,,有音频,error,0.0,False,False,0,0
è¿äº‘æ¸¯æ–°é—»ç»¼åˆ,https://migu.188766.xyz/?migutoken=245251a5520f7bd5d5ad3407caec92b0&id=%E8%BF%9E%E4%BA%91%E6%B8%AF%E6%96%B0%E9%97%BB%E7%BB%BC%E5%90%88&type=yy,网络源,è¿äº‘æ¸¯æ–°é—»ç»¼åˆ.png,0.499,未分组,h264,1920x1080,28.0,有音频,疑似假源,0.5,True,True,1.0,0.0
åŒ—äº¬è´¢ç»,https://migu.188766.xyz/?migutoken=be646e9ac808c7495130d26b316a39fd&id=%E5%8C%97%E4%BA%AC%E8%B4%A2%E7%BB%8F&type=yy,网络源,åŒ—äº¬è´¢ç».png,0.502,未分组,h264,1920x1080,28.0,有音频,疑似假源,0.5,True,True,1.0,0.0
è‹å—æ–°é—»ç»¼åˆ,https://stream1.freetv.fun/cang-nan-xin-wen-zong-he-4.ctv,网络源,è‹å—æ–°é—»ç»¼åˆ.png,2.101,未分组,,,,无音频,error,0.0,False,False,0,0
æ— é”¡æ–°é—»ç»¼åˆ,http://stream.thmz.com/wxtv1/sd/live.m3u8?_upt=4ba3ab191698644028,网络源,æ— é”¡æ–°é—»ç»¼åˆ.png,0.851,未分组,,,,无音频,error,0.0,False,False,0,0
æ¹–å—å¨±ä¹,https://stream1.freetv.fun/hu-nan-yu-le-3.m3u8,网络源,æ¹–å—å¨±ä¹.png,1.890,未分组,,,,无音频,error,0.0,False,False,0,0
æ¼³å·æ–°é—»ç»¼åˆ,https://stream1.freetv.fun/zhang-zhou-xin-wen-zong-he-1.m3u8,网络源,æ¼³å·æ–°é—»ç»¼åˆ.png,1.888,未分组,,,,无音频,error,0.0,False,False,0,0
åŒ—äº¬ç”Ÿæ´»,https://migu.188766.xyz/?migutoken=b5a17d96fc35fc63b25cc763a1785672&id=%E5%8C%97%E4%BA%ACi%E7%94%9F%E6%B4%BB&type=yy,网络源,åŒ—äº¬ç”Ÿæ´».png,0.610,未分组,h264,1920x1080,28.0,有音频,疑似假源,0.5,True,True,1.0,0.0
ä¼˜æ¼«å¡é€š,https://stream1.freetv.fun/you-man-qia-tong-11.m3u8,网络源,ä¼˜æ¼«å¡é€š.png,2.068,未分组,,,,无音频,error,0.0,False,False,0,0
è‹å·ç”Ÿæ´»èµ„è®¯,https://stream1.freetv.fun/su-zhou-sheng-huo-zi-xun-1.m3u8,网络源,è‹å·ç”Ÿæ´»èµ„è®¯.png,2.120,未分组,,,,无音频,error,0.0,False,False,0,0
ä¸‰æ˜æ–°é—»ç»¼åˆ,http://ls.qingting.fm/live/4885.m3u8,网络源,ä¸‰æ˜æ–°é—»ç»¼åˆ.png,1.696,未分组,,,,有音频,error,0.0,False,False,0,0
æ— é”¡æ–°é—»ç»¼åˆ,http://stream.thmz.com/wxtv1/sd/live.m3u8?zjiangsd#http://stream.thmz.com/wxtv1/playlist.m3u8?_upt=156143371706166361#http://stream.thmz.com/wxtv1/sd/live.m3u8?_upt=4ba3ab191698644028#http://stream.thmz.com/wxtv1/playlist.m3u8,网络源,æ— é”¡æ–°é—»ç»¼åˆ.png,0.843,未分组,,,,无音频,error,0.0,False,False,0,0
æ¼³å·æ–°é—»ç»¼åˆ,http://8.138.7.223/tv/fjtv1.php?id=zz1,网络源,æ¼³å·æ–°é—»ç»¼åˆ.png,4.759,未分组,,,,无音频,error,0.0,False,False,0,0
ä¹å±±æ–°é—»ç»¼åˆ,https://stream1.freetv.fun/le-shan-xin-wen-zong-he-1.m3u8,网络源,ä¹å±±æ–°é—»ç»¼åˆ.png,2.312,未分组,,,,无音频,error,0.0,False,False,0,0
ä¸Šæµ·æ–°é—»ç»¼åˆ,https://migu.188766.xyz/?migutoken=2da6fc3ee5600c20fc3a1ec99a5f510d&id=%E4%B8%8A%E6%B5%B7%E6%96%B0%E9%97%BB%E7%BB%BC%E5%90%88&type=yy,网络源,ä¸Šæµ·æ–°é—»ç»¼åˆ.png,0.555,未分组,h264,1920x1080,28.0,有音频,疑似假源,0.5,True,True,1.0,0.0
åº†å…ƒç»¼åˆ,http://l.cztvcloud.com/channels/lantian/SXqingyuan1/720p.m3u8?fbl=,网络源,åº†å…ƒç»¼åˆ.png,2.052,未分组,h264,1920x1080,25.0,有音频,疑似假源,0.5312,True,True,1.0,0.0
è‹å—æ–°é—»ç»¼åˆ,http://l.cztvcloud.com/channels/lantian/SXcangnan1/720p.m3u8?zzhed,网络源,è‹å—æ–°é—»ç»¼åˆ.png,2.541,未分组,h264,1920x1080,25.0,有音频,疑似假源,0.526,True,True,1.0,0.0
æ­å·ç»¼åˆ,https://stream1.freetv.fun/hang-zhou-zong-he-2.ctv,网络源,æ­å·ç»¼åˆ.png,1.975,未分组,,,,无音频,error,0.0,False,False,0,0
åå °æ–°é—»,https://stream1.freetv.fun/shi-yan-xin-wen-2.m3u8,网络源,åå °æ–°é—».png,2.820,未分组,,,,无音频,error,0.0,False,False,0,0
åµŠæ³—ç»¼åˆ,https://stream1.freetv.fun/sheng-zhou-xin-wen-zong-he-1.m3u8,网络源,åµŠæ³—ç»¼åˆ.png,2.284,未分组,,,,无音频,error,0.0,False,False,0,0
ä¸Šæµ·éƒ½å¸‚,https://stream1.freetv.fun/ipv6-shang-hai-du-shi-3.m3u8,网络源,ä¸Šæµ·éƒ½å¸‚.png,2.180,未分组,,,,无音频,error,0.0,False,False,0,0
ä¸‡å·ç»¼åˆ,http://123.146.162.24:8017/iTXwrGs/800/live.m3u8?zzhongqd,网络源,ä¸‡å·ç»¼åˆ.png,1.563,未分组,h264,720x576,25.0,有音频,疑似假源,0.6615,True,True,1.0,0.0
è¡¢æ±Ÿæ–°é—»ç»¼åˆ,https://stream1.freetv.fun/qu-jiang-xin-wen-zong-he-1.m3u8,网络源,è¡¢æ±Ÿæ–°é—»ç»¼åˆ.png,1.928,未分组,,,,无音频,error,0.0,False,False,0,0
æ–‡æˆæ–°é—»ç»¼åˆ,http://l.cztvcloud.com/channels/lantian/SXwencheng1/720p.m3u8,网络源,æ–‡æˆæ–°é—»ç»¼åˆ.png,2.059,未分组,h264,1280x720,25.0,有音频,疑似假源,0.5573,True,True,1.0,0.0
è§å±±æ–°é—»ç»¼åˆ,https://stream1.freetv.fun/xiao-shan-xin-wen-zong-he-8.m3u8,网络源,è§å±±æ–°é—»ç»¼åˆ.png,1.926,未分组,,,,无音频,error,0.0,False,False,0,0
å®¿è¿å…¬å…±,http://iptv.666230.xyz/iptv/jsyd.php/G_SQGG,网络源,å®¿è¿å…¬å…±.png,0.076,未分组,,,,无音频,error,0.0,False,False,0,0
æµ™æ±Ÿæ–°é—»,https://ali-m-l.cztv.com/channels/lantian/channel007/1080p.m3u8?,网络源,æµ™æ±Ÿæ–°é—».png,3.014,未分组,h264,1920x1080,25.0,有音频,疑似假源,0.5,True,True,1.0,0.0
æµ™æ±Ÿç»æµç”Ÿæ´»,http://ali-m-l.cztv.com/channels/lantian/channel03/1080p.m3u8,网络源,æµ™æ±Ÿç»æµç”Ÿæ´».png,1.997,未分组,h264,1920x1080,25.0,有音频,疑似假源,0.5156,True,True,1.0,0.0
ä»å¯¿ç»¼åˆ,https://play.scrstv.com.cn/DT/live.m3u8?auth_key=60001724663204-0-0-c1cc4ded9841ac34f63cdbd3aec647ef,网络源,ä»å¯¿ç»¼åˆ.png,4.902,未分组,,,,有音频,error,0.0,False,False,0,0
ç¬¬ä¸€è´¢ç»,http://ls.qingting.fm/live/276.m3u8,网络源,ç¬¬ä¸€è´¢ç».png,1.573,未分组,,,,有音频,error,0.0,False,False,0,0
æ­å·æ˜ç,https://stream1.freetv.fun/hang-zhou-ming-zhu-2.ctv,网络源,æ­å·æ˜ç .png,1.881,未分组,,,,无音频,error,0.0,False,False,0,0
ä¹‹æ±Ÿçºªå½•,http://ali-m-l.cztv.com/channels/lantian/channel012/1080p.m3u8,网络源,ä¹‹æ±Ÿçºªå½•.png,1.522,未分组,h264,1920x1080,25.0,有音频,疑似假源,0.5156,True,True,1.0,0.0
ç»å…´æ–‡åŒ–å½±é™¢,https://stream1.freetv.fun/shao-xing-wen-hua-ying-yuan-1.m3u8,网络源,ç»å…´æ–‡åŒ–å½±é™¢.png,2.175,未分组,,,,无音频,error,0.0,False,False,0,0
å¹³æ¹–æ°‘ç”Ÿä¼‘é—²,http://l.cztvcloud.com/channels/lantian/SXpinghu2/720p.m3u8?zzhed,网络源,å¹³æ¹–æ°‘ç”Ÿä¼‘é—².png,1.743,未分组,h264,1280x720,25.0,有音频,疑似假源,0.6615,True,True,1.0,0.0
å—äº¬åå…«,https://mgtv.ottiptv.cc/migu/838151753.m3u8?migutoken=e1c3c9e2e67541d90ea94c4c917f96ecf43c6c0ae7c616929d8676e7c14bc5587ba870ce22575333640bfff61b05d4d468f6564c6251023f1ad20957cfe3b2c12e71b4662f83dce5d920a86c29,网络源,å—äº¬åå…«.png,1.937,未分组,,,,无音频,error,0.0,False,False,0,0
è¿äº‘æ¸¯æ–°é—»ç»¼åˆ,https://mgtv.ottiptv.cc/migu/639731715.m3u8?migutoken=70f90182e47785fca234628a083c2a775b48319c0603f2641b5a891ba90b43816e51fb1b07cad8793011132425ebbc0f1568b3bc433d2f04e40344c5fe163be8bf6490e14ab6b96b4419f3f134,网络源,è¿äº‘æ¸¯æ–°é—»ç»¼åˆ.png,1.478,未分组,,,,无音频,error,0.0,False,False,0,0
æ­¦æ±‰æ•™è‚²,https://stream1.freetv.fun/wu-yi-jiao-yu-7.m3u8,网络源,æ­¦æ±‰æ•™è‚².png,1.949,未分组,,,,无音频,error,0.0,False,False,0,0
ä¸­å›½è“æ–°é—»,http://ali-m-l.cztv.com/channels/lantian/channel009/1080p.m3u8,网络源,ä¸­å›½è“æ–°é—».png,1.320,未分组,h264,1920x1080,25.0,有音频,疑似假源,0.526,True,True,1.0,0.0
ç»å…´å…¬å…±,https://stream1.freetv.fun/shao-xing-gong-gong-8.m3u8,网络源,ç»å…´å…¬å…±.png,1.927,未分组,,,,无音频,error,0.0,False,False,0,0
æµ™æ±Ÿæ–°é—»,http://ali-m-l.cztv.com/channels/lantian/channel007/720p.m3u8,网络源,æµ™æ±Ÿæ–°é—».png,1.706,未分组,h264,1280x720,25.0,有音频,疑似假源,0.526,True,True,1.0,0.0
ä¸œæ–¹å½±è§†,https://stream1.freetv.fun/ipv6-dong-fang-ying-shi-8.m3u8,网络源,ä¸œæ–¹å½±è§†.png,2.066,未分组,,,,无音频,error,0.0,False,False,0,0
ç»µé˜³ç§‘æŠ€,https://stream1.freetv.fun/mian-yang-ke-ji-2.m3u8,网络源,ç»µé˜³ç§‘æŠ€.png,2.056,未分组,,,,无音频,error,0.0,False,False,0,0
æ— é”¡ç»æµ,http://stream.thmz.com/wxtv5/playlist.m3u8?_upt=2e07387a1707368071,网络源,æ— é”¡ç»æµ.png,0.840,未分组,,,,无音频,error,0.0,False,False,0,0
æµ™æ±Ÿé’±æ±Ÿéƒ½å¸‚,http://ali-m-l.cztv.com/channels/lantian/channel002/1080p.m3u8,网络源,æµ™æ±Ÿé’±æ±Ÿéƒ½å¸‚.png,1.807,未分组,h264,1920x1080,25.0,有音频,疑似假源,0.5312,True,True,1.0,0.0
æµ™æ±Ÿå›½é™…,http://ali-m-l.cztv.com/channels/lantian/channel010/1080p.m3u8,网络源,æµ™æ±Ÿå›½é™….png,1.759,未分组,h264,1920x1080,25.0,有音频,疑似假源,0.5469,True,True,1.0,0.0
æ— é”¡å¨±ä¹,https://stream.thmz.com/wxtv2/playlist.m3u8,网络源,æ— é”¡å¨±ä¹.png,1.417,未分组,,,,无音频,error,0.0,False,False,0,0
æ¼³å·æ–°é—»ç»¼åˆ,https://stream1.freetv.fun/zhang-zhou-xin-wen-zong-he-3.m3u8,网络源,æ¼³å·æ–°é—»ç»¼åˆ.png,1.871,未分组,,,,无音频,error,0.0,False,False,0,0
æ³°å·ä¸€å¥—æ–°é—»ç»¼åˆ,https://stream1.freetv.fun/tai-zhou-yi-tao-xin-wen-zong-he-4.m3u8,网络源,æ³°å·ä¸€å¥—æ–°é—»ç»¼åˆ.png,1.915,未分组,,,,无音频,error,0.0,False,False,0,0
åˆ©å·ç»¼åˆ,http://tvfile.lzgbdst.com/nmip-media/channellive/channel106876/playlist.m3u8?zsicd,网络源,åˆ©å·ç»¼åˆ.png,0.776,未分组,,,,无音频,error,0.0,False,False,0,0
ç¦å»ºç»æµ,https://stream1.freetv.fun/fu-jian-jing-ji-4.m3u8,网络源,ç¦å»ºç»æµ.png,1.897,未分组,,,,无音频,error,0.0,False,False,0,0
ä¹å±±æ–°é—»ç»¼åˆ,https://stream1.freetv.fun/le-shan-xin-wen-zong-he-2.m3u8,网络源,ä¹å±±æ–°é—»ç»¼åˆ.png,3.415,未分组,,,,无音频,error,0.0,False,False,0,0
æ–°é—»ç»¼åˆ,https://www.freetv.top/migu/651632657.m3u8?migutoken=b4a3e55048f55ec1c8fc5b509fbdf32f2dc5d255f5f218e79e84ca9a87fb9f2239927cb11b448f18285b50b81b4cd50a1354e9be5a3283375e85372798c3f3eb3ad60adf45eb5615f68eb4825f,网络源,æ–°é—»ç»¼åˆ.png,1.285,未分组,h264,1920x1080,30.0,有音频,error,0.0,True,True,0,0
è‹å—æ–°é—»ç»¼åˆ,https://stream1.freetv.fun/cang-nan-xin-wen-zong-he-3.m3u8,网络源,è‹å—æ–°é—»ç»¼åˆ.png,1.892,未分组,,,,无音频,error,0.0,False,False,0,0
è¡¢æ±Ÿæ–°é—»ç»¼åˆ,https://stream1.freetv.fun/qu-jiang-xin-wen-zong-he-1.ctv,网络源,è¡¢æ±Ÿæ–°é—»ç»¼åˆ.png,2.293,未分组,,,,无音频,error,0.0,False,False,0,0
æµ™æ±Ÿå…¬å…±æ–°é—»,https://stream1.freetv.fun/zhe-jiang-gong-gong-xin-wen-1.m3u8,网络源,æµ™æ±Ÿå…¬å…±æ–°é—».png,3.557,未分组,h264,1920x1080,25.0,有音频,疑似假源,0.5,True,True,1.0,0.0
æµ™æ±Ÿæ°‘ç”Ÿä¼‘é—²,https://stream1.freetv.fun/zhe-jiang-min-sheng-10.m3u8,网络源,æµ™æ±Ÿæ°‘ç”Ÿä¼‘é—².png,1.972,未分组,,,,无音频,error,0.0,False,False,0,0
å—å®å…¬å…±,https://stream1.freetv.fun/nan-zhu-gong-gong-9.m3u8,网络源,å—å®å…¬å…±.png,2.087,未分组,,,,无音频,error,0.0,False,False,0,0
å¼€åŒ–æ–°é—»ç»¼åˆ,https://stream1.freetv.fun/kai-hua-xin-wen-zong-he-1.m3u8,网络源,å¼€åŒ–æ–°é—»ç»¼åˆ.png,2.080,未分组,,,,无音频,error,0.0,False,False,0,0
ç¦å»ºæ–°é—»,https://stream1.freetv.fun/fu-jian-xin-wen-4.m3u8,网络源,ç¦å»ºæ–°é—».png,1.904,未分组,,,,无音频,error,0.0,False,False,0,0
æœé˜³æ–°é—»ç»¼åˆ,http://120.76.248.139/live/bfgd/4200000282.m3u8,网络源,æœé˜³æ–°é—»ç»¼åˆ.png,3.203,未分组,h264,1920x1080,50.0,有音频,error,0.0,False,False,0,0
æ— é”¡ç”Ÿæ´»,http://stream.thmz.com/wxtv4/playlist.m3u8?_upt=8c51357c1707362770,网络源,æ— é”¡ç”Ÿæ´».png,1.694,未分组,,,,无音频,error,0.0,False,False,0,0
æ— é”¡æ–°é—»ç»¼åˆ,http://stream.thmz.com/wxtv1/sd/live.m3u8,网络源,æ— é”¡æ–°é—»ç»¼åˆ.png,0.801,未分组,,,,无音频,error,0.0,False,False,0,0
åŒ—äº¬è´¢ç»,https://migu.188766.xyz/?migutoken=26681121206e53a23ae3097bf725e87b&id=%E5%8C%97%E4%BA%AC%E8%B4%A2%E7%BB%8F&type=yy,网络源,åŒ—äº¬è´¢ç».png,0.524,未分组,h264,1920x1080,28.0,有音频,疑似假源,0.5,True,True,1.0,0.0
åŒ—äº¬ç”Ÿæ´»,https://migu.188766.xyz/?migutoken=e5ba633a55b22307c0e4272af6ea6632&id=%E5%8C%97%E4%BA%ACi%E7%94%9F%E6%B4%BB&type=yy,网络源,åŒ—äº¬ç”Ÿæ´».png,0.580,未分组,h264,1920x1080,28.0,有音频,疑似假源,0.5,True,True,1.0,0.0
åå °æ–°é—»,https://stream1.freetv.fun/shi-yan-xin-wen-3.m3u8,网络源,åå °æ–°é—».png,4.488,未分组,,,,无音频,error,0.0,False,False,0,0
æ³•æ²»å¤©åœ°,http://php.jdshipin.com/itv6.php?cid=bestzb&id=9001547084732463424,网络源,æ³•æ²»å¤©åœ°.png,1.134,未分组,,,,无音频,error,0.0,False,False,0,0
å—å®å½±è§†å¨±ä¹,https://t.freetv.fun/live/nan-zhu-ying-shi-yu-le.m3u8,网络源,å—å®å½±è§†å¨±ä¹.png,1.711,未分组,,,,无音频,error,0.0,False,False,0,0
çºªå®äººæ–‡,http://8.138.7.223/tv/shtv.php?id=xjs,网络源,çºªå®äººæ–‡.png,0.500,未分组,,,,无音频,error,0.0,False,False,0,0
ç¦å»ºæ—…æ¸¸,https://stream1.freetv.fun/fu-jian-lu-you-6.m3u8,网络源,ç¦å»ºæ—…æ¸¸.png,1.898,未分组,,,,无音频,error,0.0,False,False,0,0
ä¸­å›½è“æ–°é—»,https://ali-m-l.cztv.com/channels/lantian/channel009/1080p.m3u8?,网络源,ä¸­å›½è“æ–°é—».png,2.662,未分组,h264,1920x1080,25.0,有音频,疑似假源,0.526,True,True,1.0,0.0
ä¼˜æ¼«å¡é€š,https://www.freetv.top/migu/626064703.m3u8?migutoken=deac6c5275081b54ad412a195e499b7c0cb8f04446b6c80aaa9d3eb1063d620261c68202d59aea05060007b58a62d5d208f16379d861d6f1627c10c9dd894f0bf7e3ca97b04696255e193e871c,网络源,ä¼˜æ¼«å¡é€š.png,0.797,未分组,h264,1920x1080,30.0,有音频,疑似假源,0.5,True,True,1.0,0.0
ä¸Šæµ·éƒ½å¸‚,https://stream1.freetv.fun/ipv6-shang-hai-du-shi-8.m3u8,网络源,ä¸Šæµ·éƒ½å¸‚.png,2.317,未分组,,,,无音频,error,0.0,False,False,0,0
ç¦å»ºç”µè§†å‰§,https://stream1.freetv.fun/fu-jian-dian-shi-ju-3.m3u8,网络源,ç¦å»ºç”µè§†å‰§.png,1.897,未分组,,,,无音频,error,0.0,False,False,0,0
æ­å·æ˜ç,https://stream1.freetv.fun/hang-zhou-ming-zhu-1.ctv,网络源,æ­å·æ˜ç .png,1.876,未分组,,,,无音频,error,0.0,False,False,0,0
å—å®éƒ½å¸‚ç”Ÿæ´»,https://stream1.freetv.fun/nan-zhu-du-shi-sheng-huo-2.m3u8,网络源,å—å®éƒ½å¸‚ç”Ÿæ´».png,2.655,未分组,,,,无音频,error,0.0,False,False,0,0
è¾½å®å½±è§†å‰§,https://stream1.freetv.fun/liao-zhu-ying-shi-ju-1.m3u8,网络源,è¾½å®å½±è§†å‰§.png,2.084,未分组,,,,无音频,error,0.0,False,False,0,0
æ°¸å˜‰æ–°é—»ç»¼åˆ,https://stream1.freetv.fun/yong-jia-xin-wen-zong-he-4.m3u8,网络源,æ°¸å˜‰æ–°é—»ç»¼åˆ.png,1.916,未分组,,,,无音频,error,0.0,False,False,0,0
æ°¸å˜‰æ–°é—»ç»¼åˆ,https://stream1.freetv.fun/yong-jia-xin-wen-zong-he-3.ctv,网络源,æ°¸å˜‰æ–°é—»ç»¼åˆ.png,2.312,未分组,,,,无音频,error,0.0,False,False,0,0
æ¶Ÿæ°´ç”µè§†å°ç»¼åˆ,http://lianshui-tv-hls.cm.jstv.com/lianshui-tv/lsxw.m3u8?zjiangsd,网络源,æ¶Ÿæ°´ç”µè§†å°ç»¼åˆ.png,0.552,未分组,,,,无音频,error,0.0,False,False,0,0
è¾½å®éƒ½å¸‚,https://stream1.freetv.fun/liao-zhu-du-shi-5.m3u8,网络源,è¾½å®éƒ½å¸‚.png,2.072,未分组,,,,无音频,error,0.0,False,False,0,0
ä½™æ­ç»¼åˆ,http://l.cztvcloud.com/channels/lantian/SXyuhang1/720p.m3u8,网络源,ä½™æ­ç»¼åˆ.png,3.406,未分组,h264,1920x1080,25.0,有音频,疑似假源,0.526,True,True,1.0,0.0
åµŠæ³—ç»¼åˆ,http://l.cztvcloud.com/channels/lantian/SXshengsi1/720p.m3u8,网络源,åµŠæ³—ç»¼åˆ.png,2.324,未分组,h264,720x576,25.0,有音频,疑似假源,0.5,True,True,1.0,0.0
è§å±±æ–°é—»ç»¼åˆ,https://stream1.freetv.fun/xiao-shan-xin-wen-zong-he-9.m3u8,网络源,è§å±±æ–°é—»ç»¼åˆ.png,1.910,未分组,,,,无音频,error,0.0,False,False,0,0
æ¶Ÿæ°´ç”µè§†å°ç»¼åˆ,"http://lianshui-tv-hls.cm.jstv.com/lianshui-tv/lsxw.m3u8?zjiangsd,",网络源,æ¶Ÿæ°´ç”µè§†å°ç»¼åˆ.png,1.156,未分组,,,,无音频,error,0.0,False,False,0,0
ä¼˜æ¼«å¡é€š,https://www.freetv.top/migu/626064703.m3u8?migutoken=7f7c4b909389a0cd5172701768041a0f3887534c4534a68bf1dc85550389e9ab156655484be16e89604513fde9da2f036ebae28d31515b0be32eb12462f5de9d9cab8f00c44671241d5c6e1356,网络源,ä¼˜æ¼«å¡é€š.png,5.303,未分组,,,,无音频,疑似假源,0.5,True,True,1.0,0.0
ç¦å»ºç”µè§†å‰§,https://stream1.freetv.fun/fu-jian-dian-shi-ju-6.m3u8,网络源,ç¦å»ºç”µè§†å‰§.png,1.903,未分组,,,,无音频,error,0.0,False,False,0,0
å¸¸å·å…¬å…±,http://iptv.666230.xyz/iptv/jsyd.php/jsczgonggong,网络源,å¸¸å·å…¬å…±.png,0.079,未分组,,,,无音频,error,0.0,False,False,0,0
ç¢å®ä¸‰å†œ,http://iptv.666230.xyz/iptv/jsyd.php/xzsnsn,网络源,ç¢å®ä¸‰å†œ.png,0.094,未分组,,,,无音频,error,0.0,False,False,0,0
æ­¦æ±‰æ•™è‚²,https://stream1.freetv.fun/wu-yi-jiao-yu-5.m3u8,网络源,æ­¦æ±‰æ•™è‚².png,1.904,未分组,,,,无音频,error,0.0,False,False,0,0
ç»å…´æ–‡åŒ–å½±é™¢,https://stream1.freetv.fun/shao-xing-wen-hua-ying-yuan-4.m3u8,网络源,ç»å…´æ–‡åŒ–å½±é™¢.png,2.259,未分组,,,,无音频,error,0.0,False,False,0,0
æµ™æ±Ÿç»æµç”Ÿæ´»,http://ali-m-l.cztv.com/channels/lantian/channel03/1080p.m3u8#https://ali-m-l.cztv.com/channels/lantian/channel003/1080p.m3u8#http://ali-m-l.cztv.com/channels/lantian/channel003/1080p.m3u8,网络源,æµ™æ±Ÿç»æµç”Ÿæ´».png,1.894,未分组,h264,1920x1080,25.0,有音频,疑似假源,0.5156,True,True,1.0,0.0
ç¬¬ä¸€è´¢ç»,https://stream1.freetv.fun/di-yi-cai-jing-13.m3u8,网络源,ç¬¬ä¸€è´¢ç».png,2.062,未分组,,,,无音频,error,0.0,False,False,0,0
ç¦å»ºç»è§†,http://8.138.7.223/tv/fjtv1.php?id=fjjj,网络源,ç¦å»ºç»è§†.png,4.863,未分组,,,,无音频,error,0.0,False,False,0,0
ç»å…´å…¬å…±,https://stream1.freetv.fun/shao-xing-gong-gong-1.m3u8,网络源,ç»å…´å…¬å…±.png,2.110,未分组,,,,无音频,error,0.0,False,False,0,0
æ°¸å˜‰æ–°é—»ç»¼åˆ,https://stream1.freetv.fun/yong-jia-xin-wen-zong-he-2.m3u8,网络源,æ°¸å˜‰æ–°é—»ç»¼åˆ.png,1.947,未分组,,,,无音频,error,0.0,False,False,0,0
æ­¦æ±‰ä¸€å°æ–°é—»ç»¼åˆ,https://stream1.freetv.fun/wu-yi-xin-wen-zong-he-1.m3u8,网络源,æ­¦æ±‰ä¸€å°æ–°é—»ç»¼åˆ.png,2.868,未分组,h264,720x576,,有音频,error,0.0,True,True,0,0
æµ™æ±Ÿæ°‘ç”Ÿä¼‘é—²,https://stream1.freetv.fun/zhe-jiang-min-sheng-2.m3u8,网络源,æµ™æ±Ÿæ°‘ç”Ÿä¼‘é—².png,1.951,未分组,,,,无音频,error,0.0,True,True,0,0
é™•è¥¿æ–°é—»èµ„è®¯,https://mgtv.ottiptv.cc/migu/956909289.m3u8?migutoken=d4f3f5a8bf93821548ae70c6bd12860956574c27b3b1ef52c88c8e3d72259b1727a6dbf5d6a5de850afac4c7ffe2f2124bb3b558a89906cd32ccc8913f0f22dd74b7a84514b6015bff75903d9c,网络源,é™•è¥¿æ–°é—»èµ„è®¯.png,1.983,未分组,,,,无音频,error,0.0,False,False,0,0
ç¦å»ºæ–°é—»,https://stream1.freetv.fun/fu-jian-xin-wen-1.m3u8,网络源,ç¦å»ºæ–°é—».png,1.919,未分组,,,,无音频,error,0.0,False,False,0,0
ç¦å»ºæ–‡ä½“,http://8.138.7.223/tv/fjtv1.php?id=fjwt,网络源,ç¦å»ºæ–‡ä½“.png,4.799,未分组,,,,无音频,error,0.0,False,False,0,0
å››å·ç§‘æ•™,https://stream1.freetv.fun/si-chuan-ke-jiao-3.ctv,网络源,å››å·ç§‘æ•™.png,2.105,未分组,,,,无音频,error,0.0,False,False,0,0
æ— é”¡ç»æµ,http://stream.thmz.com/wxtv5/sd/live.m3u8?_upt=978cd8731706199708,网络源,æ— é”¡ç»æµ.png,1.622,未分组,,,,无音频,error,0.0,False,False,0,0
åŠ¨æ¼«ç§€åœº,https://stream1.freetv.fun/dong-man-xiu-chang-11.m3u8,网络源,åŠ¨æ¼«ç§€åœº.png,2.073,未分组,,,,无音频,error,0.0,False,False,0,0
å¼€åŒ–æ–°é—»ç»¼åˆ,http://l.cztvcloud.com/channels/lantian/SXkaihua1/720p.m3u8?zzhed,网络源,å¼€åŒ–æ–°é—»ç»¼åˆ.png,2.057,未分组,h264,1280x720,25.0,有音频,疑似假源,0.5104,True,True,1.0,0.0
æµ™æ±Ÿç”Ÿæ´»,http://ali-m-l.cztv.com/channels/lantian/channel003/1080p.m3u8,网络源,æµ™æ±Ÿç”Ÿæ´».png,1.830,未分组,h264,1920x1080,25.0,有音频,疑似假源,0.5208,True,True,1.0,0.0
ç¦å»ºæ–°é—»,https://stream1.freetv.fun/fu-jian-xin-wen-6.m3u8,网络源,ç¦å»ºæ–°é—».png,1.914,未分组,,,,无音频,error,0.0,False,False,0,0
æµ™æ±Ÿæ–°é—»,http://ali-m-l.cztv.com/channels/lantian/channel007/1080p.m3u8?zzhed,网络源,æµ™æ±Ÿæ–°é—».png,1.691,未分组,h264,1920x1080,25.0,有音频,疑似假源,0.5,True,True,1.0,0.0
å—å®å…¬å…±,https://stream1.freetv.fun/nan-zhu-gong-gong-6.m3u8,网络源,å—å®å…¬å…±.png,2.067,未分组,,,,无音频,error,0.0,False,False,0,0
å¹¿è¥¿å›½é™…,https://tv.gxtv.cn/channel/channelivePlay_bfa17b64157f11e999f0e41f13b60c62.html,网络源,å¹¿è¥¿å›½é™….png,3.637,未分组,,,,无音频,error,0.0,False,False,0,0
æ–°é—»ç»¼åˆ,https://www.freetv.top/migu/651632657.m3u8?migutoken=5ae42e8fda034ab7bf5171dafa0043e70cd12bcd716940c4572fde52ea92b0785f16f1bdbce4c83f5e075b250fe95668f19f8527dda57c27db24f95d412614d99c86a3a2d9341d88b5224b7068,网络源,æ–°é—»ç»¼åˆ.png,10.191,未分组,,,,无音频,error,0.0,False,False,0,0
