频道名,地址,来源,图标,检测时间,分组,视频编码,分辨率,帧率,音频,未通过信息,相似度
å¹¿è¥¿å«è§†,https://www.yangshipin.cn/tv/home?pid=600002509,网络源,,0.796,未分组,,,,无音频,error,0.0
æ²³å—å«è§†,https://www.yangshipin.cn/tv/home?pid=600002525,网络源,,0.798,未分组,,,,无音频,error,0.0
è¥¿è—å«è§†,http://kkk.888.3116598.xyz/api.php?n=tttt&id=d9gGTR&tk=FgM0vQMejxvG,网络源,,1.023,未分组,,,,无音频,error,0.0
è¥¿è—å«è§†,https://stream1.freetv.fun/dd47ba03fe77064ea4e0978637231bce94e7554c9f8f6a020195311829752aed.m3u8,网络源,,1.157,未分组,,,,无音频,error,0.0
æ–°ç–†å«è§†,https://stream1.freetv.fun/b2c1c7dd1a4cedd28db41c23d567a94e7c8c52106562e857391dcee65b4f15f9.m3u8,网络源,,2.306,未分组,h264,1280x720,25.0,有音频,ok; 伪源相似度: 1.0000,1.0
äº‘å—å«è§†,https://stream1.freetv.fun/e25d0a6da5b4ebba804a0e085531db9ac3d061c227a444b068b0227c0c4d9b10.m3u8,网络源,,2.306,未分组,h264,1280x720,25.0,有音频,ok; 伪源相似度: 1.0000,1.0
æ²³å—å«è§†,https://stream1.freetv.fun/fb4223368cf11a66a175bd13d3c85ec45923c351e13c75c3a67c5514232729e1.ctv,网络源,,2.299,未分组,h264,1280x720,25.0,有音频,ok; 伪源相似度: 1.0000,1.0
å±±ä¸œå«è§†,https://stream1.freetv.fun/c5d7e1d2bdcefe510e4d8ef42acdf78c2e399133bad012c2c8a9125d832da5ee.m3u8,网络源,,2.315,未分组,h264,1280x720,25.0,有音频,ok; 伪源相似度: 1.0000,1.0
æ¹–åŒ—å«è§†,https://www.freetv.top/migu/947472496.m3u8?migutoken=6e75d82b1b232311c23771e74b407d98c985d05aa880e338100643456110a36f1f29adbc71e79dc1f8a732de02c1b7718c9c67890b0409f2eea4bb084ad1c64ab326df0581b1d3eec95dc7e6b8,网络源,,1.455,未分组,h264,1920x1080,30.0,有音频,ok; 伪源相似度: 1.0000,1.0
æ–°ç–†å«è§†,https://stream1.freetv.fun/48f0fe9878fac4bf851d6482bb230ece3a6f32e0e719a883055dd6b3864da1ce.m3u8,网络源,,2.394,未分组,h264,1280x720,25.0,有音频,ok; 伪源相似度: 1.0000,1.0
æ±Ÿè¥¿å«è§†,https://stream1.freetv.fun/dc1588c05fae45e0e60cf2dccd2870db218b8dc9203e57c8c6c8c1ffc3325960.m3u8,网络源,,2.398,未分组,h264,1280x720,25.0,有音频,ok; 伪源相似度: 1.0000,1.0
æ²³åŒ—å«è§†,https://stream1.freetv.fun/0574bdf277ffa5a524e91a1658ce4282b0b530267fdf8ee4db7620df82cfa126.m3u8,网络源,,2.399,未分组,h264,1280x720,25.0,有音频,ok; 伪源相似度: 1.0000,1.0
ç”˜è‚ƒå«è§†,https://stream1.freetv.fun/a3f0c35cfbc29ac9bb6a80ceec32e620072b8df4a10e36dc34d45152f07ecc97.m3u8,网络源,,1.707,未分组,h264,1280x720,25.0,有音频,ok; 伪源相似度: 1.0000,1.0
æ¹–åŒ—å«è§†,https://stream1.freetv.fun/12430d1fe4146e4d4ddd0c96ab3d977fde46603f13143d925e5b39e8e990dabf.m3u8,网络源,,1.727,未分组,h264,1280x720,25.0,有音频,ok; 伪源相似度: 1.0000,1.0
æ²³åŒ—å«è§†,http://ygbh.site/php/bfgd.php?id=108,网络源,,1.246,未分组,,,,无音频,error,0.0
è¥¿è—å«è§†,https://stream1.freetv.fun/09ba8c90c4fb6da3cd7ae56f427b3ebe72e9dd60d34ff07a07583a2610302b07.m3u8,网络源,,0.945,未分组,,,,无音频,error,0.0
æ²³å—å«è§†,http://tvcdn.stream3.hndt.com/tv/65c4a6d5017e1000b2b6ea2500000000_transios/playlist.m3u8?wsSecret=f1f3fa7ea9acb6e8742aca2bdf2f325b&wsTime=1762458635,网络源,,0.060,未分组,,,,无音频,error,0.0
è¥¿è—å«è§†,https://stream1.freetv.fun/b718607feb115c74177b3dddec244d926258c77380863ab51f0427f4e0127602.m3u8,网络源,,1.217,未分组,,,,无音频,error,0.0
äº‘å—å«è§†,http://8.138.7.223/tv/migu3.php?id=ynws,网络源,,1.228,未分组,,,,无音频,error,0.0
æ²³å—å«è§†,https://stream1.freetv.fun/he-nan-wei-shi-68.m3u8,网络源,,3.798,未分组,h264,720x576,25.0,有音频,error,0.0
å¹¿ä¸œå«è§†,http://ygbh.site/php/bfgd.php?id=092,网络源,,1.414,未分组,,,,无音频,error,0.0
æ–°ç–†å«è§†,https://stream1.freetv.fun/1abe256db4cb4fdd810aefb4335f73f52f11ce89eb0111941981d27a0f9c2aab.ctv,网络源,,1.822,未分组,h264,1280x720,25.0,有音频,ok; 伪源相似度: 1.0000,1.0
ç”˜è‚ƒå«è§†,https://stream1.freetv.fun/a4c2e1e638b0b27bb83ca8d763cfafe2a3c1ae70cd08134d0f0dd737cdad1ed9.m3u8,网络源,,1.823,未分组,h264,1280x720,25.0,有音频,ok; 伪源相似度: 1.0000,1.0
æ²³å—å«è§†,https://stream1.freetv.fun/he-nan-wei-shi-78.m3u8,网络源,,1.470,未分组,,,,无音频,error,0.0
æ±Ÿè¥¿å«è§†,https://stream1.freetv.fun/febb2a64cc534882472d10a492fdfb288f577809566473c7b147755f959f63ea.m3u8,网络源,,1.696,未分组,h264,1280x720,25.0,有音频,ok; 伪源相似度: 1.0000,1.0
å¹¿è¥¿å«è§†,https://stream1.freetv.fun/43e90d6037b24b80d5209dd5e5bb4e3979d839b4803aebd923489e5f6f01ca4f.m3u8,网络源,,1.623,未分组,h264,1280x720,25.0,有音频,ok; 伪源相似度: 1.0000,1.0
æ²³å—å«è§†,https://stream1.freetv.fun/42d03f5d46664a27303c567a2464e062a4300b5fcc0974f55aa1e63da3baa02f.m3u8,网络源,,1.719,未分组,h264,1280x720,25.0,有音频,ok; 伪源相似度: 1.0000,1.0
å±±ä¸œå«è§†,https://stream1.freetv.fun/ipv6-shan-dong-wei-shi-23.m3u8,网络源,,1.346,未分组,h264,1280x720,25.0,有音频,ok; 伪源相似度: 1.0000,1.0
æ²³å—å«è§†,http://223.241.247.214:9901/tsfile/live/0139_1.m3u8,网络源,,3.281,未分组,h264,720x576,25.0,有音频,error,0.0
äº‘å—å«è§†,https://stream1.freetv.fun/441c9d2ce4f00c976a2afa62b6288f78ce84723035b6179c226fb419e55056f4.m3u8,网络源,,1.686,未分组,h264,1280x720,25.0,有音频,ok; 伪源相似度: 1.0000,1.0
å±±ä¸œå«è§†,https://stream1.freetv.fun/3e1e0c322f27f07b53308162d0629c956f569c879f3e1863ae85bc894c2e649d.m3u8,网络源,,1.621,未分组,h264,1280x720,25.0,有音频,ok; 伪源相似度: 1.0000,1.0
å¹¿è¥¿å«è§†,http://ygbh.site/php/bfgd.php?id=116,网络源,,1.508,未分组,,,,无音频,error,0.0
æ–°ç–†å«è§†,https://stream1.freetv.fun/b79a4261d16deee4cc3aa4c5ecdbfe037bda1c7b674a9a2fd20ea2dd34d0ea1f.m3u8,网络源,,1.702,未分组,h264,1280x720,25.0,有音频,ok; 伪源相似度: 1.0000,1.0
å¹¿è¥¿å«è§†,https://stream1.freetv.fun/be5140091aaca4d98338a6de31c3915e5f4f8ef105d63b008e83b679719a6b21.m3u8,网络源,,1.789,未分组,h264,1280x720,25.0,有音频,ok; 伪源相似度: 1.0000,1.0
å¹¿ä¸œå«è§†,http://60.174.40.117:85/tsfile/live/1037_1.m3u8?key=txiptv,网络源,,7.848,未分组,h264,1920x1080,25.0,有音频,error,0.0
æ–°ç–†å«è§†,https://stream1.freetv.fun/9dffc41fcd6f3e486cc58b19310a8ce4e34a3e72fec6def4663853397c68b10c.m3u8,网络源,,1.572,未分组,h264,1280x720,25.0,有音频,ok; 伪源相似度: 1.0000,1.0
æ²³åŒ—å«è§†,http://106.53.99.30/tv/api.php?id=hebws,网络源,,5.053,未分组,,,,无音频,error,0.0
å±±ä¸œå«è§†,https://stream1.freetv.fun/934000425c51d50edc50e8dd48d609d7cf5cea31c296b2a86f780b5acf7434ad.m3u8,网络源,,1.598,未分组,h264,1280x720,25.0,有音频,ok; 伪源相似度: 1.0000,1.0
å±±ä¸œå«è§†,https://stream1.freetv.fun/bd6a37694e1efa04e8be59b8fe452686598c61d790803ad97b04339d271a5f93.m3u8,网络源,,1.611,未分组,h264,1280x720,25.0,有音频,ok; 伪源相似度: 1.0000,1.0
æ–°ç–†å«è§†,https://stream1.freetv.fun/20f40a367147b3bddbe28b9ed01aee9f9490aad1dc12b5cdd17cbf233dadbe17.m3u8,网络源,,1.603,未分组,h264,1280x720,25.0,有音频,ok; 伪源相似度: 1.0000,1.0
æ±Ÿè¥¿å«è§†,https://stream1.freetv.fun/5e3471067963ac3b1418ddf89fb2af1398cb3d62cb9e632133454e4a51925328.m3u8,网络源,,1.577,未分组,h264,1280x720,25.0,有音频,ok; 伪源相似度: 1.0000,1.0
å±±ä¸œå«è§†,http://8.138.7.223/tv/migu3.php?id=sdws,网络源,,4.913,未分组,,,,无音频,error,0.0
äº‘å—å«è§†,https://stream1.freetv.fun/c641c668703bdb2c9d80a75dcbf17474cf8b1203c8002158fb036111cc5ea8e2.m3u8,网络源,,1.599,未分组,h264,1280x720,25.0,有音频,ok; 伪源相似度: 1.0000,1.0
å¹¿ä¸œå«è§†,https://stream1.freetv.fun/yan-dong-wei-shi-47.ctv,网络源,,1.217,未分组,h264,1280x720,25.0,有音频,ok; 伪源相似度: 1.0000,1.0
å¹¿ä¸œå«è§†,https://stream1.freetv.fun/7032dd2b86126b125a4a42c63b1c2c175975b401a309f3c31722542ede60c7d7.m3u8,网络源,,1.661,未分组,h264,1280x720,25.0,有音频,ok; 伪源相似度: 1.0000,1.0
å±±ä¸œå«è§†,https://stream1.freetv.fun/d0569111c0728f6a0451bd995f63de75499c7a5e2cdb4b6d56fac13ca168a71e.m3u8,网络源,,1.694,未分组,h264,1280x720,25.0,有音频,ok; 伪源相似度: 1.0000,1.0
æ²³åŒ—å«è§†,https://shyd.695847.xyz/cms001/ch00000090990000001229/index.m3u8?IASHttpSessionId=RR4967720251014100028031761&ispcode=12,网络源,,2.782,未分组,h264,1920x1080,25.0,有音频,error,0.0
å±±ä¸œå«è§†,http://fxgm.fxjf.work:19901/tsfile/live/0131_1.m3u8,网络源,,3.606,未分组,h264,1920x1080,25.0,有音频,error,0.0
ç”˜è‚ƒå«è§†,http://ygbh.site/php/bfgd.php?id=119,网络源,,1.334,未分组,,,,无音频,error,0.0
å¹¿è¥¿å«è§†,https://stream1.freetv.fun/0c08b0650f97a1197cfb8f46dda9efba766c7dd74806f345113458d7c309e081.m3u8,网络源,,1.445,未分组,h264,1280x720,25.0,有音频,ok; 伪源相似度: 1.0000,1.0
å¹¿ä¸œå«è§†,https://stream1.freetv.fun/yan-dong-wei-shi-7.ctv,网络源,,1.252,未分组,h264,1280x720,25.0,有音频,ok; 伪源相似度: 1.0000,1.0
æ±Ÿè¥¿å«è§†,https://stream1.freetv.fun/89d9d9375ed2dec0f5361c36f90f9a8ef71d8eb3275a6e67969e6bc509562242.m3u8,网络源,,1.604,未分组,h264,1280x720,25.0,有音频,ok; 伪源相似度: 1.0000,1.0
æ²³å—å«è§†,https://stream1.freetv.fun/4eb563f914f53b524267b6a0f897d6f43bba9f4933a782896077eacdba9a09d2.m3u8,网络源,,1.582,未分组,h264,1280x720,25.0,有音频,ok; 伪源相似度: 1.0000,1.0
è¥¿è—å«è§†,https://stream1.freetv.fun/ee3661cfce483816b64da8060841e5a59058dd4540de995d803fcc9260d816dc.m3u8,网络源,,1.580,未分组,h264,1280x720,25.0,有音频,ok; 伪源相似度: 1.0000,1.0
æ²³åŒ—å«è§†,https://stream1.freetv.fun/2f4ea227a3ee1548287972844219bcc825336b60b9b6b485cfd0ab8ea4fd08b6.m3u8,网络源,,1.604,未分组,h264,1280x720,25.0,有音频,ok; 伪源相似度: 1.0000,1.0
æ¹–åŒ—å«è§†,https://stream1.freetv.fun/f8acd0288783c3a96c576d15d7a3c12d71a6d8b562a26624d692b09eaa93038c.m3u8,网络源,,1.583,未分组,h264,1280x720,25.0,有音频,ok; 伪源相似度: 1.0000,1.0
æ²³å—å«è§†,https://stream1.freetv.fun/30a83f0e3f611bb25ea4cd2d8df9e6b10e7ffbf002513c5e046dd9fb135dc269.m3u8,网络源,,1.594,未分组,h264,1280x720,25.0,有音频,ok; 伪源相似度: 1.0000,1.0
äº‘å—å«è§†,https://stream1.freetv.fun/yun-nan-wei-shi-8.m3u8,网络源,,0.846,未分组,,,,无音频,error,0.0
æ–°ç–†å«è§†,https://stream1.freetv.fun/363c0657149101e76a4b7f45275584ee460444b7772a92df1c69cbecec1c698c.m3u8,网络源,,1.355,未分组,,,,无音频,error,0.0
è¥¿è—å«è§†,https://stream1.freetv.fun/e35b0848da1b0a6be0928ef360e64275e9255a2adbe9d7dd151360bf005d5e55.m3u8,网络源,,5.588,未分组,,,,无音频,error,0.0
æ²³åŒ—å«è§†,https://stream1.freetv.fun/a995bf588414dfdd5597e1458b574468be6201181b6323fd280473e314d4f397.ctv,网络源,,1.598,未分组,h264,1280x720,25.0,有音频,ok; 伪源相似度: 1.0000,1.0
æ–°ç–†å«è§†,https://stream1.freetv.fun/cb58b0a62804daac145240a026b9deb894df2b4eeafad095125dd7f942bfe568.ctv,网络源,,1.590,未分组,h264,1280x720,25.0,有音频,ok; 伪源相似度: 1.0000,1.0
å¹¿ä¸œå«è§†,https://stream1.freetv.fun/d63b7cd598a4f53de8bf67d3c47b338f7759ba39812520913b915e4d66b266fb.m3u8,网络源,,1.580,未分组,h264,1280x720,25.0,有音频,ok; 伪源相似度: 1.0000,1.0
æ¹–åŒ—å«è§†,https://epg.pw/stream/d624845bae92dcd8ae15384141ea8ed6ceb2c96b8a3fe32564f7f295feff46f4.m3u8,网络源,,1.446,未分组,,,,无音频,error,0.0
æ¹–åŒ—å«è§†,https://www.freetv.top/migu/947472496.m3u8?migutoken=c56229d02181e89502a31fa68a1d48da87a7d6a4964ef5258a8a1d13184947ea319f3785d758e1ca848971c9971b1300f65292cde26f5cb2902c9b103ac517b75c65bb0f9261dd650e6d2eab3b,网络源,,1.032,未分组,,,,无音频,ok; 伪源相似度: 1.0000,1.0
æ²³åŒ—å«è§†,https://stream1.freetv.fun/dffa30b131abf29bf895158f4c9f3e7de846ecfae6cba07ad3a9a779991bde01.m3u8,网络源,,1.452,未分组,h264,1280x720,25.0,有音频,ok; 伪源相似度: 1.0000,1.0
æ–°ç–†å«è§†,https://stream1.freetv.fun/f83de6d96f0872968f855a6489f634bb4491624aff134053beb53807e6c1bfa5.m3u8,网络源,,1.681,未分组,h264,1280x720,25.0,有音频,ok; 伪源相似度: 1.0000,1.0
ç”˜è‚ƒå«è§†,https://stream1.freetv.fun/eb049976dadeacc21684734cf5e7197847f88e90f7b6e224b7aadface62830d4.m3u8,网络源,,1.630,未分组,h264,1280x720,25.0,有音频,ok; 伪源相似度: 1.0000,1.0
ç”˜è‚ƒå«è§†,https://stream1.freetv.fun/d9b6033766a5517e1ab75aa6ec1ae11709a3110da4cc7f579ad03cf6190c952c.m3u8,网络源,,1.648,未分组,h264,1280x720,25.0,有音频,ok; 伪源相似度: 1.0000,1.0
æ²³å—å«è§†,http://tvcdn.stream3.hndt.com/tv/65c4a6d5017e1000b2b6ea2500000000_transios/playlist.m3u8?wsSecret=e5dfb8499a518ffd7a5e6db453aaa11f&wsTime=1762819251,网络源,,0.063,未分组,,,,无音频,error,0.0
æ–°ç–†å«è§†,http://kkk.888.3116598.xyz/api.php?n=tttt&id=zw1NpD&tk=FgM0vQMejxvG,网络源,,15.456,未分组,,,,无音频,error,0.0
ç”˜è‚ƒå«è§†,https://stream1.freetv.fun/b14558c4b4b9dd59004052dfe14922a1090bfe3f8040fc5d4fef80a993ffd127.m3u8,网络源,,0.793,未分组,,,,无音频,error,0.0
ç”˜è‚ƒå«è§†,https://stream1.freetv.fun/d882823572450d16d54595911be2aa8031496bf0a78bda85a748b73778e0d1af.m3u8,网络源,,1.456,未分组,h264,1280x720,25.0,有音频,ok; 伪源相似度: 1.0000,1.0
è¥¿è—å«è§†,https://stream1.freetv.fun/9a825c31554355afe80776352e50b2767498743a8ac1d65aaed02772a84eadbb.m3u8,网络源,,1.606,未分组,h264,1280x720,25.0,有音频,ok; 伪源相似度: 1.0000,1.0
æ±Ÿè¥¿å«è§†,https://stream1.freetv.fun/884205e754d467296fc5ead33fdf28f9b21d713b0c44c162f291fcc2df83ac2a.m3u8,网络源,,1.435,未分组,h264,1280x720,25.0,有音频,ok; 伪源相似度: 1.0000,1.0
è¥¿è—å«è§†,https://stream1.freetv.fun/31c5a6eb142e1f3abdf4ced6f51012753676db47e3e7f296671ea0983f9cbbbf.m3u8,网络源,,1.615,未分组,h264,1280x720,25.0,有音频,ok; 伪源相似度: 1.0000,1.0
è¥¿è—å«è§†,https://stream1.freetv.fun/6968cf63ac68316f25e883aaab467d29db9285700f8d9a12ed20b593daa8b2d1.m3u8,网络源,,1.605,未分组,h264,1280x720,25.0,有音频,ok; 伪源相似度: 1.0000,1.0
æ¹–åŒ—å«è§†,https://stream1.freetv.fun/74f227e9a9b198441fcc03a5f503e5699c6f1ae09a19084b02bb0830a200aac1.m3u8,网络源,,1.596,未分组,h264,1280x720,25.0,有音频,ok; 伪源相似度: 1.0000,1.0
è¥¿è—å«è§†,https://stream1.freetv.fun/a25032dcc5f0eac56006f515f7ed5932edb869c6efd5405655e60fed9d040784.m3u8,网络源,,1.608,未分组,h264,1280x720,25.0,有音频,ok; 伪源相似度: 1.0000,1.0
äº‘å—å«è§†,https://stream1.freetv.fun/c0407d14e70f9c1bdefe20bce70e50163a638aab3cfc26c2f10d4057d5a41314.m3u8,网络源,,1.585,未分组,h264,1280x720,25.0,有音频,ok; 伪源相似度: 1.0000,1.0
å±±ä¸œå«è§†,https://stream1.freetv.fun/24c31af25ba4edecf548069f91fd10e3a708c891e9755574d9d3e85f05a6cec7.m3u8,网络源,,1.597,未分组,h264,1280x720,25.0,有音频,ok; 伪源相似度: 1.0000,1.0
æ±Ÿè¥¿å«è§†,https://www.freetv.top/migu/783847495.m3u8?migutoken=a3e8d180650039495772db9c034f0598699bcd1a8f5dc386eaa2c7d88903420abcbfaf48d69a26351e436e9c23fb61b8acd6b9690d2aa41f2283d57f444c9c3f1be3e8af5c2aa87d7060804394,网络源,,1.285,未分组,h264,1920x1080,30.0,有音频,ok; 伪源相似度: 1.0000,1.0
æ²³å—å«è§†,https://epg.pw/stream/ced452ac010ebdb37faf71b686c46782d1b3545d266b2a21ce5f4c12a53b6f98.m3u8,网络源,,1.401,未分组,h264,1280x720,25.0,有音频,ok; 伪源相似度: 1.0000,1.0
å¹¿ä¸œå«è§†,http://221.2.148.205:8154/tsfile/live/0125_1.m3u8?key=txiptv&playlive=1&authid=0,网络源,,3.523,未分组,h264,1920x1080,25.0,有音频,error,0.0
æ±Ÿè¥¿å«è§†,https://epg.pw/stream/846f06141951ddbfefec16e5710d670d9501790cda01e9f49bdac747d4e1ffcd.m3u8,网络源,,1.409,未分组,h264,1280x720,25.0,有音频,ok; 伪源相似度: 1.0000,1.0
å¹¿ä¸œå«è§†,https://stream1.freetv.fun/ipv6-yan-dong-wei-shi-12.m3u8,网络源,,1.539,未分组,h264,1280x720,25.0,有音频,ok; 伪源相似度: 1.0000,1.0
äº‘å—å«è§†,https://stream1.freetv.fun/80324c775b13adbad0757fcd5377e6a54ec9fce61d27cc0cba6c30ed22049c9f.m3u8,网络源,,1.616,未分组,h264,1280x720,25.0,有音频,ok; 伪源相似度: 1.0000,1.0
å±±ä¸œå«è§†,https://stream1.freetv.fun/5b3f8b55c9ab9a236c5a900671932cbf4e8483a632e066e57ea7436c63bbe588.m3u8,网络源,,1.595,未分组,h264,1280x720,25.0,有音频,ok; 伪源相似度: 1.0000,1.0
æ²³å—å«è§†,https://stream1.freetv.fun/2aaeecceb0bc78b01e7abe6bf698766254211f5dcb4ee372b9a168638e461406.m3u8,网络源,,1.610,未分组,h264,1280x720,25.0,有音频,ok; 伪源相似度: 1.0000,1.0
å¹¿ä¸œå«è§†,https://stream1.freetv.fun/a5a9d93d3e3eb03cca0320d5e6821e8c5d34899182b684f0a3a063960564e0ea.m3u8,网络源,,1.601,未分组,h264,1280x720,25.0,有音频,ok; 伪源相似度: 1.0000,1.0
æ–°ç–†å«è§†,https://stream1.freetv.fun/400f1b0d17f68b9f1607d15db49de2340cd45b4df2c06234bb1956dde4500de1.m3u8,网络源,,1.462,未分组,h264,1280x720,25.0,有音频,ok; 伪源相似度: 1.0000,1.0
å±±ä¸œå«è§†,https://stream1.freetv.fun/c98c710b867198d8033667e191f55f8c562aed0832e4a4e9c239f864f1068d02.m3u8,网络源,,1.575,未分组,h264,1280x720,25.0,有音频,ok; 伪源相似度: 1.0000,1.0
å¹¿è¥¿å«è§†,https://stream1.freetv.fun/374ece896f9443b6ab9ec6b0df8ad9d5e39ebcd233b544daa940baaba70af533.m3u8,网络源,,1.587,未分组,h264,1280x720,25.0,有音频,ok; 伪源相似度: 1.0000,1.0
å¹¿è¥¿å«è§†,https://stream1.freetv.fun/86f11ddc0a95dc6a89f6959e3a8f5ad5cc1312fc051bf5d38dd925ba23ae5b2a.m3u8,网络源,,1.588,未分组,h264,1280x720,25.0,有音频,ok; 伪源相似度: 1.0000,1.0
æ¹–åŒ—å«è§†,http://123.130.84.106:8154/tsfile/live/0132_1.m3u8,网络源,,5.935,未分组,h264,1920x1080,25.0,有音频,error,0.0
æ–°ç–†å«è§†,https://stream1.freetv.fun/c07714b7f1004e17604d86e387852ba566545ab574aa511151b4c535c279e69b.m3u8,网络源,,1.858,未分组,h264,1280x720,25.0,有音频,ok; 伪源相似度: 1.0000,1.0
æ²³å—å«è§†,http://123.130.84.106:8154/tsfile/live/0139_1.m3u8?key=txiptv&playlive=1&authid=0,网络源,,11.766,未分组,h264,1920x1080,50.0,有音频,error,0.0
æ–°ç–†å«è§†,https://stream1.freetv.fun/166747c780622a29be370f49caba5447e91b220afe1897d9cbad2386b4b91aaa.m3u8,网络源,,1.532,未分组,h264,1280x720,25.0,有音频,ok; 伪源相似度: 1.0000,1.0
å±±è¥¿å«è§†,http://ygbh.site/php/bfgd.php?id=109,网络源,,1.011,未分组,,,,无音频,error,0.0
å±±ä¸œå«è§†,https://stream1.freetv.fun/ac1c15dc01a08667160c68a85717a5fab47c32c3861d361c102d0f3e96be2672.ctv,网络源,,1.465,未分组,h264,1280x720,25.0,有音频,ok; 伪源相似度: 1.0000,1.0
å»¶è¾¹å«è§†,https://stream1.freetv.fun/c0b813fdcf8e35946c0c91e75d6a2ed10a8b9094c02223e4cb83b282c977ef58.ctv,网络源,,1.620,未分组,h264,1280x720,25.0,有音频,ok; 伪源相似度: 1.0000,1.0
æ²³å—å«è§†,https://stream1.freetv.fun/e588987d8afaba1df67a391ea75744e02f2e7c3cde3e781b58dd5930f11eedda.m3u8,网络源,,5.582,未分组,,,,无音频,error,0.0
ç”˜è‚ƒå«è§†,https://stream1.freetv.fun/cf962927d8868ae24438dd74043f16685c2205ec8c0f913b17d11fe81e3d348a.m3u8,网络源,,5.589,未分组,,,,无音频,error,0.0
æ–°ç–†å«è§†,https://stream1.freetv.fun/fde702f8f3933462e049918018806fc7f05cfaaba3a34171795ef12a20a3dba0.m3u8,网络源,,1.599,未分组,h264,1280x720,25.0,有音频,ok; 伪源相似度: 1.0000,1.0
æ²³åŒ—å«è§†,https://stream1.freetv.fun/64e6b0b149eb7d395319b2ae867b31ca96065cfa72e7b7301d1fa148d83a58ff.m3u8,网络源,,5.592,未分组,,,,无音频,error,0.0
äº‘å—å«è§†,https://stream1.freetv.fun/8e81cbb76e0813b2f30803f97843771f0217d28d4ca11246db8f85a068cf637a.m3u8,网络源,,0.837,未分组,,,,无音频,error,0.0
ç”˜è‚ƒå«è§†,https://stream1.freetv.fun/e59f02136e33a2fdd6d0bfa0cab8e9eafef1644dd75e2b8bd53459d7a0b3503e.m3u8,网络源,,7.901,未分组,h264,720x576,25.0,有音频,error,0.0
äº‘å—å«è§†,http://111.43.126.240:9003/hls/60/index.m3u8,网络源,,0.527,未分组,,,,无音频,error,0.0
æ±Ÿè¥¿å«è§†,https://stream1.freetv.fun/c5b111188406543af7e57b190d868e9e911cae646dee6d37d2af0075aeccd66d.m3u8,网络源,,1.772,未分组,h264,1280x720,25.0,有音频,ok; 伪源相似度: 1.0000,1.0
å±±ä¸œå«è§†,http://ygbh.site/php/bfgd.php?id=099,网络源,,1.241,未分组,,,,无音频,error,0.0
æ–°ç–†å«è§†,https://stream1.freetv.fun/ff50600dd45b1b1656f2f7535c04f361a6e8c33606e19dbc9b0316bd173f9408.m3u8,网络源,,2.114,未分组,h264,,,有音频,error,0.0
æ²³åŒ—å«è§†,https://stream1.freetv.fun/2c8b1aa1c3a2ed3371aab483145013c155293cd9037888103f852234788bd6a7.m3u8,网络源,,1.593,未分组,h264,1280x720,25.0,有音频,ok; 伪源相似度: 1.0000,1.0
å¹¿ä¸œå«è§†,https://stream1.freetv.fun/af85fee1b8e836bd54cf69276660c22fffd54e31fe634856f6fd550ec77304d9.m3u8,网络源,,1.584,未分组,h264,1280x720,25.0,有音频,ok; 伪源相似度: 1.0000,1.0
å¹¿è¥¿å«è§†,https://stream1.freetv.fun/64c0d15a8ec94aa45c8bb8e9314d511676c9ae4378cc20bd0c2b606caf6383e4.m3u8,网络源,,1.573,未分组,h264,1280x720,25.0,有音频,ok; 伪源相似度: 1.0000,1.0
å±±è¥¿å«è§†,https://stream1.freetv.fun/shan-xi-wei-shi-109.m3u8,网络源,,17.851,未分组,h264,720x576,25.0,有音频,error,0.0
è¥¿è—å«è§†,https://stream1.freetv.fun/546e5d92d47a86a4aeafe2ead4e6609fc32fc5992c2eed9f4f3e7645ef686355.m3u8,网络源,,1.593,未分组,h264,1280x720,25.0,有音频,ok; 伪源相似度: 1.0000,1.0
æ¹–åŒ—å«è§†,https://www.freetv.top/migu/947472496.m3u8?migutoken=d03fbc587528cd8db150889a8b7ccf82908a9ac1d12b60856ea83f94571aa02a9fd49519a652c6266e3f3c051465858f993daed973086f14e768ebb5a9441e4875111e85555c315b0f30f9a1c2,网络源,,1.385,未分组,h264,1920x1080,30.0,有音频,ok; 伪源相似度: 1.0000,1.0
å¹¿è¥¿å«è§†,https://stream1.freetv.fun/bfbb6cc5e99b302fee0410849bb3b702c56e2f126c340387bb623ae8c035fb1b.m3u8,网络源,,1.648,未分组,h264,1280x720,25.0,有音频,ok; 伪源相似度: 1.0000,1.0
æ²³åŒ—å«è§†,http://kkk.888.3116598.xyz/api.php?n=tttt&id=DWA2wY&tk=FgM0vQMejxvG,网络源,,15.528,未分组,,,,无音频,error,0.0
æ±Ÿè¥¿å«è§†,https://stream1.freetv.fun/2df8b395a33033ef4dbd79007e2ec8dabbdc64e75e0e2c8bd46c49eec115d891.m3u8,网络源,,1.599,未分组,h264,1280x720,25.0,有音频,ok; 伪源相似度: 1.0000,1.0
æ–°ç–†å«è§†,http://8.138.7.223/tv/migu3.php?id=xjws,网络源,,1.198,未分组,,,,无音频,error,0.0
æ¹–åŒ—å«è§†,http://ygbh.site/php/bfgd.php?id=102,网络源,,1.317,未分组,,,,无音频,error,0.0
æ–°ç–†å«è§†,http://kkk.888.3116598.xyz/api.php?n=tttt&id=XVshwr&tk=FgM0vQMejxvG,网络源,,0.472,未分组,,,,无音频,error,0.0
äº‘å—å«è§†,https://stream1.freetv.fun/44791e60a00a1d5f4377263bbc81e2b4c50cd356967a9cdb8ce05fb6db43d1ea.m3u8,网络源,,1.602,未分组,h264,1280x720,25.0,有音频,ok; 伪源相似度: 1.0000,1.0
æ¹–åŒ—å«è§†,https://epg.pw/stream/3298477c4c8d437c353cadb2782404ba26df186e50ae7684666aa6670268fea8.m3u8,网络源,,1.508,未分组,,,,无音频,error,0.0
ç”˜è‚ƒå«è§†,https://stream1.freetv.fun/8ebda250d16aa1f21b29173ee9535fd6054599421508f334f649fa68465165fd.m3u8,网络源,,1.578,未分组,h264,1280x720,25.0,有音频,ok; 伪源相似度: 1.0000,1.0
æ–°ç–†å«è§†,https://stream1.freetv.fun/491fd44baf9decfb455c633430d8968c171f00c46474622b96e79dace34057e8.m3u8,网络源,,5.459,未分组,,,,无音频,error,0.0
æ²³åŒ—å«è§†,https://stream1.freetv.fun/2b088a863c5484c04d09be1ed6aeb7578ff6c7724fa0cb33425022ad50283155.m3u8,网络源,,1.585,未分组,h264,1280x720,25.0,有音频,ok; 伪源相似度: 1.0000,1.0
æ–°ç–†å«è§†,https://stream1.freetv.fun/6ea4445c3521d696ed43bfab2cfe456dbb13de421d02f6ea1fedda765886a134.m3u8,网络源,,1.467,未分组,h264,1280x720,25.0,有音频,ok; 伪源相似度: 1.0000,1.0
å±±è¥¿å«è§†,http://111.43.126.240:9003/hls/61/index.m3u8,网络源,,0.560,未分组,,,,无音频,error,0.0
æ±Ÿè¥¿å«è§†,https://stream1.freetv.fun/dfb80819b92394b8d001b2a135d0a18949b1f60bd4eb5b3f308022236f7eefbe.m3u8,网络源,,1.612,未分组,h264,1280x720,25.0,有音频,ok; 伪源相似度: 1.0000,1.0
æ–°ç–†å«è§†,https://stream1.freetv.fun/369d82e2913254f5a712ca6bcb0931176462d5a46be06f9771cdcf93f7f35cdb.m3u8,网络源,,1.969,未分组,h264,1920x1080,25.0,有音频,ok; 伪源相似度: 1.0000,1.0
æ±Ÿè¥¿å«è§†,http://111.43.126.240:9003/hls/49/index.m3u8,网络源,,0.561,未分组,,,,无音频,error,0.0
æ¹–åŒ—å«è§†,http://223.241.247.214:9901/tsfile/live/0132_1.m3u8,网络源,,3.319,未分组,h264,720x576,25.0,有音频,error,0.0
ç”˜è‚ƒå«è§†,http://dms.yryyj.site:8188/udp/239.76.246.94:1234,网络源,,6.089,未分组,,,,无音频,error,0.0
äº‘å—å«è§†,https://stream1.freetv.fun/yun-nan-wei-shi-56.m3u8,网络源,,1.322,未分组,,,,无音频,error,0.0
å¹¿è¥¿å«è§†,https://stream1.freetv.fun/9ddd22f91fa2be56b4da5b2c8df8be20141d218f52ebf7728bb70cf8c1caeaf8.m3u8,网络源,,1.593,未分组,h264,1280x720,25.0,有音频,ok; 伪源相似度: 1.0000,1.0
å¹¿ä¸œå«è§†,https://epg.pw/stream/79202aa439fc4fb94a8304f8608737f7cff1626f2b42aa6d5552ecfc2bcacbaf.m3u8,网络源,,1.392,未分组,h264,1280x720,25.0,有音频,ok; 伪源相似度: 1.0000,1.0
äº‘å—å«è§†,https://stream1.freetv.fun/yun-nan-wei-shi-10.m3u8,网络源,,1.481,未分组,,,,无音频,error,0.0
æ¹–åŒ—å«è§†,http://113.57.93.165:9900/tsfile/live/0132_1.m3u8?key=txiptv&playlive=1&authid=0,网络源,,4.345,未分组,h264,1920x1080,25.0,有音频,error,0.0
æ¹–åŒ—å«è§†,https://stream1.freetv.fun/c1d6ab376c99f7726298b846dc6790c4791e01a8edf4ccb4bfafa6f8b92424d1.m3u8,网络源,,1.665,未分组,h264,1280x720,25.0,有音频,ok; 伪源相似度: 1.0000,1.0
æ²³åŒ—å«è§†,http://dms.yryyj.site:8188/udp/239.76.245.199:1234,网络源,,6.146,未分组,,,,无音频,error,0.0
æ–°ç–†å«è§†,https://stream1.freetv.fun/e7a053abe997b38ab5da298dbe0ab1b78baee99b05594e77c3f2375af55027c8.m3u8,网络源,,1.608,未分组,h264,1280x720,25.0,有音频,ok; 伪源相似度: 1.0000,1.0
æ²³å—å«è§†,https://stream1.freetv.fun/0f698a15b7719ff8e12e8d788e7fd4f5955597bf245c8c8ca8fbd4be6dec7cbd.m3u8,网络源,,1.584,未分组,h264,1280x720,25.0,有音频,ok; 伪源相似度: 1.0000,1.0
æ²³å—å«è§†,http://111.43.126.240:9003/hls/44/index.m3u8,网络源,,0.528,未分组,,,,无音频,error,0.0
æ±Ÿè¥¿å«è§†,https://stream1.freetv.fun/bb58259930386bbf8990b8c874a2003bddc472d71f3d5f8858e1de684c7048f2.m3u8,网络源,,1.599,未分组,h264,1280x720,25.0,有音频,ok; 伪源相似度: 1.0000,1.0
æ²³å—å«è§†,https://stream1.freetv.fun/he-nan-wei-shi-58.ctv,网络源,,11.716,未分组,h264,1920x1080,25.0,有音频,error,0.0
æ¹–åŒ—å«è§†,http://www.745612.xyz:7788/rtp/235.254.198.72:1564,网络源,,6.779,未分组,h264,1920x1080,25.0,有音频,error,0.0
æ¹–åŒ—å«è§†,https://stream1.freetv.fun/bc50451637d5514ecb84768e26477cffe68ade94f1b7315a43296bf62a6dad10.m3u8,网络源,,1.457,未分组,h264,1280x720,25.0,有音频,ok; 伪源相似度: 1.0000,1.0
è¥¿è—å«è§†,https://stream1.freetv.fun/da80b526fbb2e690b112bdb6d478ce138cde6581a65b95984a3295660fcd03c0.m3u8,网络源,,1.452,未分组,,,,无音频,error,0.0
æ¹–åŒ—å«è§†,https://stream1.freetv.fun/fd24c57897e6d517925abfaab4540450a341ff54c5018a975a4738e120daeadb.m3u8,网络源,,1.576,未分组,h264,1280x720,25.0,有音频,ok; 伪源相似度: 1.0000,1.0
æ±Ÿè¥¿å«è§†,https://stream1.freetv.fun/24e42d02d75be84af73aac0b4616ee974f8327b811e3a0a4b45a1bb5629f2cd7.m3u8,网络源,,1.585,未分组,h264,1280x720,25.0,有音频,ok; 伪源相似度: 1.0000,1.0
å¹¿ä¸œå«è§†,https://stream1.freetv.fun/50ac5b1b5fd23d475b1af675426a35acb6cc15a5c69351e2a73c7eb7e55ca499.m3u8,网络源,,1.575,未分组,h264,1280x720,25.0,有音频,ok; 伪源相似度: 1.0000,1.0
ç”˜è‚ƒå«è§†,https://stream1.freetv.fun/c87ccda9c45e13cb2984d4416308e6ccfd2e0793c6ef4b33f56d2761e077549d.m3u8,网络源,,1.593,未分组,h264,1280x720,25.0,有音频,ok; 伪源相似度: 1.0000,1.0
è¥¿è—å«è§†,https://stream1.freetv.fun/2e5aac0f2b8fe84e021e41bc84f0990ae44a267cbb5860ac86fec6a7570da6a3.m3u8,网络源,,1.600,未分组,h264,1280x720,25.0,有音频,ok; 伪源相似度: 1.0000,1.0
å¹¿ä¸œå«è§†,https://stream1.freetv.fun/yan-dong-wei-shi-25.ctv,网络源,,6.717,未分组,h264,1920x1080,25.0,有音频,error,0.0
æ²³å—å«è§†,https://www.freetv.top/migu/790187291.m3u8?migutoken=8cfda6b4bd8593bb9739434fecdd1cd097ab9b9609ed72d6de4ca14196c33fbc5ea88d4dae5a4c8a359213f9affc7ab2cf675a934561839e4060ba75bd56e43da713a62e3ebabc4ced1c770bca,网络源,,1.094,未分组,,,,无音频,ok; 伪源相似度: 1.0000,1.0
ç”˜è‚ƒå«è§†,https://stream1.freetv.fun/218e59a00a9b58363c7633fdf073e2d8c3e98cc106dae98effe045383729c843.m3u8,网络源,,1.583,未分组,h264,1280x720,25.0,有音频,ok; 伪源相似度: 1.0000,1.0
ç”˜è‚ƒå«è§†,https://stream1.freetv.fun/ec273e625b70b7445182fe600a9e0463a3a0fbef4f0e8e61d6f19807e128b81c.m3u8,网络源,,1.597,未分组,h264,1280x720,25.0,有音频,ok; 伪源相似度: 1.0000,1.0
å¹¿ä¸œå«è§†,http://kkk.888.3116598.xyz/api.php?n=tttt&id=cxpWx5&tk=FgM0vQMejxvG,网络源,,0.456,未分组,,,,无音频,error,0.0
äº‘å—å«è§†,https://stream1.freetv.fun/chcying-mi-dian-ying-14.m3u8,网络源,,1.110,未分组,h264,1280x720,25.0,有音频,ok; 伪源相似度: 1.0000,1.0
å¹¿ä¸œå«è§†,https://stream1.freetv.fun/ee96d9db9508b674e311aaa5106fc4b1ce18e87659174d8c5b996329feeda4de.m3u8,网络源,,1.601,未分组,h264,1280x720,25.0,有音频,ok; 伪源相似度: 1.0000,1.0
å¹¿ä¸œå«è§†,https://stream1.freetv.fun/yan-dong-wei-shi-5.ctv,网络源,,5.587,未分组,,,,无音频,error,0.0
æ²³å—å«è§†,https://stream1.freetv.fun/2e110535b415adb85de384221124aaca09d4809a3ab71a234eedb2b3f736aa99.m3u8,网络源,,1.730,未分组,,,,无音频,error,0.0
æ²³åŒ—å«è§†,https://stream1.freetv.fun/483ee18afe4f13be3acd1a73baacb506bec3fe238b929bcdd3256e2d31798ff1.m3u8,网络源,,1.586,未分组,h264,1280x720,25.0,有音频,ok; 伪源相似度: 1.0000,1.0
äº‘å—å«è§†,https://stream1.freetv.fun/51c27038e64ef03476e69bceec9370d3b9eab7f16b83f3805c1f0876143197e8.m3u8,网络源,,5.600,未分组,,,,无音频,error,0.0
äº‘å—å«è§†,https://stream1.freetv.fun/f40235a5ade931c60cc82abe8d013628e1977f5cea353d83586f27b4026d32b4.ctv,网络源,,1.765,未分组,h264,1280x720,25.0,有音频,ok; 伪源相似度: 1.0000,1.0
è¥¿è—å«è§†,https://stream1.freetv.fun/f55c88c0857dc7d8cc279f52291625de6d5c689ed169dd9f81845fb806bcfce9.m3u8,网络源,,2.408,未分组,,,,无音频,error,0.0
è¥¿è—å«è§†,https://stream1.freetv.fun/a8e83798e1c1f8ffca8b5c81f9b6cfb6290dedebab63c1355662dbb492ba1c2a.m3u8,网络源,,1.605,未分组,h264,1280x720,25.0,有音频,ok; 伪源相似度: 1.0000,1.0
æ–°ç–†å«è§†,https://stream1.freetv.fun/b018a738e4f4c556296cf873999c9652fa3a0afb20a39907e6653036e2cb0c15.m3u8,网络源,,1.594,未分组,h264,1280x720,25.0,有音频,ok; 伪源相似度: 1.0000,1.0
å±±ä¸œå«è§†,https://stream1.freetv.fun/439c7c000473ecacf69a76d07e5a2754ea71c4dd72438caa79aea3e0efda70d9.m3u8,网络源,,1.611,未分组,h264,1280x720,25.0,有音频,ok; 伪源相似度: 1.0000,1.0
äº‘å—å«è§†,http://ygbh.site/php/bfgd.php?id=482,网络源,,1.081,未分组,,,,无音频,error,0.0
æ²³å—å«è§†,http://tvcdn.stream3.hndt.com/tv/65c4a6d5017e1000b2b6ea2500000000_transios/playlist.m3u8?wsSecret=f728885cf01441311fd5b7b1dcda77e5&wsTime=1762819209,网络源,,0.076,未分组,,,,无音频,error,0.0
ç”˜è‚ƒå«è§†,https://stream1.freetv.fun/c7e682779e290f5428b054335f04b0b28ccca99a950699a3c3c9039554337ec9.m3u8,网络源,,5.589,未分组,,,,无音频,error,0.0
è¥¿è—å«è§†,https://stream1.freetv.fun/64010ab34856c09a42358882d2051c8f2fb12da8bc85e487c80b15d6d0757a38.m3u8,网络源,,1.604,未分组,h264,1280x720,25.0,有音频,ok; 伪源相似度: 1.0000,1.0
ç”˜è‚ƒå«è§†,https://stream1.freetv.fun/af10d63ec7a9c20050b6367c0d8add663bddae804387f2f3df4ff9f0e6ecf4e9.m3u8,网络源,,1.094,未分组,,,,无音频,error,0.0
ç”˜è‚ƒå«è§†,https://stream1.freetv.fun/bc85e128433e82a8d2b5d1d64af3f70aab6416637d3c2ccb436199ce8f7fd7a6.m3u8,网络源,,1.595,未分组,h264,1280x720,25.0,有音频,ok; 伪源相似度: 1.0000,1.0
äº‘å—å«è§†,https://stream1.freetv.fun/79761b22134498d5af661983f1ce5c452c871720d482d3c5ad853a5478b99dc7.m3u8,网络源,,1.599,未分组,h264,1280x720,25.0,有音频,ok; 伪源相似度: 1.0000,1.0
æ¹–åŒ—å«è§†,https://www.freetv.top/migu/947472496.m3u8?migutoken=9e0b6e23bb7725ae05db38e94560710be0065754e80ee0fe715dae0c732fefe350b5f8d87d396729f775bdbbff23ab9be7803bc3259bbcf04aeb009ddf7ef6cc8c478a5721202f4e2a0946836a,网络源,,1.129,未分组,h264,1920x1080,30.0,有音频,ok; 伪源相似度: 1.0000,1.0
å±±ä¸œå«è§†,http://dms.yryyj.site:8188/udp/239.76.246.195:1234,网络源,,6.117,未分组,,,,无音频,error,0.0
æ²³åŒ—å«è§†,https://stream1.freetv.fun/he-bei-wei-shi-9.m3u8,网络源,,7.105,未分组,h264,1920x1080,25.0,有音频,error,0.0
å¹¿è¥¿å«è§†,https://stream1.freetv.fun/yan-xi-wei-shi-43.m3u8,网络源,,1.519,未分组,,,,无音频,error,0.0
å±±ä¸œå«è§†,http://drive.mxmy.net:8888/udp/239.3.1.209:8052,网络源,,17.529,未分组,h264,,,有音频,error,0.0
å±±ä¸œå«è§†,https://stream1.freetv.fun/shan-dong-wei-shi-45.ctv,网络源,,1.454,未分组,h264,1920x1080,25.0,有音频,ok; 伪源相似度: 1.0000,1.0
ç”˜è‚ƒå«è§†,https://stream1.freetv.fun/gan-su-wei-shi-52.m3u8,网络源,,0.561,未分组,,,,无音频,error,0.0
æ–°ç–†å«è§†,https://stream1.freetv.fun/108ed1b5db68ef5fb48a15383b7ccc7d04af206a9b9611bd1fdb48f2f37b50c4.m3u8,网络源,,1.599,未分组,h264,1280x720,25.0,有音频,ok; 伪源相似度: 1.0000,1.0
äº‘å—å«è§†,https://stream1.freetv.fun/8516ee373bc6e9f2805a68338e64e4df5737bb2c4be5f7dafba1c4a8c6d5af7c.m3u8,网络源,,1.605,未分组,h264,1280x720,25.0,有音频,ok; 伪源相似度: 1.0000,1.0
å¹¿ä¸œå«è§†,https://stream1.freetv.fun/8ef6435bcdd83e12ef928e4ac5f72f2a2c4cb216bebaa6bcd4f34dc34c8761e5.m3u8,网络源,,1.444,未分组,h264,1280x720,25.0,有音频,ok; 伪源相似度: 1.0000,1.0
äº‘å—å«è§†,https://stream1.freetv.fun/30833828943dd863ae674e21ce2b071f6b9cea50e07fbcfe5c2a0ce16fa20dd2.m3u8,网络源,,1.445,未分组,h264,1280x720,25.0,有音频,ok; 伪源相似度: 1.0000,1.0
æ¹–åŒ—å«è§†,http://kkk.jjjj.jiduo.me/api.php?n=tttt&id=1923&tk=a0c4f6cfaba3,网络源,,0.268,未分组,,,,无音频,error,0.0
æ–°ç–†å«è§†,http://139.196.151.191:2051/rtp/239.45.1.116:5140,网络源,,3.513,未分组,,,,无音频,error,0.0
å±±ä¸œå«è§†,https://stream1.freetv.fun/ee5f29385677d9ea1ff89cf38fa00166df33bc7a065c5821da8a74b1bae08262.m3u8,网络源,,1.599,未分组,h264,1280x720,25.0,有音频,ok; 伪源相似度: 1.0000,1.0
æ²³åŒ—å«è§†,https://stream1.freetv.fun/e59a8d25d39880046ea5526cb6600391eaa7351f8eae7011e85e501506f7e7be.m3u8,网络源,,1.605,未分组,h264,1280x720,25.0,有音频,ok; 伪源相似度: 1.0000,1.0
å±±è¥¿å«è§†,http://liveflash.sxrtv.com/live/sxwshd.m3u8?sub_m3u8=true&edge_slice=true,网络源,,2.064,未分组,,,,无音频,error,0.0
æ–°ç–†å«è§†,https://stream1.freetv.fun/f54baeec1aef69aba7e263b1c5082b778f1cf19475559c2117ed9ab9fe317249.m3u8,网络源,,0.745,未分组,,,,无音频,error,0.0
æ²³å—å«è§†,https://stream1.freetv.fun/he-nan-wei-shi-88.m3u8,网络源,,5.523,未分组,h264,720x576,25.0,有音频,error,0.0
å±±ä¸œå«è§†,https://stream1.freetv.fun/shan-dong-wei-shi-56.m3u8,网络源,,0.843,未分组,,,,无音频,error,0.0
æ²³å—å«è§†,https://stream1.freetv.fun/78e08f3c7545eb3161bc86b87742b8555d41e8b22c0198ff682ff4d690b6aa4b.m3u8,网络源,,1.604,未分组,h264,1280x720,25.0,有音频,ok; 伪源相似度: 1.0000,1.0
æ–°ç–†å«è§†,https://stream1.freetv.fun/9984b91d551344bdfd104ed83945412e4b224dfc9eea616a99822f8241b8d47e.m3u8,网络源,,1.583,未分组,h264,1280x720,25.0,有音频,ok; 伪源相似度: 1.0000,1.0
å¹¿è¥¿å«è§†,https://stream1.freetv.fun/3e146898bc4b5a627b9283c4af952e71c619ecfaa7a857d4af08140e638aa4a0.m3u8,网络源,,0.863,未分组,,,,无音频,error,0.0
æ±Ÿè¥¿å«è§†,https://epg.pw/stream/1d56b395bdb00424c44f8dbff39c9b2606472caa25b9328fb7231f8a97643de7.m3u8,网络源,,0.836,未分组,,,,无音频,error,0.0
æ–°ç–†å«è§†,https://stream1.freetv.fun/cae971892ef630227c1dfb4d1d6c1c8e12cc2fbb74359c37884a31f76e7c8751.m3u8,网络源,,1.479,未分组,h264,1280x720,25.0,有音频,ok; 伪源相似度: 1.0000,1.0
æ–°ç–†å«è§†,https://stream1.freetv.fun/76f778346d34fe24d36da8d8a180dc4610a107d5344084dce026498faabd0220.m3u8,网络源,,1.590,未分组,h264,1280x720,25.0,有音频,ok; 伪源相似度: 1.0000,1.0
äº‘å—å«è§†,https://stream1.freetv.fun/db3a0a73c90fdc8f86e527b0c2ff10fffe1813c3ad779aeac33e8df0a8bd575a.m3u8,网络源,,1.597,未分组,h264,1280x720,25.0,有音频,ok; 伪源相似度: 1.0000,1.0
å±±ä¸œå«è§†,https://stream1.freetv.fun/dc02290595664312c49f235a7ddcc445db57176503feb01bbada820d1abda853.m3u8,网络源,,1.600,未分组,h264,1280x720,25.0,有音频,ok; 伪源相似度: 1.0000,1.0
å±±ä¸œå«è§†,https://stream1.freetv.fun/c4bf2ed18d914b76fdb2e8131720147db4d70488fa510b4765dc2812e21db981.m3u8,网络源,,5.596,未分组,,,,无音频,error,0.0
æ¹–åŒ—å«è§†,http://59.39.89.130:60901/tsfile/live/0125_12.m3u8?key=txiptv&playlive=1&authid=0,网络源,,5.229,未分组,h264,1920x1080,25.0,有音频,error,0.0
æ±Ÿè¥¿å«è§†,https://stream1.freetv.fun/dc9d28cc43040277c9ab2a890ab8b91b88386c3ac1340be857cd31735548e025.m3u8,网络源,,1.601,未分组,h264,1280x720,25.0,有音频,ok; 伪源相似度: 1.0000,1.0
æ²³åŒ—å«è§†,https://stream1.freetv.fun/he-bei-wei-shi-64.m3u8,网络源,,12.767,未分组,h264,1920x1080,25.0,有音频,error,0.0
äº‘å—å«è§†,https://stream1.freetv.fun/eff62f09bb1873ea9ee8027c3a613f56387807ae7e011c46d8ff2e43bd11ff7f.ctv,网络源,,1.579,未分组,h264,1280x720,25.0,有音频,ok; 伪源相似度: 1.0000,1.0
å¹¿ä¸œå«è§†,https://stream1.freetv.fun/789f20f011598d1de2038efdd927fd3eb7619798d61096ca13b1501a8db4292b.m3u8,网络源,,1.599,未分组,h264,1280x720,25.0,有音频,ok; 伪源相似度: 1.0000,1.0
æ²³å—å«è§†,http://tvcdn.stream3.hndt.com/tv/65c4a6d5017e1000b2b6ea2500000000_transios/playlist.m3u8?wsSecret=4b9453f553c9710bfad8c6c7b1258f52&wsTime=1762459200,网络源,,0.063,未分组,,,,无音频,error,0.0
äº‘å—å«è§†,https://stream1.freetv.fun/cb688c19071a370c4331aaff5272692ed50a3ab41c6f41854587e1a219a5f779.m3u8,网络源,,1.454,未分组,h264,1280x720,25.0,有音频,ok; 伪源相似度: 1.0000,1.0
äº‘å—å«è§†,http://p2.ytelc.com/xgplayer.php?id=https://hwapi.yntv.net/ew265l/z1z6s5.m3u8,网络源,,1.999,未分组,,,,无音频,error,0.0
æ²³åŒ—å«è§†,https://stream1.freetv.fun/3195078de9ae9f13e5d7cd6eed593a80ef4d1d37948e8d2696ed120493bc6bc3.m3u8,网络源,,1.595,未分组,h264,1280x720,25.0,有音频,ok; 伪源相似度: 1.0000,1.0
è¥¿è—å«è§†,https://stream1.freetv.fun/e1de64850b8df920ff48ba63ac8ff4f317f36e1545d1ad0a0c1c1774af74efbe.m3u8,网络源,,1.594,未分组,h264,1280x720,25.0,有音频,ok; 伪源相似度: 1.0000,1.0
æ–°ç–†å«è§†,https://stream1.freetv.fun/xin-jiang-wei-shi-29.ctv,网络源,,1.186,未分组,h264,1920x1080,25.0,有音频,ok; 伪源相似度: 1.0000,1.0
å¹¿ä¸œå«è§†,https://stream1.freetv.fun/yan-dong-wei-shi-84.ctv,网络源,,6.764,未分组,h264,1920x1080,25.0,有音频,error,0.0
å¹¿ä¸œå«è§†,https://stream1.freetv.fun/80f9f93aeb14f2b203cb77e1f72b095e2aa7e9491de1ee852d24239ba08f3098.m3u8,网络源,,1.595,未分组,h264,1280x720,25.0,有音频,ok; 伪源相似度: 1.0000,1.0
å±±ä¸œå«è§†,https://stream1.freetv.fun/shan-dong-wei-shi-21.m3u8,网络源,,1.405,未分组,,,,无音频,error,0.0
æ²³åŒ—å«è§†,http://61.156.228.12:8154/tsfile/live/0117_1.m3u8?key=txiptv&playlive=1&authid=0,网络源,,3.886,未分组,h264,1920x1080,50.0,有音频,error,0.0
ç”˜è‚ƒå«è§†,https://stream1.freetv.fun/349c7fb68e8455c137160f5349fdb60363e86f923f0c3b5755f8892add3e9d65.ctv,网络源,,1.470,未分组,h264,1280x720,25.0,有音频,ok; 伪源相似度: 1.0000,1.0
å¹¿ä¸œå«è§†,http://61.156.228.12:8154/tsfile/live/0125_1.m3u8?key=txiptv&playlive=1&authid=0,网络源,,16.294,未分组,h264,1920x1080,25.0,有音频,error,0.0
æ±Ÿè¥¿å«è§†,https://stream1.freetv.fun/b99cfef14e64a12c8ff2231565ad2189ac9d218dd8082417314419c630f6e238.m3u8,网络源,,6.100,未分组,,,,无音频,error,0.0
æ¹–åŒ—å«è§†,https://shyd.695847.xyz/cms001/ch00000090990000001027/index.m3u8?IAS,网络源,,0.933,未分组,,,,无音频,error,0.0
å±±ä¸œå«è§†,http://kkk.888.3116598.xyz/api.php?n=tttt&id=3Ios8Z&tk=FgM0vQMejxvG,网络源,,15.461,未分组,,,,无音频,error,0.0
äº‘å—å«è§†,https://stream1.freetv.fun/9e6b41e02955474787ca4067351aee590117d001c66f67e91ae48966cb034bb9.m3u8,网络源,,1.599,未分组,h264,1280x720,25.0,有音频,ok; 伪源相似度: 1.0000,1.0
æ–°ç–†å«è§†,http://111.43.126.240:9003/hls/64/index.m3u8,网络源,,0.564,未分组,,,,无音频,error,0.0
å¹¿ä¸œå«è§†,https://stream1.freetv.fun/17c2caa98314cdbeecb0056390dc95867526843a2af1b951559870af9ec5e907.m3u8,网络源,,1.570,未分组,h264,1280x720,25.0,有音频,ok; 伪源相似度: 1.0000,1.0
æ¹–åŒ—å«è§†,https://stream1.freetv.fun/10aea62a3d2f6ad2e19d6b5cdb3c95c2faf00218cdcc04824fd1ee79d43f11dc.m3u8,网络源,,5.592,未分组,,,,无音频,error,0.0
æ¹–åŒ—å«è§†,https://stream1.freetv.fun/95a48ba741cb55df727c504cdfd501c65310a9ad60fdcdbb36ad8277d5790f27.m3u8,网络源,,1.733,未分组,h264,1280x720,25.0,有音频,ok; 伪源相似度: 1.0000,1.0
æ–°ç–†å«è§†,https://stream1.freetv.fun/674920ceab1d54e60eb79d53a3e465c5cf568f68dc82977a6ef79362cec859ca.m3u8,网络源,,1.671,未分组,h264,1280x720,25.0,有音频,ok; 伪源相似度: 1.0000,1.0
å±±ä¸œå«è§†,http://kkk.888.3116598.xyz/api.php?n=tttt&id=TDnxiK&tk=FgM0vQMejxvG,网络源,,15.241,未分组,,,,无音频,error,0.0
æ²³å—å«è§†,http://satellitepull.cnr.cn/live/wxhnws/playlist.m3u8,网络源,,4.158,未分组,,,,有音频,error,0.0
å¹¿ä¸œå«è§†,http://113.57.93.165:9900/tsfile/live/0125_1.m3u8,网络源,,12.065,未分组,h264,1920x1080,25.0,有音频,error,0.0
æ–°ç–†å«è§†,https://stream1.freetv.fun/2a6fa8f79e18cfe500b59da64583fdc346bbcfd668500473c222950c7a24ce87.m3u8,网络源,,1.597,未分组,h264,1280x720,25.0,有音频,ok; 伪源相似度: 1.0000,1.0
æ²³å—å«è§†,http://111.61.236.247:9081/hls/33/index.m3u8,网络源,,6.259,未分组,h264,1920x1080,50.0,有音频,error,0.0
æ²³åŒ—å«è§†,http://139.196.214.238/rtp/239.45.1.44:5140,网络源,,3.547,未分组,,,,无音频,error,0.0
æ¹–åŒ—å«è§†,https://stream1.freetv.fun/ee5910e9342172810dc4cb6240f7cee479a83ea96967b5d2da44e2cc5d9eb0b7.m3u8,网络源,,1.584,未分组,h264,1280x720,25.0,有音频,ok; 伪源相似度: 1.0000,1.0
æ²³å—å«è§†,https://stream1.freetv.fun/65eca45d530393ded96e155eb7dbc7df060e76316aa99b4f1f77ab5808f7d0bf.m3u8,网络源,,1.460,未分组,h264,1280x720,25.0,有音频,ok; 伪源相似度: 1.0000,1.0
äº‘å—å«è§†,http://kkk.888.3116598.xyz/api.php?n=tttt&id=7xV1dH&tk=FgM0vQMejxvG,网络源,,15.472,未分组,,,,无音频,error,0.0
äº‘å—å«è§†,https://stream1.freetv.fun/8104a5c152a868defd1a5d14db7deb3203e05fbdd375c5de7e68240bf606f8ea.m3u8,网络源,,1.597,未分组,h264,1280x720,25.0,有音频,ok; 伪源相似度: 1.0000,1.0
ç”˜è‚ƒå«è§†,http://223.241.247.214:9901/tsfile/live/0141_1.m3u8?key=txiptv&playlive=1&authid=0,网络源,,2.750,未分组,h264,720x576,25.0,有音频,error,0.0
æ±Ÿè¥¿å«è§†,http://ygbh.site/php/bfgd.php?id=098,网络源,,1.088,未分组,,,,无音频,error,0.0
æ²³å—å«è§†,https://stream1.freetv.fun/dcb439bf3c9daa873a167f275bf8e44c2b266db4d09db5f1e3169adc27996a5e.m3u8,网络源,,1.618,未分组,h264,1280x720,25.0,有音频,ok; 伪源相似度: 1.0000,1.0
è¥¿è—å«è§†,https://epg.pw/stream/3eaef55a49d4dc5a29746eab41bbbee88f297063b52e33b0e6a5732e673faf20.m3u8,网络源,,1.370,未分组,h264,1280x720,25.0,有音频,ok; 伪源相似度: 1.0000,1.0
æ–°ç–†å«è§†,https://shyd.695847.xyz/cms001/ch00000090990000001065/index.m3u8?IAS,网络源,,0.313,未分组,,,,无音频,error,0.0
æ±Ÿè¥¿å«è§†,https://stream1.freetv.fun/24184689ddf6b7f046d252d597760a2599270d68f85800d28f942d81f6945943.m3u8,网络源,,5.602,未分组,,,,无音频,error,0.0
æ²³å—å«è§†,https://stream1.freetv.fun/ea842ab34e6da31e0eae5bd8be6c4b7d67f0b0c214efaca7ff2c5a1718f7fe55.m3u8,网络源,,1.224,未分组,,,,无音频,error,0.0
å±±è¥¿å«è§†,https://stream1.freetv.fun/shan-xi-wei-shi-126.m3u8,网络源,,1.034,未分组,,,,无音频,error,0.0
æ²³åŒ—å«è§†,https://stream1.freetv.fun/484879dc432ec39cb4a9d641d729fa42d1dd51f44c8c78afdb9e25d21c19dd1b.m3u8,网络源,,1.616,未分组,h264,1280x720,25.0,有音频,ok; 伪源相似度: 1.0000,1.0
æ²³åŒ—å«è§†,https://www.yangshipin.cn/tv/home?pid=600002493,网络源,,1.365,未分组,,,,无音频,error,0.0
æ¹–åŒ—å«è§†,https://stream1.freetv.fun/11a27a1eb12a1c6020ea2f80804d50db752fbd4c2c7cf3c456dd309d9033a98c.m3u8,网络源,,3.923,未分组,h264,1920x1080,25.0,有音频,error,0.0
å¹¿è¥¿å«è§†,https://stream1.freetv.fun/yan-xi-wei-shi-63.m3u8,网络源,,0.967,未分组,,,,无音频,error,0.0
å±±ä¸œå«è§†,https://stream1.freetv.fun/607df557e9f4c56e74d41e929b361f51ffdbfca57666bd349f2a63a97947e769.m3u8,网络源,,1.613,未分组,h264,1280x720,25.0,有音频,ok; 伪源相似度: 1.0000,1.0
å»¶è¾¹å«è§†,http://l.cztvcloud.com/channels/lantian/SXxinchang2/720p.m3u8#,网络源,,2.826,未分组,h264,1920x1080,25.0,有音频,ok; 伪源相似度: 1.0000,1.0
å»¶è¾¹å«è§†,https://stream1.freetv.fun/a26f33a3504d1ef90a6b1750c720fb6b6a0dcab447c91e0afd790b9fe21b2bbf.m3u8,网络源,,1.596,未分组,h264,1280x720,25.0,有音频,ok; 伪源相似度: 1.0000,1.0
å¹¿ä¸œå«è§†,https://stream1.freetv.fun/ae49dc5a860f65496e2207dc8b5f47752f9b38beba4ccf16fc1286f71708465e.m3u8,网络源,,1.598,未分组,h264,1280x720,25.0,有音频,ok; 伪源相似度: 1.0000,1.0
æ–°ç–†å«è§†,https://stream1.freetv.fun/4d7c20e4deec80ce514ff2dfd7931296def68be04a9cd383650a1ee17d54d821.m3u8,网络源,,1.602,未分组,h264,1280x720,25.0,有音频,ok; 伪源相似度: 1.0000,1.0
ç”˜è‚ƒå«è§†,https://stream1.freetv.fun/a02db9fe70a5be35dac6d861e1c3f67dd6f979c1f5a22c40d07429f91d4d32b8.m3u8,网络源,,1.590,未分组,h264,1280x720,25.0,有音频,ok; 伪源相似度: 1.0000,1.0
æ¹–åŒ—å«è§†,http://113.57.93.165:9900/tsfile/live/0132_1.m3u8,网络源,,10.936,未分组,h264,1920x1080,25.0,有音频,error,0.0
å»¶è¾¹å«è§†,https://shyd.695847.xyz/cms001/ch00000090990000001470/index.m3u8?IASHttpSessionId=RR4967720251014100028031761&ispcode=12,网络源,,0.927,未分组,,,,无音频,error,0.0
å±±ä¸œå«è§†,https://stream1.freetv.fun/84a9d650a24c7a23413122151ff352b3a984ce28327f3f844f0c77cad6c71d72.m3u8,网络源,,4.599,未分组,h264,1280x720,25.0,有音频,ok; 伪源相似度: 1.0000,1.0
è¥¿è—å«è§†,https://stream1.freetv.fun/b6fd525230d5e936f16a8f7e029daee6271d0c67f492af57f4de23e14f9daa1a.m3u8,网络源,,0.579,未分组,,,,无音频,error,0.0
ç”˜è‚ƒå«è§†,http://111.43.126.240:9003/hls/70/index.m3u8,网络源,,0.560,未分组,,,,无音频,error,0.0
æ²³å—å«è§†,http://ygbh.site/php/bfgd.php?id=339,网络源,,1.524,未分组,,,,无音频,error,0.0
å±±ä¸œå«è§†,https://www.yangshipin.cn/tv/home?pid=600002513,网络源,,1.335,未分组,,,,无音频,error,0.0
æ–°ç–†å«è§†,https://shyd.695847.xyz/cms001/ch00000090990000001065/index.m3u8?IASHttpSessionId=RR4967720251014100028031761&ispcode=12,网络源,,0.329,未分组,,,,无音频,error,0.0
æ±Ÿè¥¿å«è§†,http://116.128.242.83:9901/tsfile/live/1000_1.m3u8?key=txiptv&playlive=1&authid=0,网络源,,5.751,未分组,h264,1920x1080,25.0,有音频,error,0.0
äº‘å—å«è§†,http://ygbh.site/php/bfgd.php?id=115,网络源,,1.266,未分组,,,,无音频,error,0.0
æ²³å—å«è§†,https://stream1.freetv.fun/5ed2243933016fcc6fd14822b010d7b1676b4c2f64a8d66b2b280f3e4781f141.m3u8,网络源,,2.340,未分组,,,,无音频,error,0.0
å¹¿è¥¿å«è§†,http://221.2.148.205:8154/tsfile/live/0113_1.m3u8,网络源,,5.572,未分组,h264,1920x1080,25.0,有音频,error,0.0
å±±ä¸œå«è§†,https://shyd.695847.xyz/cms001/ch00000090990000001028/index.m3u8?IASHttpSessionId=RR4967720251014100028031761&ispcode=12,网络源,,0.771,未分组,,,,无音频,error,0.0
å¹¿è¥¿å«è§†,http://8.138.7.223/tv/migu3.php?id=gxws,网络源,,1.260,未分组,,,,无音频,error,0.0
æ¹–åŒ—å«è§†,https://stream1.freetv.fun/e3949feb45f46bb2a6938302925dd6a468483fe3fda085ac5c9e515c3da120ce.m3u8,网络源,,1.669,未分组,h264,1280x720,25.0,有音频,ok; 伪源相似度: 1.0000,1.0
ç”˜è‚ƒå«è§†,https://stream1.freetv.fun/f4393e5fbf10876c65c0943c7855b752e4c03fcddddc5e97c9a959f9a6fc536b.m3u8,网络源,,1.691,未分组,h264,1280x720,25.0,有音频,ok; 伪源相似度: 1.0000,1.0
æ–°ç–†å«è§†,https://epg.pw/stream/ff50600dd45b1b1656f2f7535c04f361a6e8c33606e19dbc9b0316bd173f9408.m3u8,网络源,,2.543,未分组,h264,,,有音频,error,0.0
å¹¿è¥¿å«è§†,https://stream1.freetv.fun/ea0d1b1fd3dead4ce62ebea5bb153d4db39617a5e0e37af009e5207049b17cfd.m3u8,网络源,,1.575,未分组,h264,1280x720,25.0,有音频,ok; 伪源相似度: 1.0000,1.0
æ²³å—å«è§†,http://ygbh.site/php/bfgd.php?id=104,网络源,,1.381,未分组,,,,无音频,error,0.0
å¹¿ä¸œå«è§†,http://123.130.84.106:8154/tsfile/live/0125_1.m3u8?key=txiptv&playlive=1&authid=0,网络源,,8.450,未分组,h264,1920x1080,25.0,有音频,error,0.0
å±±ä¸œå«è§†,https://stream1.freetv.fun/bdfeedd9cee7f96badac91e6dac2992ed6cdbe112d4cd5fddd82979fc2c9d0a5.m3u8,网络源,,1.460,未分组,h264,1280x720,25.0,有音频,ok; 伪源相似度: 1.0000,1.0
æ–°ç–†å«è§†,https://stream1.freetv.fun/05453da65e449c486d26db5925546cf4987032cfc350bbeb0e5008ae6b46f6e2.m3u8,网络源,,5.597,未分组,,,,无音频,error,0.0
äº‘å—å«è§†,https://stream1.freetv.fun/5003afc49a44aee65f13f74898ede1f5dc05a13b144dbf3f14737382f0b15ea5.m3u8,网络源,,2.127,未分组,h264,1280x720,25.0,有音频,ok; 伪源相似度: 1.0000,1.0
å±±ä¸œå«è§†,https://epg.pw/stream/d89dc67caadabc802b130e2040f1ded08f8a4cc50a30ec2878de7569bdad21be.m3u8,网络源,,1.462,未分组,h264,1280x720,25.0,有音频,ok; 伪源相似度: 1.0000,1.0
æ²³åŒ—å«è§†,https://stream1.freetv.fun/he-bei-wei-shi-18.m3u8,网络源,,1.113,未分组,h264,1280x720,25.0,有音频,ok; 伪源相似度: 1.0000,1.0
æ±Ÿè¥¿å«è§†,https://stream1.freetv.fun/03e92c342eaf1f24d2cea4109b50f4a7835263aab2f5ca2fb5d9ed4b96652b5b.m3u8,网络源,,2.067,未分组,h264,1280x720,25.0,有音频,ok; 伪源相似度: 1.0000,1.0
ç”˜è‚ƒå«è§†,https://stream1.freetv.fun/b952940e7fe39f023a81766692ac308f2f049e3625b5ee1abb983000a57ae91f.ctv,网络源,,1.834,未分组,h264,1280x720,25.0,有音频,ok; 伪源相似度: 1.0000,1.0
æ–°ç–†å«è§†,https://stream1.freetv.fun/15fb5462d06ca316ffe3175b1e210010fce93382769dc69a2102532fbe8c3e8b.m3u8,网络源,,2.693,未分组,h264,1280x720,25.0,有音频,ok; 伪源相似度: 1.0000,1.0
å±±è¥¿å«è§†,http://kkk.888.3116598.xyz/api.php?n=tttt&id=PFfCYf&tk=FgM0vQMejxvG,网络源,,0.511,未分组,,,,无音频,error,0.0
å»¶è¾¹å«è§†,http://ygbh.site/php/bfgd.php?id=117,网络源,,1.510,未分组,,,,无音频,error,0.0
æ²³åŒ—å«è§†,https://stream1.freetv.fun/8f7326c952e3cec2385bf468699e4f044a8cfc32b433a7755ed6efad009b09a6.m3u8,网络源,,1.588,未分组,h264,1280x720,25.0,有音频,ok; 伪源相似度: 1.0000,1.0
æ±Ÿè¥¿å«è§†,https://stream1.freetv.fun/2a00fceb286407f91d029a6a5af1d6cc5786da4736f7e084ac3bf39657bbf547.m3u8,网络源,,1.654,未分组,h264,1280x720,25.0,有音频,ok; 伪源相似度: 1.0000,1.0
è¥¿è—å«è§†,http://kkk.888.3116598.xyz/api.php?n=tttt&id=3QviWD&tk=FgM0vQMejxvG,网络源,,15.258,未分组,,,,无音频,error,0.0
äº‘å—å«è§†,https://stream1.freetv.fun/35d4f7b2dc651bb0b45648cd74578bfc26c8e2909965cbd48fecf7bb44325fdc.m3u8,网络源,,1.474,未分组,h264,1280x720,25.0,有音频,ok; 伪源相似度: 1.0000,1.0
æ±Ÿè¥¿å«è§†,http://drive.mxmy.net:8888/udp/239.3.1.123:8164,网络源,,16.400,未分组,h264,,,有音频,error,0.0
æ¹–åŒ—å«è§†,https://stream1.freetv.fun/hu-bei-wei-shi-97.m3u8,网络源,,9.569,未分组,h264,1920x1080,25.0,有音频,error,0.0
ç”˜è‚ƒå«è§†,https://epg.pw/stream/7cc76bed6f2f891b941844bc0fa168c739d41772a8435e20998d4ca4594ebea2.m3u8,网络源,,1.392,未分组,h264,1280x720,25.0,有音频,ok; 伪源相似度: 1.0000,1.0
å¹¿ä¸œå«è§†,https://stream1.freetv.fun/6787e35b48df7529fb25c86cd92936335e75d68881015ff99c3e969f57177987.m3u8,网络源,,1.747,未分组,,,,无音频,error,0.0
å¹¿è¥¿å«è§†,https://stream1.freetv.fun/00dd24ff229f857b5f63b2575005617500b45a8a594934001d45893621590099.m3u8,网络源,,1.617,未分组,h264,1280x720,25.0,有音频,ok; 伪源相似度: 1.0000,1.0
è¥¿è—å«è§†,https://epg.pw/stream/a8e83798e1c1f8ffca8b5c81f9b6cfb6290dedebab63c1355662dbb492ba1c2a.m3u8,网络源,,1.391,未分组,h264,1280x720,25.0,有音频,ok; 伪源相似度: 1.0000,1.0
æ±Ÿè¥¿å«è§†,https://www.freetv.top/migu/783847495.m3u8?migutoken=3744a9c270a0b16bfdbf60ff4b047f6f1a0c1bbaabca5b2a5c4d2e07cd1775ea609a33d44e2e957bd52e4f42fc5000b0207a705e26b45251cc247c2c1b18d9e8b7980b7b2dc160cbfb0953f211,网络源,,0.993,未分组,h264,1920x1080,30.0,有音频,ok; 伪源相似度: 1.0000,1.0
æ±Ÿè¥¿å«è§†,http://fxgm.fxjf.work:19901/tsfile/live/0138_1.m3u8,网络源,,6.300,未分组,h264,1920x1080,25.0,有音频,error,0.0
æ–°ç–†å«è§†,https://stream1.freetv.fun/04f0088c1cdfec6ca713ee7e17ff1f99c8b8c5f0778cc1faa3068091afa6e012.m3u8,网络源,,1.726,未分组,,,,无音频,error,0.0
å¹¿è¥¿å«è§†,http://kkk.888.3116598.xyz/api.php?n=tttt&id=od5dDv&tk=FgM0vQMejxvG,网络源,,0.458,未分组,,,,无音频,error,0.0
äº‘å—å«è§†,https://stream1.freetv.fun/229c331da37b660938944ae9eff0a9085aa9ccadb84d698851bcc8a5faf6f50f.m3u8,网络源,,1.593,未分组,h264,1280x720,25.0,有音频,ok; 伪源相似度: 1.0000,1.0
äº‘å—å«è§†,https://stream1.freetv.fun/5bbba5834b315d5fec76e36bcd530eca118d6b43f41e5be0a5ac9da26541fad7.m3u8,网络源,,1.570,未分组,h264,1280x720,25.0,有音频,ok; 伪源相似度: 1.0000,1.0
å¹¿ä¸œå«è§†,http://111.43.126.240:9003/hls/42/index.m3u8,网络源,,0.522,未分组,,,,无音频,error,0.0
æ–°ç–†å«è§†,http://ygbh.site/php/bfgd.php?id=150,网络源,,1.560,未分组,,,,无音频,error,0.0
æ²³å—å«è§†,https://stream1.freetv.fun/14c0efa0b69afff8af801b538a27a783845acdb87174717d8871a5fa9de187e0.m3u8,网络源,,1.887,未分组,h264,1280x720,25.0,有音频,ok; 伪源相似度: 1.0000,1.0
æ²³åŒ—å«è§†,https://stream1.freetv.fun/he-bei-wei-shi-81.m3u8,网络源,,5.569,未分组,h264,960x540,25.0,有音频,ok; 伪源相似度: 1.0000,1.0
å¹¿ä¸œå«è§†,http://dms.yryyj.site:8188/udp/239.76.245.189:1234,网络源,,6.071,未分组,,,,无音频,error,0.0
äº‘å—å«è§†,http://kkk.888.3116598.xyz/api.php?n=tttt&id=g6VVUA&tk=FgM0vQMejxvG,网络源,,15.504,未分组,,,,无音频,error,0.0
æ²³å—å«è§†,https://stream1.freetv.fun/e3db1ee2a7e7ad78d43c47c7119f2bbc11eac1b6ebfc47dc0831b0316413f1b6.m3u8,网络源,,1.587,未分组,h264,1280x720,25.0,有音频,ok; 伪源相似度: 1.0000,1.0
å¹¿è¥¿å«è§†,https://stream1.freetv.fun/840f9576ae171a370f146ffea676f1a77801172f5c1e76e16f7bd004938346cf.ctv,网络源,,1.473,未分组,h264,1280x720,25.0,有音频,ok; 伪源相似度: 1.0000,1.0
å»¶è¾¹å«è§†,https://stream1.freetv.fun/yan-bian-wei-shi-17.m3u8,网络源,,2.481,未分组,h264,1920x1080,25.0,有音频,ok; 伪源相似度: 1.0000,1.0
æ¹–åŒ—å«è§†,http://dms.yryyj.site:8188/udp/239.76.246.193:1234,网络源,,6.178,未分组,,,,无音频,error,0.0
æ±Ÿè¥¿å«è§†,https://www.yangshipin.cn/tv/home?pid=600002503,网络源,,1.222,未分组,,,,无音频,error,0.0
æ±Ÿè¥¿å«è§†,http://dms.yryyj.site:8188/udp/239.76.245.225:1234,网络源,,5.604,未分组,,,,无音频,error,0.0
å¹¿ä¸œå«è§†,https://stream1.freetv.fun/yan-dong-wei-shi-88.m3u8,网络源,,5.890,未分组,hevc,3840x2160,50.0,有音频,error,0.0
æ¹–åŒ—å«è§†,https://stream1.freetv.fun/321fe55e58365e63fb953fc974466740a190d2cc96ebae754c7268578cc76eeb.m3u8,网络源,,1.590,未分组,h264,1280x720,25.0,有音频,ok; 伪源相似度: 1.0000,1.0
äº‘å—å«è§†,https://stream1.freetv.fun/6dfe6accf61ac1181362acf0b7bd9bf39a440a54ea83763f0a078f76a9a71ba7.m3u8,网络源,,1.591,未分组,h264,1280x720,25.0,有音频,ok; 伪源相似度: 1.0000,1.0
å±±ä¸œå«è§†,https://stream1.freetv.fun/43b5c6d81b60a71ae667d0421138ab14f488e8352ef1ed366c97a42143bed350.m3u8,网络源,,1.582,未分组,h264,1280x720,25.0,有音频,ok; 伪源相似度: 1.0000,1.0
å¹¿è¥¿å«è§†,https://stream1.freetv.fun/935d2b1d802bdfa7ba0bbb07871f2f13013b23f7153e604e9a75b2fd3bb36d5b.m3u8,网络源,,1.579,未分组,h264,1280x720,25.0,有音频,ok; 伪源相似度: 1.0000,1.0
å¹¿ä¸œå«è§†,http://8.138.7.223/tv/gd.php?id=0001,网络源,,9.576,未分组,h264,1920x1080,30.0,有音频,ok; 伪源相似度: 1.0000,1.0
æ²³åŒ—å«è§†,http://drive.mxmy.net:8888/udp/239.3.1.148:8072,网络源,,12.957,未分组,h264,,,有音频,error,0.0
æ²³å—å«è§†,http://183.222.242.31:8088/hls/35/index.m3u8,网络源,,9.450,未分组,h264,1920x1080,50.0,有音频,error,0.0
ç”˜è‚ƒå«è§†,https://stream1.freetv.fun/ipv6-gan-su-wei-shi-25.m3u8,网络源,,0.574,未分组,,,,无音频,error,0.0
æ–°ç–†å«è§†,https://stream1.freetv.fun/xin-jiang-wei-shi-6.m3u8,网络源,,8.323,未分组,h264,720x576,50.0,有音频,error,0.0
æ±Ÿè¥¿å«è§†,https://stream1.freetv.fun/2ed85dd9aeacf49efc6c00644457e810fb8fa62de4b164739e262d96dc5aa519.m3u8,网络源,,1.512,未分组,,,,无音频,error,0.0
å¹¿ä¸œå«è§†,https://stream1.freetv.fun/yan-dong-wei-shi-15.m3u8,网络源,,1.458,未分组,,,,无音频,error,0.0
æ²³åŒ—å«è§†,https://stream1.freetv.fun/a445822c682234f66d3d32794a2fc569c66d0bd9b3f50cfed2a447f3cc3ce1d4.m3u8,网络源,,1.596,未分组,h264,1280x720,25.0,有音频,ok; 伪源相似度: 1.0000,1.0
ç”˜è‚ƒå«è§†,http://8.138.7.223/tv/migu3.php?id=gsws,网络源,,1.213,未分组,,,,无音频,error,0.0
è¥¿è—å«è§†,https://stream1.freetv.fun/f8e8db518a6dfddd119d8b4ab6988e5e2b831145ef193422e8a4b3edfa0d92f4.m3u8,网络源,,1.606,未分组,h264,1280x720,25.0,有音频,ok; 伪源相似度: 1.0000,1.0
æ²³åŒ—å«è§†,https://stream1.freetv.fun/he-bei-wei-shi-4.m3u8,网络源,,0.821,未分组,,,,无音频,error,0.0
æ¹–åŒ—å«è§†,https://epg.pw/stream/37aa38a997eb8e568186fad85670c3a3a6684361c2b038c5cd0d0835216f299b.m3u8,网络源,,2.764,未分组,h264,1920x1080,25.0,有音频,error,0.0
æ¹–åŒ—å«è§†,https://stream1.freetv.fun/a0f73ea668a9a3a9300b9e8588af505375a0cc768d59a516d8cc42a93d628830.m3u8,网络源,,5.586,未分组,,,,无音频,error,0.0
æ–°ç–†å«è§†,https://stream1.freetv.fun/a4ef36119e5da70e49e703d85d34434acb135628c9289b91dfffa6ab46bf0523.m3u8,网络源,,1.474,未分组,h264,1280x720,25.0,有音频,ok; 伪源相似度: 1.0000,1.0
å¹¿è¥¿å«è§†,https://stream1.freetv.fun/52c0a80fd71da625bb7598408847c09e8bc7a1277d37354cbee4a624ffc7d994.m3u8,网络源,,1.617,未分组,h264,1280x720,25.0,有音频,ok; 伪源相似度: 1.0000,1.0
æ²³å—å«è§†,https://stream1.freetv.fun/595dadd3276338abdc6321d1f19c92c1e9562a21fc767f1b38e9d2e7a6d61248.m3u8,网络源,,1.601,未分组,h264,1280x720,25.0,有音频,ok; 伪源相似度: 1.0000,1.0
æ¹–åŒ—å«è§†,https://shyd.695847.xyz/cms001/ch00000090990000001027/index.m3u8?IASHttpSessionId=RR4967720251014100028031761&ispcode=12,网络源,,0.604,未分组,,,,无音频,error,0.0
æ¹–åŒ—å«è§†,https://stream1.freetv.fun/6596b480fc6b099b72d49f6a87d4f056a3b9d04651cdd0ee732d1b35577dbdf4.m3u8,网络源,,1.581,未分组,h264,1280x720,25.0,有音频,ok; 伪源相似度: 1.0000,1.0
æ±Ÿè¥¿å«è§†,https://epg.pw/stream/afe4ab11a01ffbc70e9bef87438b969593746ecff4959bd466bf974930eec90f.m3u8,网络源,,1.655,未分组,h264,1280x720,25.0,有音频,ok; 伪源相似度: 1.0000,1.0
å¹¿ä¸œå«è§†,https://epg.pw/stream/d561fd3f552ba43e4c97c95b4fe965789e64a7ba920bb71faabc7079e1eff076.m3u8,网络源,,1.624,未分组,h264,1280x720,25.0,有音频,ok; 伪源相似度: 1.0000,1.0
æ–°ç–†å«è§†,https://stream1.freetv.fun/xin-jiang-wei-shi-48.m3u8,网络源,,1.281,未分组,h264,1280x720,25.0,有音频,ok; 伪源相似度: 1.0000,1.0
æ²³åŒ—å«è§†,https://stream1.freetv.fun/228cee31243fb8534fbe84c72e3d2833bf7a60300c70276898606d0aa76a341f.m3u8,网络源,,1.593,未分组,h264,1280x720,25.0,有音频,ok; 伪源相似度: 1.0000,1.0
æ–°ç–†å«è§†,https://stream1.freetv.fun/4fccc3c26f64a8f91296ec98f84f9a3458fc66db8facda67ece2f9edfb644dd0.m3u8,网络源,,1.608,未分组,h264,1280x720,25.0,有音频,ok; 伪源相似度: 1.0000,1.0
ç”˜è‚ƒå«è§†,https://stream1.freetv.fun/7dc6cfd155003e65e0415fd5a30e0d203207058b6a0bed9df054b7c00e211234.m3u8,网络源,,8.709,未分组,,,,无音频,error,0.0
å¹¿ä¸œå«è§†,https://stream1.freetv.fun/a72812e93490410583b988eedf11fcc8c425c0e15bc8f2aab64626f4b6a3ff25.m3u8,网络源,,5.586,未分组,,,,无音频,error,0.0
è¥¿è—å«è§†,https://stream1.freetv.fun/c81a13063a694e4e9e0fb46105177448b3773c43c6713dcb754cf3777fdfe4ee.m3u8,网络源,,1.585,未分组,h264,1280x720,25.0,有音频,ok; 伪源相似度: 1.0000,1.0
å¹¿è¥¿å«è§†,https://stream1.freetv.fun/9d8f557625e727926e98f5965bb2209962df72268884e60cb60e820e364e5b91.m3u8,网络源,,1.598,未分组,h264,1280x720,25.0,有音频,ok; 伪源相似度: 1.0000,1.0
æ±Ÿè¥¿å«è§†,https://stream1.freetv.fun/jiang-xi-wei-shi-27.m3u8,网络源,,0.801,未分组,,,,无音频,error,0.0
äº‘å—å«è§†,https://stream1.freetv.fun/yun-nan-wei-shi-1.m3u8,网络源,,1.251,未分组,h264,1280x720,25.0,有音频,ok; 伪源相似度: 1.0000,1.0
ç”˜è‚ƒå«è§†,http://218.13.170.98:9901/tsfile/live/0141_1.m3u8,网络源,,2.815,未分组,h264,1920x1080,50.0,有音频,error,0.0
è¥¿è—å«è§†,https://stream1.freetv.fun/a89f1c05221eaeadf55cc208f98f74ad9e16f3ffa5f0cd367768853850f607f4.m3u8,网络源,,1.613,未分组,h264,1280x720,25.0,有音频,ok; 伪源相似度: 1.0000,1.0
æ²³å—å«è§†,https://stream1.freetv.fun/91c812506e5f3b35401fd02b7d4a237fb8933fa0ecdef1e793b48bdeac49af0a.m3u8,网络源,,1.852,未分组,h264,1280x720,25.0,有音频,ok; 伪源相似度: 1.0000,1.0
æ²³åŒ—å«è§†,https://stream1.freetv.fun/4e6f24f65a56378987600bbf55ac88fc37f4d0e7e836f0179da74235cdb7d911.m3u8,网络源,,1.628,未分组,h264,1280x720,25.0,有音频,ok; 伪源相似度: 1.0000,1.0
ç”˜è‚ƒå«è§†,https://stream1.freetv.fun/df47da8d115daca32d54247cd2e5f5c19f42753ef11dafd4ac8b627d19446904.m3u8,网络源,,1.474,未分组,h264,1280x720,25.0,有音频,ok; 伪源相似度: 1.0000,1.0
æ–°ç–†å«è§†,https://stream1.freetv.fun/da52b6cfd3a71c8ecd1c54fbc2e4b214f7a67159546214a08663ae1a88330361.m3u8,网络源,,1.602,未分组,h264,1280x720,25.0,有音频,ok; 伪源相似度: 1.0000,1.0
ç”˜è‚ƒå«è§†,http://123.130.84.106:8154/tsfile/live/0141_1.m3u8?key=txiptv&playlive=1&authid=0,网络源,,16.963,未分组,h264,1920x1080,50.0,有音频,error,0.0
ç”˜è‚ƒå«è§†,https://stream1.freetv.fun/7cc76bed6f2f891b941844bc0fa168c739d41772a8435e20998d4ca4594ebea2.m3u8,网络源,,1.584,未分组,h264,1280x720,25.0,有音频,ok; 伪源相似度: 1.0000,1.0
æ±Ÿè¥¿å«è§†,https://stream1.freetv.fun/jiang-xi-wei-shi-6.m3u8,网络源,,1.641,未分组,,,,无音频,error,0.0
æ¹–åŒ—å«è§†,https://stream1.freetv.fun/8137b80a728c1146e27795f95775feedf852d931ffeb9a3eacf09788c73cc2e1.m3u8,网络源,,1.581,未分组,h264,1280x720,25.0,有音频,ok; 伪源相似度: 1.0000,1.0
ç”˜è‚ƒå«è§†,https://stream1.freetv.fun/4a74436984ab58c893a9f78cb23dec2ee27869b9d482032401827cdbf3de8080.m3u8,网络源,,1.463,未分组,h264,1280x720,25.0,有音频,ok; 伪源相似度: 1.0000,1.0
å¹¿ä¸œå«è§†,https://shyd.695847.xyz/cms001/ch00000090990000001032/index.m3u8?IASHttpSessionId=RR4967720251014100028031761&ispcode=12,网络源,,0.334,未分组,,,,无音频,error,0.0
å®å¤å«è§†,http://ygbh.site/php/bfgd.php?id=118,网络源,,1.018,未分组,,,,无音频,error,0.0
äº‘å—å«è§†,https://stream1.freetv.fun/b9151e5251d5a3417d7af76a66bd3a6da5cf19f1c7008604fb1228b48249a975.m3u8,网络源,,1.599,未分组,h264,1280x720,25.0,有音频,ok; 伪源相似度: 1.0000,1.0
äº‘å—å«è§†,https://stream1.freetv.fun/a04a45e12d2c082211a9ea543178283a7273f149409adcaa4aff250153742883.m3u8,网络源,,2.220,未分组,h264,1280x720,25.0,有音频,ok; 伪源相似度: 1.0000,1.0
è¥¿è—å«è§†,https://stream1.freetv.fun/4d0d74508a9173492e3b5026ae8d650f2a2cf31703b3020a5c3967301183e2b9.m3u8,网络源,,1.843,未分组,h264,1280x720,25.0,有音频,ok; 伪源相似度: 1.0000,1.0
æ¹–åŒ—å«è§†,https://stream1.freetv.fun/05e682ffb97e32014fc449077fe76615da1df84e434f93918f794f8a5d426052.m3u8,网络源,,1.638,未分组,h264,1280x720,25.0,有音频,ok; 伪源相似度: 1.0000,1.0
æ–°ç–†å«è§†,https://stream1.freetv.fun/77b68345fd847400566765bdaa5da6c6f4ca9cd3d969783cc1145a91afae9fa0.m3u8,网络源,,1.449,未分组,h264,1280x720,25.0,有音频,ok; 伪源相似度: 1.0000,1.0
å¹¿è¥¿å«è§†,https://stream1.freetv.fun/1984533e3d6622b87d4e576e8bfd6d04459b2547cef4001109cbd7f6ff118bd8.m3u8,网络源,,5.487,未分组,,,,无音频,error,0.0
ç”˜è‚ƒå«è§†,https://stream1.freetv.fun/9c7c70ecfd4353d960f5ee84654b872b267675120c5e5ea608f8c44ef4ee1704.m3u8,网络源,,1.590,未分组,h264,1280x720,25.0,有音频,ok; 伪源相似度: 1.0000,1.0
æ²³åŒ—å«è§†,https://stream1.freetv.fun/23dab4bb5df9906c132792ea9e941086ebb99a78591d2b45247929d954b4dfbe.m3u8,网络源,,1.606,未分组,h264,1280x720,25.0,有音频,ok; 伪源相似度: 1.0000,1.0
å®å¤å«è§†,https://stream1.freetv.fun/a339b98fe6ffe1fa8b71b34751faf6b9062505ee5273a7d27a037762b130dbce.ctv,网络源,,1.595,未分组,h264,1280x720,25.0,有音频,ok; 伪源相似度: 1.0000,1.0
å±±ä¸œå«è§†,https://epg.pw/stream/4a343c7c4de4157d46c357cae28382364d74d1884942cf09bd212bfce4beeb7b.m3u8,网络源,,1.406,未分组,h264,1280x720,25.0,有音频,ok; 伪源相似度: 1.0000,1.0
æ–°ç–†å«è§†,https://epg.pw/stream/369d82e2913254f5a712ca6bcb0931176462d5a46be06f9771cdcf93f7f35cdb.m3u8,网络源,,1.016,未分组,h264,1920x1080,25.0,有音频,ok; 伪源相似度: 1.0000,1.0
å¹¿è¥¿å«è§†,https://stream1.freetv.fun/cd3ee6408c3bd6eb788abbf61f06cdedd3e2a62e4d6d500e23148b9ab887d7a5.m3u8,网络源,,1.716,未分组,h264,1280x720,25.0,有音频,ok; 伪源相似度: 1.0000,1.0
å¹¿ä¸œå«è§†,https://stream1.freetv.fun/d2589ead2fb42babba3a2b80930b04d6da9272d2c5f125d60cd57a204a3e7e2d.m3u8,网络源,,1.593,未分组,h264,1280x720,25.0,有音频,ok; 伪源相似度: 1.0000,1.0
æ±Ÿè¥¿å«è§†,https://stream1.freetv.fun/e321eebbac46cd0e6ca42cee9eacb00816d8f937354cdf2a1bc089280f2fac0a.m3u8,网络源,,1.918,未分组,h264,1280x720,25.0,有音频,ok; 伪源相似度: 1.0000,1.0
å¹¿ä¸œå«è§†,http://kkk.888.3116598.xyz/api.php?n=tttt&id=XOigon&tk=FgM0vQMejxvG,网络源,,0.250,未分组,,,,无音频,error,0.0
æ±Ÿè¥¿å«è§†,http://59.39.89.130:60901/tsfile/live/0125_10.m3u8?key=txiptv&playlive=1&authid=0,网络源,,3.806,未分组,h264,1920x1080,25.0,有音频,error,0.0
æ²³åŒ—å«è§†,https://epg.pw/stream/203dc835d668d20a2134e8c39ce5d60da0a33259c9c24ae1b9a63a0d30f8c879.ctv,网络源,,1.402,未分组,h264,1280x720,25.0,有音频,ok; 伪源相似度: 1.0000,1.0
æ²³åŒ—å«è§†,https://stream1.freetv.fun/85fa3b1c0d3f07e3465852b052a3ef4744e54eb6e00be21944f7a39495032732.m3u8,网络源,,1.463,未分组,h264,1280x720,25.0,有音频,ok; 伪源相似度: 1.0000,1.0
æ²³å—å«è§†,https://stream1.freetv.fun/f21e5e15af24ce3dcb965fd6dfb64fbf16fed2cc8f8b7a0635d1463d30261644.m3u8,网络源,,1.572,未分组,h264,1280x720,25.0,有音频,ok; 伪源相似度: 1.0000,1.0
æ–°ç–†å«è§†,https://stream1.freetv.fun/4eb5cb457819f8078aed2f15afa03cd11f7d5ba1424fa6b9d4e1e5cc65a36351.m3u8,网络源,,1.602,未分组,h264,1280x720,25.0,有音频,ok; 伪源相似度: 1.0000,1.0
å±±ä¸œå«è§†,https://stream1.freetv.fun/b72f3d6fabe85266cc29ced982a92d33d6330c011a8a30eb4efb65760b83c210.m3u8,网络源,,1.599,未分组,h264,1280x720,25.0,有音频,ok; 伪源相似度: 1.0000,1.0
æ²³åŒ—å«è§†,http://kkk.888.3116598.xyz/api.php?n=tttt&id=3ykVWL&tk=FgM0vQMejxvG,网络源,,0.247,未分组,,,,无音频,error,0.0
äº‘å—å«è§†,https://stream1.freetv.fun/5c1b012bdfc193530a45e7be5aa5f0076412082c35610cc3466727b7512b9353.m3u8,网络源,,1.575,未分组,h264,1280x720,25.0,有音频,ok; 伪源相似度: 1.0000,1.0
å¹¿è¥¿å«è§†,https://stream1.freetv.fun/c00938b816d5461976755ff738233a64417404134053a69b735115224d2de174.m3u8,网络源,,1.118,未分组,,,,无音频,error,0.0
æ¹–åŒ—å«è§†,http://111.43.126.240:9003/hls/54/index.m3u8,网络源,,0.522,未分组,,,,无音频,error,0.0
æ²³åŒ—å«è§†,https://stream1.freetv.fun/3a92116383e09cb497a35ca9fcfb34785d2a4367fea99689cd1e5c892e50f835.m3u8,网络源,,1.645,未分组,h264,1280x720,25.0,有音频,ok; 伪源相似度: 1.0000,1.0
å»¶è¾¹å«è§†,http://gmxw.7766.org:808/hls/15/index.m3u8,网络源,,14.070,未分组,h264,720x576,50.0,有音频,error,0.0
æ¹–åŒ—å«è§†,https://stream1.freetv.fun/hu-bei-wei-shi-70.m3u8,网络源,,0.659,未分组,,,,无音频,error,0.0
äº‘å—å«è§†,https://stream1.freetv.fun/b96e4a8a7a3a71f0523b3bb87578ff74d44f419d45ba18409b3f3fb5b3844b52.m3u8,网络源,,1.565,未分组,h264,1280x720,25.0,有音频,ok; 伪源相似度: 1.0000,1.0
å¹¿ä¸œå«è§†,https://stream1.freetv.fun/79202aa439fc4fb94a8304f8608737f7cff1626f2b42aa6d5552ecfc2bcacbaf.m3u8,网络源,,1.585,未分组,h264,1280x720,25.0,有音频,ok; 伪源相似度: 1.0000,1.0
æ¹–åŒ—å«è§†,https://stream1.freetv.fun/ce1abf22084a306c1058b614f0dc156557acb96111d2816dc78007bd890a6e0c.m3u8,网络源,,1.598,未分组,h264,1280x720,25.0,有音频,ok; 伪源相似度: 1.0000,1.0
å»¶è¾¹å«è§†,http://111.43.126.240:9003/hls/65/index.m3u8,网络源,,0.525,未分组,,,,无音频,error,0.0
æ²³åŒ—å«è§†,https://stream1.freetv.fun/884c6d4ded2283eb082fa69cf468a4fc68683b8ce7aab1ac1170f71744732af9.m3u8,网络源,,1.449,未分组,h264,1280x720,25.0,有音频,ok; 伪源相似度: 1.0000,1.0
æ–°ç–†å«è§†,https://stream1.freetv.fun/788702ed504aeda3322f8db5973d9fc056ede56e02560b365a5cc69efc07874a.m3u8,网络源,,1.594,未分组,h264,1280x720,25.0,有音频,ok; 伪源相似度: 1.0000,1.0
æ²³åŒ—å«è§†,https://stream1.freetv.fun/53800b472ac1869f0e75f5c2b17fdee144590e10b746f523425fd6ee5cc9b490.m3u8,网络源,,0.618,未分组,,,,无音频,error,0.0
æ–°ç–†å«è§†,https://stream1.freetv.fun/5027603861b7d683b3efa4458d7b350b4496e3f0fa64e93b2621fd54e360a1de.m3u8,网络源,,1.475,未分组,h264,1280x720,25.0,有音频,ok; 伪源相似度: 1.0000,1.0
å¹¿ä¸œå«è§†,https://epg.pw/stream/23718014ee69495ab3ace3cc974c9da1b887a4eef6e698a2afabbbfa8afac0be.m3u8,网络源,,1.267,未分组,h264,1280x720,25.0,有音频,ok; 伪源相似度: 1.0000,1.0
å±±ä¸œå«è§†,https://stream1.freetv.fun/798644055c27a846f52f237a6de44349b2243939ec738927c8377f2955127a36.m3u8,网络源,,1.597,未分组,h264,1280x720,25.0,有音频,ok; 伪源相似度: 1.0000,1.0
æ–°ç–†å«è§†,https://stream1.freetv.fun/4213d39a61f4f47b87ddf693dc33670af8ae213ef3aab43c05de1a363f2fbc7b.m3u8,网络源,,2.564,未分组,,,,无音频,error,0.0
å±±è¥¿å«è§†,https://shyd.695847.xyz/cms001/ch00000090990000001070/index.m3u8?IAS,网络源,,0.317,未分组,,,,无音频,error,0.0
å±±ä¸œå«è§†,http://123.130.84.106:8154/tsfile/live/0131_1.m3u8,网络源,,5.055,未分组,,,,无音频,error,0.0
æ²³å—å«è§†,https://stream1.freetv.fun/e10babc946441f86bbf308ed367395e69b2b8f62b684a3ed75bc5adbe4bc3339.m3u8,网络源,,0.741,未分组,,,,无音频,error,0.0
æ¹–åŒ—å«è§†,https://stream1.freetv.fun/931fc5d532fc717dd0ff2bf35ed2b5837b3e096382c14b3eb9d57e068c25e629.m3u8,网络源,,1.454,未分组,h264,1280x720,25.0,有音频,ok; 伪源相似度: 1.0000,1.0
è²èŠ±å«è§†,http://php.jdshipin.com:8880/amlh.php,网络源,,0.122,未分组,,,,无音频,error,0.0
å¹¿è¥¿å«è§†,https://stream1.freetv.fun/3e24cac8488e7b618c221e0622ca3fa5e151df84f558131b44690f3475ed6e45.ctv,网络源,,1.574,未分组,h264,1280x720,25.0,有音频,ok; 伪源相似度: 1.0000,1.0
æ±Ÿè¥¿å«è§†,https://shyd.695847.xyz/cms001/ch00000090990000001034/index.m3u8?IASHttpSessionId=RR4967720251014100028031761&ispcode=12,网络源,,0.327,未分组,,,,无音频,error,0.0
æ±Ÿè¥¿å«è§†,https://stream1.freetv.fun/09759f413f6f4e15691846b0f9312dd85a7f829fb606af09a91035e1679a0e8e.m3u8,网络源,,3.638,未分组,h264,1280x720,25.0,有音频,ok; 伪源相似度: 1.0000,1.0
æ±Ÿè¥¿å«è§†,http://kkk.888.3116598.xyz/api.php?n=tttt&id=up9Hqf&tk=FgM0vQMejxvG,网络源,,0.250,未分组,,,,无音频,error,0.0
äº‘å—å«è§†,https://stream1.freetv.fun/e3125675165c3fbfa7a8c89bf5215b32a0f83d21f21f32ccd6e87dc8ae4faffb.m3u8,网络源,,1.578,未分组,h264,1280x720,25.0,有音频,ok; 伪源相似度: 1.0000,1.0
æ²³å—å«è§†,https://stream1.freetv.fun/ad83f0a2e2f5acbd4b13861cd7193421c9b5b4b46df1390f245eb8ab9145cdba.m3u8,网络源,,1.581,未分组,h264,1280x720,25.0,有音频,ok; 伪源相似度: 1.0000,1.0
äº‘å—å«è§†,https://stream1.freetv.fun/yun-nan-wei-shi-25.m3u8,网络源,,6.013,未分组,h264,1920x1080,50.0,无音频,ok; 伪源相似度: 1.0000,1.0
å¹¿è¥¿å«è§†,https://stream1.freetv.fun/856f3b6c385dc6ba4a11107e63bfb3bdf228e74251ccb18eef2a2849771c84ea.m3u8,网络源,,1.570,未分组,h264,1280x720,25.0,有音频,ok; 伪源相似度: 1.0000,1.0
æ¹–åŒ—å«è§†,http://kkk.888.3116598.xyz/api.php?n=tttt&id=PtuwB3&tk=FgM0vQMejxvG,网络源,,15.244,未分组,,,,无音频,error,0.0
æ¹–åŒ—å«è§†,http://8.138.7.223/tv/migu3.php?id=hubws,网络源,,1.208,未分组,,,,无音频,error,0.0
äº‘å—å«è§†,https://stream1.freetv.fun/9d270f0d8b11bd0a9c8a283760f72046181420a6053afff2c652e824f030896b.m3u8,网络源,,1.616,未分组,h264,1280x720,25.0,有音频,ok; 伪源相似度: 1.0000,1.0
å±±ä¸œå«è§†,https://stream1.freetv.fun/81a4a1600b213a26729f9e24d8381601889787ef3447b8a5dd0566e7e182b285.m3u8,网络源,,1.580,未分组,h264,1280x720,25.0,有音频,ok; 伪源相似度: 1.0000,1.0
ç”˜è‚ƒå«è§†,https://shyd.695847.xyz/cms001/ch00000090990000001298/index.m3u8?IASHttpSessionId=RR4967720251014100028031761&ispcode=12,网络源,,2.442,未分组,h264,1920x1080,25.0,有音频,error,0.0
ç”˜è‚ƒå«è§†,https://stream1.freetv.fun/165aabbf9e18f1d9eb90689e874f668915ce33338909f8df981b479b08ddb436.m3u8,网络源,,1.592,未分组,h264,1280x720,25.0,有音频,ok; 伪源相似度: 1.0000,1.0
ç”˜è‚ƒå«è§†,https://stream1.freetv.fun/a655798d388faf8bebd9f4521c14d88df6069b127facd371a45b8a26e10b455e.m3u8,网络源,,1.451,未分组,h264,1280x720,25.0,有音频,ok; 伪源相似度: 1.0000,1.0
æ²³å—å«è§†,https://stream1.freetv.fun/ce126a81af6a4e9f4d046606f226074892a461501185cb98bcd54f1db14a3b91.m3u8,网络源,,1.611,未分组,h264,1280x720,25.0,有音频,ok; 伪源相似度: 1.0000,1.0
æ²³åŒ—å«è§†,https://epg.pw/stream/53800b472ac1869f0e75f5c2b17fdee144590e10b746f523425fd6ee5cc9b490.m3u8,网络源,,0.490,未分组,,,,无音频,error,0.0
å¹¿è¥¿å«è§†,http://111.43.126.240:9003/hls/62/index.m3u8,网络源,,0.522,未分组,,,,无音频,error,0.0
æ¹–åŒ—å«è§†,https://stream1.freetv.fun/fdc4b5bef9298866531062f5204da8c718de299cb10143f260fb3f8d8ec3ed53.m3u8,网络源,,1.605,未分组,h264,1280x720,25.0,有音频,ok; 伪源相似度: 1.0000,1.0
æ²³åŒ—å«è§†,http://111.43.126.240:9003/hls/56/index.m3u8,网络源,,0.520,未分组,,,,无音频,error,0.0
å¹¿ä¸œå«è§†,https://stream1.freetv.fun/254cd336bd5b0df6d92107dc982893be1b2e931a8e1c144ee600993d9de7c3cd.m3u8,网络源,,1.577,未分组,h264,1280x720,25.0,有音频,ok; 伪源相似度: 1.0000,1.0
æ¹–åŒ—å«è§†,https://epg.pw/stream/a168d5ee9a5535ed5d363fe5b921fc96b8e59faeb98d0a1780505ad1384b0a00.m3u8,网络源,,1.396,未分组,h264,1280x720,25.0,有音频,ok; 伪源相似度: 1.0000,1.0
å¹¿ä¸œå«è§†,https://stream1.freetv.fun/yan-dong-wei-shi-95.ctv,网络源,,3.431,未分组,h264,1920x1080,25.0,有音频,error,0.0
æ–°ç–†å«è§†,https://stream1.freetv.fun/xin-jiang-wei-shi-3.m3u8,网络源,,1.194,未分组,,,,无音频,error,0.0
å»¶è¾¹å«è§†,https://stream1.freetv.fun/d2ea3a364fa453b29060ebccb5a06a1941755859c0182ab0f071473c08738fc2.m3u8,网络源,,2.814,未分组,h264,1920x1080,25.0,有音频,ok; 伪源相似度: 1.0000,1.0
æ–°ç–†å«è§†,https://stream1.freetv.fun/db4b29ef198855d9b99d536b088e761d0a593387d97b7b71933f2fa8a2723797.ctv,网络源,,1.577,未分组,h264,1280x720,25.0,有音频,ok; 伪源相似度: 1.0000,1.0
å¹¿ä¸œå«è§†,http://kkk.888.3116598.xyz/api.php?n=tttt&id=2fFegu&tk=FgM0vQMejxvG,网络源,,0.248,未分组,,,,无音频,error,0.0
è¥¿è—å«è§†,https://stream1.freetv.fun/cfce8c7266926f66e4c9f1e47e1838772aba6fe9fc594f2b19456351b1f91126.m3u8,网络源,,4.368,未分组,h264,1280x720,25.0,有音频,ok; 伪源相似度: 1.0000,1.0
å¹¿è¥¿å«è§†,https://stream1.freetv.fun/ee0855af106167ca7f5526dcd4aeb48d16f1b1ca4792e0e2be1d3f7109e096dd.m3u8,网络源,,1.599,未分组,h264,1280x720,25.0,有音频,ok; 伪源相似度: 1.0000,1.0
å¹¿ä¸œå«è§†,https://stream1.freetv.fun/83cb195384d56301c888d89f92f507201cff9f93ff2b2b6ad0dee9fcbf7751ce.m3u8,网络源,,1.589,未分组,h264,1280x720,25.0,有音频,ok; 伪源相似度: 1.0000,1.0
æ–°ç–†å«è§†,https://stream1.freetv.fun/708b18d42d1ca63e7f143d0f5b2a22383f9bcd408efba40a7638e1f7c2176e0b.m3u8,网络源,,1.584,未分组,h264,1280x720,25.0,有音频,ok; 伪源相似度: 1.0000,1.0
äº‘å—å«è§†,http://kkk.jjjj.jiduo.me/api.php?n=tttt&id=7313&tk=a0c4f6cfaba3,网络源,,4.296,未分组,,,,无音频,error,0.0
æ¹–åŒ—å«è§†,https://stream1.freetv.fun/7278e895e1e512f548f3fd2c2e503a83f6946006f1aba27c986e95fd5960f592.m3u8,网络源,,8.088,未分组,h264,1920x1080,25.0,有音频,error,0.0
äº‘å—å«è§†,https://epg.pw/stream/b0c9d738954f837090f9545d6ff5942a58cd00c65770ba2c94ad2db8597d9da9.m3u8,网络源,,9.961,未分组,,,,无音频,error,0.0
å¹¿è¥¿å«è§†,http://kkk.888.3116598.xyz/api.php?n=tttt&id=crm6fK&tk=FgM0vQMejxvG,网络源,,15.250,未分组,,,,无音频,error,0.0
å±±è¥¿å«è§†,http://183.11.239.36:808/hls/59/index.m3u8,网络源,,11.035,未分组,h264,720x576,25.0,有音频,error,0.0
æ²³åŒ—å«è§†,http://kkk.888.3116598.xyz/api.php?n=tttt&id=T9RuUV&tk=FgM0vQMejxvG,网络源,,15.252,未分组,,,,无音频,error,0.0
