频道名,地址,来源,图标,检测时间,分组,视频编码,分辨率,帧率,音频,相似度
[SD]tastemade australia (1080p),https://stream1.freetv.fun/tastemade-australia-2.m3u8,网络源,https://epg.pw/media/,2.614,未分组,h264,1920x1080,30.0,有音频,0.6094
å¹¿ä¸œæ°‘ç”Ÿ,https://stream1.freetv.fun/yan-dong-min-sheng-38.ctv,网络源,,2.817,未分组,h264,1920x1080,,有音频,0.625
è¾‰å—æ–°é—»ç»¼åˆ,https://stream1.freetv.fun/hui-nan-xin-wen-zong-he-5.m3u8,网络源,,3.400,未分组,h264,720x576,25.0,有音频,0.3906
è±¡å±±æ–°é—»,http://l.cztvcloud.com/channels/lantian/SXxiangshan1/720p.m3u8?zzhed?,网络源,,2.522,未分组,h264,1280x720,25.0,有音频,0.5938
æ±Ÿæ´¥æ–°é—»ç»¼åˆ,https://stream1.freetv.fun/jiang-jin-xin-wen-zong-he-4.m3u8,网络源,,3.503,未分组,h264,1920x1080,25.0,有音频,0.5156
æµ™æ±Ÿç”Ÿæ´»,https://stream1.freetv.fun/zhe-jiang-jing-ji-sheng-huo-14.m3u8,网络源,,3.515,未分组,h264,1920x1080,25.0,有音频,0.0
[HD]tv 1,https://stream1.freetv.fun/tv-1-1.m3u8,网络源,https://epg.pw/media/uploads/tmp_logo/2015/04/14/20150414223834529529_70.png,3.579,未分组,h264,1280x720,25.0,有音频,0.5625
ä½›å±±å…¬å…±,https://stream1.freetv.fun/fo-shan-gong-gong-6.ctv,网络源,,1.437,未分组,h264,1280x720,25.0,有音频,0.0
é»„å±±å§‹ä¿¡æ–°é“,https://gcalic.v.myalicdn.com/gc/hsyg_1/index.m3u8,网络源,,4.556,未分组,h264,1280x720,25.0,有音频,0.9219
ç»å…´æ–‡åŒ–å½±è§†,https://stream1.freetv.fun/shao-xing-wen-hua-ying-shi-2.m3u8,网络源,,2.699,未分组,h264,1280x720,25.0,有音频,0.6406
æµ·å®æ–°é—»ç»¼åˆ,https://stream1.freetv.fun/hai-zhu-xin-wen-zong-he-1.m3u8,网络源,,4.274,未分组,h264,1280x720,25.0,有音频,0.4531
æµ™æ±Ÿç”Ÿæ´»,https://stream1.freetv.fun/zhe-jiang-jing-ji-2.m3u8,网络源,,6.193,未分组,h264,1920x1080,25.0,有音频,0.4375
é¾™æ³‰æ–°é—»ç»¼åˆ,http://l.cztvcloud.com/channels/lantian/SXlongquan1/720p.m3u8?zzhed,网络源,,3.072,未分组,h264,1920x1080,25.0,有音频,0.4375
[BD]walla ! plus וואלה! חדשות,https://stream1.freetv.fun/walla---plus-vvalh--khdshvt-1.m3u8,网络源,https://epg.pw/media/img/logo/A_PLUS.PNG,6.594,未分组,h264,1920x1080,25.0,有音频,0.5938
ç»å…´æ–°é—»ç»¼åˆ,https://stream1.freetv.fun/shao-xing-xin-wen-zong-he-7.m3u8,网络源,,3.435,未分组,h264,720x576,25.0,有音频,0.5938
[BD]latina noticias,https://stream1.freetv.fun/latina-noticias-1.m3u8,网络源,https://epg.pw/media/images/channel/2021/11/13/large/20211113231346808634_39.png,4.952,未分组,h264,426x240,,有音频,0.0
ç»å…´å…¬å…±,https://stream1.freetv.fun/shao-xing-gong-gong-5.m3u8,网络源,,2.718,未分组,h264,1280x720,30.0,有音频,0.4375
ä¸œä¸°ç»¼åˆ,http://stream5.jlntv.cn/df/sd/live.m3u8?zjild,网络源,,2.595,未分组,h264,720x576,25.0,有音频,0.5625
[BD]samuel goldwyn films,https://stream1.freetv.fun/samuel-goldwyn-films-1.m3u8,网络源,https://epg.pw/media/images/channel/2022/05/06/large/20220506174725923216_74.png,5.546,未分组,h264,1920x1080,29.97002997002997,有音频,0.7188
æµ·å®æ–°é—»ç»¼åˆ,https://stream1.freetv.fun/hai-zhu-xin-wen-zong-he-4.m3u8,网络源,,4.066,未分组,h264,1280x720,25.0,有音频,0.4688
è‹å·æ–°é—»ç»¼åˆ,https://stream1.freetv.fun/su-zhou-xin-wen-zong-he-5.m3u8,网络源,,4.832,未分组,h264,1920x1080,25.0,有音频,0.5625
ç»å…´æ–‡åŒ–,https://stream1.freetv.fun/shao-xing-wen-hua-1.m3u8,网络源,,3.316,未分组,h264,1280x720,25.0,有音频,0.4844
è¥ç»ç»¼åˆ,https://m3u8channel-yj.yunxya.com/nmip-media/channellive/channel101140/playlist.m3u8,网络源,,6.079,未分组,h264,1920x1080,,有音频,0.4688
å¹¿ä¸œæ°‘ç”Ÿ,http://120.238.94.82:9901/tsfile/live/1011_1.m3u8?key=txiptv,网络源,,4.253,未分组,h264,1920x1080,25.0,有音频,0.0
é‚¢å°ç»¼åˆ,https://stream1.freetv.fun/xing-tai-zong-he-9.m3u8,网络源,,3.914,未分组,h264,1280x720,30.0,有音频,0.4062
æµæºç”µè§†ä¸€å¥—,http://live.dxhmt.cn:9081/tv/19001-1.m3u8,网络源,,7.317,未分组,h264,1920x1080,25.0,有音频,0.0
å—äº¬åå…«,https://migu.188766.xyz/?migutoken=e14fd02510afd192836fad8a034e6679&id=%E5%8D%97%E4%BA%AC%E5%8D%81%E5%85%AB%E9%A2%91%E9%81%93&type=yy,网络源,,0.633,未分组,h264,1920x1080,28.0,有音频,0.0
æµ™æ±Ÿé’±æ±Ÿ,https://stream1.freetv.fun/zhe-jiang-qian-jiang-4.m3u8,网络源,,3.763,未分组,h264,1920x1080,25.0,有音频,0.5625
å¹¿å·ç»¼åˆ,https://stream1.freetv.fun/yan-zhou-zong-he-21.ctv,网络源,,2.668,未分组,h264,1920x1080,25.0,有音频,0.6719
æµ·å—æ–‡æ—…,https://stream1.freetv.fun/hai-nan-wen-lu-8.ctv,网络源,,1.122,未分组,h264,1920x1080,28.0,有音频,0.0
æ™®é™€å±±,https://gcalic.v.myalicdn.com/gc/pts01_1/index.m3u8,网络源,,5.020,未分组,h264,1920x1080,25.0,有音频,0.6875
å®‰å¾½é»Ÿå¿è¥¿é€’ç‰ŒåŠ,https://gcalic.v.myalicdn.com/gc/yxxdpf_1/index.m3u8,网络源,,3.861,未分组,h264,1280x720,25.0,有音频,0.4844
å“ˆå°”æ»¨ç”Ÿæ´»,https://stream1.freetv.fun/ha-er-bin-sheng-huo-4.m3u8,网络源,,5.389,未分组,h264,640x480,25.0,有音频,0.5
ç§¦å®‰ç»¼åˆ,https://play.kankanlive.com/live/1680577080200944.m3u8,网络源,,12.635,未分组,h264,1280x720,25.0,有音频,0.5469
[BD]etv telangana[geo-blocked],https://stream1.freetv.fun/etv-telangana-1.m3u8,网络源,https://epg.pw/media/images/channel/2021/11/13/large/20211113231453893031_53.png,8.231,未分组,h264,1920x1080,25.0,有音频,0.4531
å¹¿å·ç»¼åˆ,https://stream1.freetv.fun/yan-zhou-zong-he-1.m3u8,网络源,,5.167,未分组,h264,1280x720,25.0,有音频,0.5
å˜‰å…´æ–°é—»ç»¼åˆ,https://stream1.freetv.fun/jia-xing-xin-wen-zong-he-6.m3u8,网络源,,2.726,未分组,h264,1920x1080,30.0,有音频,0.3438
ç£çŸ³ç»¼åˆ,http://stream5.jlntv.cn/ps/sd/live.m3u8?zjild,网络源,,2.342,未分组,h264,720x576,25.0,有音频,0.5938
ç»å…´ç”µè§†å°å…¬å…±,http://live.shaoxing.com.cn/video/s10001-sxtv2/index.m3u8?zzhed,网络源,,2.387,未分组,h264,1280x720,30.0,有音频,0.75
å››å·ç§‘æ•™,https://stream1.freetv.fun/si-chuan-ke-jiao-2.m3u8,网络源,,3.144,未分组,h264,1920x1080,25.0,有音频,0.3438
æµ™æ±ŸèˆŸå±±ä¸œæå²›,https://gcalic.v.myalicdn.com/gc/djd01_1/index.m3u8,网络源,,4.871,未分组,h264,1280x720,25.0,有音频,0.875
å¹¿ä¸œæ°‘ç”Ÿ,https://stream1.freetv.fun/yan-dong-min-sheng-19.ctv,网络源,,1.427,未分组,h264,1280x720,25.0,有音频,0.5469
[SD]auto plus,https://stream1.freetv.fun/auto-plus-1.m3u8,网络源,https://epg.pw/media/img/logo/A_PLUS.PNG,1.929,未分组,h264,720x576,25.0,有音频,0.5938
æµ™æ±Ÿ-èˆŸå±±ä¸œæå²›,https://gcalic.v.myalicdn.com/gc/djd01_1/index.m3u8?contentid=2820180516001,网络源,,3.615,未分组,h264,1280x720,25.0,有音频,0.9062
æµ™æ±Ÿå›½é™…,http://ali-vl.cztv.com/channels/lantian/channel010/360p.m3u8,网络源,,1.684,未分组,h264,640x360,25.0,有音频,0.5938
æ¹–å·æ–°é—»ç»¼åˆ,https://stream1.freetv.fun/hu-zhou-xin-wen-zong-he-1.m3u8,网络源,,5.480,未分组,h264,1280x720,29.97002997002997,有音频,0.7188
å¹¿å·æ–°é—»,https://stream1.freetv.fun/yan-zhou-xin-wen-6.m3u8,网络源,,15.925,未分组,h264,1280x720,25.0,有音频,0.4531
ç£çŸ³ç»¼åˆ,http://stream5.jlntv.cn/ps/sd/live.m3u8,网络源,,2.226,未分组,h264,720x576,25.0,有音频,0.3906
æ±Ÿæ´¥æ–°é—»ç»¼åˆ,https://stream1.freetv.fun/jiang-jin-xin-wen-zong-he-1.m3u8,网络源,,4.038,未分组,h264,1920x1080,25.0,有音频,0.5781
DJç‰ˆã€Šä¸‰æœˆé‡Œçš„å°é›¨ã€‹,https://vd2.bdstatic.com/mda-mgwegh0bzv4cy6cb/1080p/cae_h264/1627727251470197083/mda-mgwegh0bzv4cy6cb.mp4,网络源,,0.503,未分组,h264,1280x720,25.0,有音频,0.0
[SD]феникс plus кино,https://stream1.freetv.fun/feniks-plus-kino-2.m3u8,网络源,https://epg.pw/media/img/logo/A_PLUS.PNG,1.977,未分组,h264,720x576,25.0,有音频,0.3438
è§å±±æ–°é—»,http://l.cztvcloud.com/channels/lantian/SXxiaoshan1/720p.m3u8?zzhed?,网络源,,2.635,未分组,h264,1280x720,25.0,有音频,0.6875
[SD]hell's kitchen (1080p),https://stream1.freetv.fun/hell-s-kitchen-7.m3u8,网络源,https://epg.pw/media/uploads/tmp_logo/2015/02/13/20150213031809681089_50.jpg,5.209,未分组,h264,1920x1080,25.0,有音频,0.5312
è¾½å®åŒ—æ–¹,http://sh.lnott.top:880/dx25.m3u8,网络源,,4.203,未分组,h264,720x576,25.0,有音频,0.4219
æµ™æ±Ÿæ•™è‚²,https://stream1.freetv.fun/zhe-jiang-jiao-yu-8.ctv,网络源,,2.197,未分组,h264,640x360,25.0,有音频,0.5
ä¼ŠçŠç»æµæ³•åˆ¶,http://110.153.180.106:55555/out_4/index.m3u8,网络源,,3.125,未分组,h264,1920x1080,25.0,有音频,0.5156
è¾½å®æ•™è‚²é’å°‘,http://sh.lnott.top:880/dx24.m3u8,网络源,,3.028,未分组,h264,720x576,25.0,有音频,0.3594
ç»å…´å…¬å…±,https://stream1.freetv.fun/shao-xing-gong-gong-4.m3u8,网络源,,2.709,未分组,h264,1280x720,30.0,有音频,0.4375
è¥¿å®æ–°é—»ç»¼åˆ,https://stream1.freetv.fun/xi-zhu-xin-wen-zong-he-5.m3u8,网络源,,7.305,未分组,h264,1920x1080,25.0,有音频,0.5
ä¹è‡³ç»¼åˆ,http://175.155.106.72:89/live1/live1.m3u8,网络源,,2.257,未分组,h264,1920x1080,25.0,有音频,0.5781
å¹¿å·æ–°é—»,https://stream1.freetv.fun/yan-zhou-xin-wen-13.ctv,网络源,,1.356,未分组,h264,1280x720,25.0,有音频,0.0
[BD]in touch plus,https://stream1.freetv.fun/in-touch-plus-1.m3u8,网络源,https://epg.pw/media/img/logo/A_PLUS.PNG,3.803,未分组,h264,384x216,29.97002997002997,有音频,0.7031
æ¹–å·æ–°é—»ç»¼åˆ,https://stream1.freetv.fun/hu-zhou-xin-wen-zong-he-5.m3u8,网络源,,2.858,未分组,h264,1280x720,29.97002997002997,有音频,0.5
é‚¢å°ç»¼åˆé¢‘é“,https://stream1.freetv.fun/xing-tai-zong-he-5.m3u8,网络源,,4.064,未分组,h264,1280x720,30.0,有音频,0.375
å®‰å¾½ï½œå›ºé•‡æ–°é—»,http://www.guzhenm.com:7001/hls/hd-live.m3u8?zanhd,网络源,,4.123,未分组,h264,1920x1080,25.0,有音频,0.2812
è¾½å®å…¬å…±,http://sh.lnott.top:880/dx27.m3u8,网络源,,3.414,未分组,h264,1920x1080,25.0,有音频,0.3594
[SD]5 star uk *s[geo-blocked],https://stream1.freetv.fun/5-star-uk--s-1.m3u8,网络源,https://epg.pw/media/uploads/tmp_logo/2014/06/01/20140601214836923490_86.png,2.221,未分组,mpeg2video,704x576,25.0,有音频,0.5781
[BD]hell's kitchen germany,https://stream1.freetv.fun/hell-s-kitchen-germany-1.m3u8,网络源,https://epg.pw/media/uploads/tmp_logo/2015/02/13/20150213031809681089_50.jpg,4.629,未分组,h264,1920x1080,25.0,有音频,0.5625
æµ™æ±Ÿç”Ÿæ´»,https://ali-m-l.cztv.com/channels/lantian/channel003/1080p.m3u8?,网络源,,4.160,未分组,h264,1920x1080,25.0,有音频,0.5
æ²³å—éƒ½å¸‚,https://migu.188766.xyz/?migutoken=d8e3b5e0c15f234b6357a73ef90149bb&id=%E9%83%BD%E5%B8%82%E9%A2%91%E9%81%93&type=yy,网络源,,5.074,未分组,h264,1920x1080,25.0,有音频,0.0
å¹¿ä¸œæ°‘ç”Ÿ,https://stream1.freetv.fun/yan-dong-min-sheng-20.m3u8,网络源,,1.315,未分组,h264,1280x720,25.0,有音频,0.0
å¹¿ä¸œç æ±Ÿ,https://stream1.freetv.fun/yan-dong-zhu-jiang-3.ctv,网络源,,1.662,未分组,,,,有音频,0.3594
å±±ä¸œæ•™è‚²,https://migu.188766.xyz/?migutoken=a0300c4b404147738c3d602f32d726b6&id=%E5%B1%B1%E4%B8%9C%E6%95%99%E8%82%B2&type=yy,网络源,,0.590,未分组,h264,1920x1080,28.0,有音频,0.0
è¾½å®ä½“è‚²ä¼‘é—²,http://sh.lnott.top:880/dx22.m3u8,网络源,,2.685,未分组,h264,720x576,25.0,有音频,0.5
[BD]tv 100,https://stream1.freetv.fun/tv-100-5.m3u8,网络源,https://epg.pw/media/images/channel/2022/05/06/large/20220506174023110295_42.png,3.720,未分组,h264,640x360,25.0,有音频,0.7344
æŸ³æ²³ç»¼åˆ,http://stream5.jlntv.cn/lh/sd/live.m3u8,网络源,,2.479,未分组,h264,720x576,25.0,有音频,0.4844
[BD]extreme plus[geo-blocked],https://stream1.freetv.fun/extreme-plus-1.m3u8,网络源,https://epg.pw/media/img/logo/A_PLUS.PNG,2.734,未分组,h264,960x540,29.97002997002997,有音频,0.4531
[HD]3abn kids,https://stream1.freetv.fun/3abn-kids-2.m3u8,网络源,https://epg.pw/media/images/channel/2022/09/30/large/20220930173605576264_27.jpg,1.869,未分组,h264,640x360,29.97002997002997,有音频,0.6719
ä¸œä¸°ç»¼åˆ,http://stream5.jlntv.cn/df/sd/live.m3u8,网络源,,2.542,未分组,h264,720x576,25.0,有音频,0.5781
[BD]7 канал,https://stream1.freetv.fun/7-kanal-1.m3u8,网络源,https://epg.pw/media/images/channel/2022/05/06/large/20220506174819530509_49.png,4.332,未分组,h264,1920x1080,25.0,有音频,0.3438
[BD]RT Doc,https://stream1.freetv.fun/rt-doc-2.m3u8,网络源,https://epg.pw/media/images/channel/2021/06/24/large/20210624003447280269_10.png,9.091,未分组,h264,640x360,25.0,有音频,0.5469
é»„å±±é£æ¥çŸ³,https://gcalic.v.myalicdn.com/gc/hsptgy_1/index.m3u8,网络源,,3.893,未分组,h264,1920x1080,25.0,有音频,0.4219
æµ™æ±Ÿå›½é™…,http://ali-m-l.cztv.com/channels/lantian/channel010/720p.m3u8,网络源,,2.704,未分组,h264,1280x720,25.0,有音频,0.5938
é»„é¾™,https://gcalic.v.myalicdn.com/gc/hlzycc_1/index.m3u8,网络源,,4.069,未分组,h264,1920x1080,25.0,有音频,0.9375
å¹¿ä¸œç æ±Ÿ,https://stream1.freetv.fun/yan-dong-zhu-jiang-17.ctv,网络源,,1.261,未分组,h264,1280x720,25.0,有音频,0.0
é’ç”°ç”µè§†,http://l.cztvcloud.com/channels/lantian/SXqingtian1/720p.m3u8?zzhed?,网络源,,2.172,未分组,h264,1920x1080,25.0,有音频,0.4062
ç»å…´å…¬å…±,https://stream1.freetv.fun/shao-xing-gong-gong-6.m3u8,网络源,,2.560,未分组,h264,1280x720,30.0,有音频,0.625
[BD]dw russian,https://stream1.freetv.fun/dw-russian-2.m3u8,网络源,https://epg.pw/media/uploads/tmp_logo/2014/05/23/20140523214300181944_19.jpg,14.071,未分组,h264,1920x1080,50.0,有音频,0.4844
æµ™æ±Ÿç”Ÿæ´»,https://stream1.freetv.fun/zhe-jiang-jing-ji-1.m3u8,网络源,,5.133,未分组,h264,1920x1080,25.0,有音频,0.625
[BD]tv 100,https://stream1.freetv.fun/tv-100-1.m3u8,网络源,https://epg.pw/media/images/channel/2022/05/06/large/20220506174023110295_42.png,6.559,未分组,h264,640x360,25.0,有音频,0.5469
å¹¿è¥¿æ¡‚æ—æ¼“æ±Ÿæ™¯åŒº,https://gcalic.v.myalicdn.com/gc/gllj01_1/index.m3u8,网络源,,4.792,未分组,h264,1280x720,25.0,有音频,0.5781
æµ·å®æ–°é—»ç»¼åˆ,https://stream1.freetv.fun/hai-zhu-xin-wen-zong-he-5.m3u8,网络源,,4.343,未分组,h264,1280x720,25.0,有音频,0.6875
æ¹–å—å¼ å®¶ç•Œå¤©é—¨å±±è¥¿çº¿ç»ç’ƒæ ˆé“,https://gcalic.v.myalicdn.com/gc/tms05_1/index.m3u8,网络源,,4.125,未分组,h264,1920x1080,25.0,有音频,0.9219
å¤ªè°·æ–°é—»ç»¼åˆ,https://p2.vzan.com/slowlive/596867413819827251/live.m3u8?zbid=1725814272&amp;amp;tpid=1516989100&amp;amp;type=0,网络源,,3.206,未分组,h264,1920x1080,25.0,有音频,0.8438
[HD]ns shop plus,https://stream1.freetv.fun/ns-shop-plus-1.m3u8,网络源,https://epg.pw/media/img/logo/A_PLUS.PNG,5.680,未分组,h264,1280x720,30.0,有音频,0.4688
ä¼ŠçŠç»´å¾å°”,http://110.153.180.106:55555/out_2/index.m3u8?zxinjd,网络源,,3.123,未分组,h264,1920x1080,25.0,有音频,0.5781
[SD]4more uk ==[geo-blocked],https://stream1.freetv.fun/4more-uk-2.ctv,网络源,https://epg.pw/media/,0.968,未分组,mpeg2video,704x576,25.0,有音频,0.5938
æ²³å—éƒ½å¸‚,https://migu.188766.xyz/?migutoken=317fb455775bd1ba714d243c2eb3aea0&id=%E9%83%BD%E5%B8%82%E9%A2%91%E9%81%93&type=yy,网络源,,0.611,未分组,h264,1920x1080,28.0,有音频,0.0
å—å®éƒ½å¸‚ç”Ÿæ´»,https://stream1.freetv.fun/nan-zhu-du-shi-sheng-huo-4.m3u8,网络源,,3.494,未分组,h264,1280x720,25.0,有音频,0.5469
ç»å…´æ–°é—»ç»¼åˆ,https://stream1.freetv.fun/shao-xing-xin-wen-zong-he-6.m3u8,网络源,,2.976,未分组,h264,720x576,25.0,有音频,0.5312
[SD]5usa uk *s[geo-blocked],https://stream1.freetv.fun/5usa-uk--s-1.m3u8,网络源,https://epg.pw/media/uploads/tmp_logo/2014/06/01/20140601214910095304_28.png,1.745,未分组,h264,854x480,25.0,有音频,0.625
ç”˜å—ç»¼åˆ,https://play.kankanlive.com/live/1711955176432990.m3u8,网络源,,6.228,未分组,h264,1920x1080,25.0,有音频,0.0
å¹¿ä¸œç æ±Ÿ,https://stream1.freetv.fun/943a56c1980ac8d65adeb0603437a8cd8da6241b019e93bba89c37ff050946e5.m3u8,网络源,,7.673,未分组,h264,1920x1080,25.0,有音频,0.0
å—å›½éƒ½å¸‚,http://tencentplay.gztv.com/live/nanguodushi.m3u8?txSecret=140110ae3d6c936a77f94c4f4d85b0d3&txTime=18d57929bd4,网络源,,17.957,未分组,h264,1920x1080,25.0,有音频,0.5781
[BD]9x tashan,https://stream1.freetv.fun/9x-tashan-1.m3u8,网络源,https://epg.pw/media/images/channel/2022/05/06/large/20220506164732623933_11.png,5.895,未分组,h264,1920x1080,25.0,有音频,0.625
é’å²›å´‚å±±å…«æ°´æ²³,https://gcalic.v.myalicdn.com/gc/qdls02_1/index.m3u8,网络源,,3.701,未分组,h264,1280x720,25.0,有音频,0.8438
å—äº¬æ–°é—»ç»¼åˆ,https://migu.188766.xyz/?migutoken=792ab75ecbca0893c9d3e499ce8fe466&id=%E5%8D%97%E4%BA%AC%E6%96%B0%E9%97%BB%E7%BB%BC%E5%90%88%E9%A2%91%E9%81%93&type=yy,网络源,,0.658,未分组,h264,1920x1080,28.0,有音频,0.0
æµ™æ±Ÿé’±æ±Ÿ,https://stream1.freetv.fun/zhe-jiang-qian-jiang-du-shi-3.m3u8,网络源,,4.735,未分组,h264,854x480,25.0,有音频,0.4531
ä¹Œé•‡è“å°èŠ±å¸ƒ,https://gcalic.v.myalicdn.com/gc/zjwzlyhb_1/index.m3u8,网络源,,3.617,未分组,h264,1280x720,25.0,有音频,0.3594
å—é€šæ–°é—»ç»¼åˆ,https://migu.188766.xyz/?migutoken=1be4a3ced73cc43a5eec3acea385ea5d&id=%E5%8D%97%E9%80%9A%E6%96%B0%E9%97%BB%E7%BB%BC%E5%90%88&type=yy,网络源,,0.737,未分组,h264,1920x1080,28.0,有音频,0.0
ç›çº³æ–¯ç»¼åˆ,http://218.84.127.245:1026/hls/main1/playlist.m3u8,网络源,,2.840,未分组,h264,1920x1080,25.0,有音频,0.4844
ä¸­å¤®ç”µè§†å¡”ä¸œ,https://gcalic.v.myalicdn.com/gc/ztd_1/index.m3u8,网络源,,4.160,未分组,h264,1920x1080,25.0,有音频,0.5
è‹å·ç”Ÿæ´»èµ„è®¯,https://stream1.freetv.fun/su-zhou-sheng-huo-zi-xun-2.m3u8,网络源,,3.906,未分组,h264,1280x720,25.0,有音频,0.5156
ä¹è‡³ç»¼åˆ,http://175.155.106.72:89/live1/live1.m3u8?zsicd,网络源,,2.166,未分组,h264,1920x1080,25.0,有音频,0.4531
åŒ—äº¬ç”Ÿæ´»,https://migu.188766.xyz/?migutoken=78717f7be6e3f2923c02860c2c769bd8&id=%E5%8C%97%E4%BA%ACi%E7%94%9F%E6%B4%BB&type=yy,网络源,,0.671,未分组,h264,1920x1080,28.0,有音频,0.0
æµ·å—å…¬å…±,https://migu.188766.xyz/?migutoken=b31d15f5bafe6f10efcbff33338fdb47&id=hn_ggpd&type=sz,网络源,,7.109,未分组,h264,1280x720,25.0,有音频,0.0
[SD]2x2,https://stream1.freetv.fun/2x2-2.m3u8,网络源,https://epg.pw/media/images/channel/2022/05/06/large/20220506174911048523_97.png,1.861,未分组,h264,720x576,50.0,有音频,0.6719
DJæƒ…æ­Œ,https://vd2.bdstatic.com/mda-mm67ychk60q5n0d1/sc/cae_h264/1638893384360470440/mda-mm67ychk60q5n0d1.mp4,网络源,,0.533,未分组,h264,1280x720,25.0,有音频,0.0
[BD]12 канал,https://stream1.freetv.fun/12-kanal-2.m3u8,网络源,https://epg.pw/media/uploads/tmp_logo/2014/05/30/20140530164557133957_14.png,5.910,未分组,h264,640x360,25.0,有音频,0.75
å››å·ç§‘æ•™,https://stream1.freetv.fun/si-chuan-ke-jiao-4.m3u8,网络源,,3.202,未分组,h264,1920x1080,25.0,有音频,0.4062
[HD]fifa plus fr[geo-blocked],https://stream1.freetv.fun/fifa-plus-fr-1.m3u8,网络源,https://epg.pw/media/img/logo/A_PLUS.PNG,1.498,未分组,h264,1280x720,29.97002997002997,有音频,0.6562
[SD]9 волна,https://stream1.freetv.fun/9-volna-2.m3u8,网络源,https://epg.pw/media/images/channel/2022/05/06/large/20220506174435729977_89.png,2.319,未分组,h264,720x576,25.0,有音频,0.5625
æµ™æ±Ÿæ•™è‚²,https://ali-m-l.cztv.com/channels/lantian/channel004/1080p.m3u8?,网络源,,4.040,未分组,h264,1920x1080,25.0,有音频,0.5625
[BD]surfing plus,https://stream1.freetv.fun/surfing-plus-2.m3u8,网络源,https://epg.pw/media/img/logo/A_PLUS.PNG,2.426,未分组,h264,960x540,29.97002997002997,有音频,0.4844
å—é€šæ–°é—»ç»¼åˆ,https://migu.188766.xyz/?migutoken=5e7fabfcd9ade5568a9a32b23bc46aee&id=%E5%8D%97%E9%80%9A%E6%96%B0%E9%97%BB%E7%BB%BC%E5%90%88&type=yy,网络源,,5.188,未分组,h264,1280x720,25.0,有音频,0.0
é‡‘å·ä¹¡æ‘,http://live.jinchuanrmt.com:90/live/jcxc.m3u8,网络源,,3.000,未分组,h264,1024x576,25.0,有音频,0.5625
[HD]24horas ᴴᴰ,https://stream1.freetv.fun/24horas-hd-1.m3u8,网络源,https://epg.pw/media/uploads/tmp_logo/2014/05/30/20140530203649216498_76.png,19.565,未分组,h264,640x360,25.0,有音频,0.3906
å¹¿ä¸œç æ±Ÿ,https://stream1.freetv.fun/yan-dong-zhu-jiang-6.ctv,网络源,,2.433,未分组,h264,1920x1080,25.0,有音频,0.0
[BD]hell's kitchen,https://stream1.freetv.fun/hell-s-kitchen-4.m3u8,网络源,https://epg.pw/media/uploads/tmp_logo/2015/02/13/20150213031809681089_50.jpg,4.352,未分组,h264,1920x1080,25.0,有音频,0.5938
æ‰¬å·é‚—æ±Ÿé¢‘é“,http://cm-wshls.homecdn.com/8c3.m3u8,网络源,,2.859,未分组,h264,1280x720,25.0,有音频,0.4531
å“ˆå°”æ»¨ç”Ÿæ´»,https://stream1.freetv.fun/ha-er-bin-sheng-huo-5.m3u8,网络源,,6.930,未分组,h264,640x480,25.0,有音频,0.5938
å§šæ±Ÿæ–‡åŒ–,http://l.cztvcloud.com/channels/lantian/SXqingtian1/720p.m3u8?,网络源,,2.037,未分组,h264,1920x1080,25.0,有音频,0.6406
é“œæ¢ç»¼åˆ,https://tlpc01.cqliving.com/ch1.m3u8,网络源,,5.332,未分组,h264,720x576,25.0,有音频,0.5781
ä¸­å¤®ç”µè§†å¡”å—,https://gcalic.v.myalicdn.com/gc/ztn_1/index.m3u8,网络源,,3.833,未分组,h264,1280x720,25.0,有音频,0.5469
å¹¿å·ç«èµ›,https://stream1.freetv.fun/yan-zhou-jing-sai-16.m3u8,网络源,,4.361,未分组,,,,无音频,0.5312
[BD]5 star max usa *s[geo-blocked],https://stream1.freetv.fun/5-star-max-usa--s-1.m3u8,网络源,https://epg.pw/media/images/channel/2022/05/27/large/20220527020557769714_94.png,2.250,未分组,h264,1920x1080,29.97002997002997,有音频,0.5938
é‡‘å·æ–°é—»ç»¼åˆ,http://live.jinchuanrmt.com:90/live/zhxw.m3u8?zsicd,网络源,,2.851,未分组,h264,1920x1080,25.0,有音频,0.3125
æ¹–å·æ–‡åŒ–å¨±ä¹,https://stream1.freetv.fun/hu-zhou-wen-hua-yu-le-2.m3u8,网络源,,2.912,未分组,h264,1280x720,29.97002997002997,有音频,0.6875
æµ·å®æ–°é—»ç»¼åˆ,https://stream1.freetv.fun/hai-zhu-xin-wen-zong-he-3.m3u8,网络源,,3.451,未分组,h264,1280x720,25.0,有音频,0.5156
é»‘é¾™æ±Ÿå½±è§†,https://stream1.freetv.fun/hei-long-jiang-ying-shi-12.m3u8,网络源,,10.557,未分组,mpeg2video,720x576,25.0,有音频,0.3438
é‡‘å·æ–°é—»ç»¼åˆ,http://live.jinchuanrmt.com:90/live/zhxw.m3u8,网络源,,2.591,未分组,h264,1920x1080,25.0,有音频,0.4531
äº”å½©æ±,https://gcalic.v.myalicdn.com/gc/hlwcc_1/index.m3u8,网络源,,4.455,未分组,h264,1920x1080,25.0,有音频,0.3594
å“ˆå°”æ»¨æ–°é—»ç»¼åˆ,http://stream.hrbtv.net/xwzh/sd/live.m3u8,网络源,,4.631,未分组,h264,640x480,25.0,有音频,0.0
ä½›å±±å…¬å…±,https://stream1.freetv.fun/fo-shan-gong-gong-27.ctv,网络源,,1.335,未分组,h264,1280x720,25.0,有音频,0.0
æµ™æ±Ÿç”Ÿæ´»,https://stream1.freetv.fun/zhe-jiang-jing-ji-sheng-huo-10.m3u8,网络源,,3.141,未分组,h264,1920x1080,25.0,有音频,0.5
é›…å®‰æ–°é—»ç»¼åˆ,https://stream1.freetv.fun/ya-an-xin-wen-zong-he-1.m3u8,网络源,,9.433,未分组,h264,1920x1080,25.0,有音频,0.4844
å¹¿è¥¿ç‰æ—å¤§å®¹å±±è²èŠ±å±±é¡¶,https://gcalic.v.myalicdn.com/gc/drs01_1/index.m3u8,网络源,,3.787,未分组,h264,1920x1080,25.0,有音频,0.4688
æ¹–å—å¼ å®¶ç•Œæ°´ç»•å››é—¨,https://gcalic.v.myalicdn.com/gc/zjjsrsm_1/index.m3u8,网络源,,4.179,未分组,h264,1920x1080,25.0,有音频,0.7031
è§å±±ç»¼åˆ,http://l.cztvcloud.com/channels/lantian/SXxiaoshan1/720p.m3u8?,网络源,,2.637,未分组,h264,1280x720,25.0,有音频,0.375
åµŠæ³—ç»¼åˆ,http://l.cztvcloud.com/channels/lantian/SXshengzhou1/720p.m3u8?zzhed,网络源,,2.105,未分组,h264,1280x720,25.0,有音频,0.5469
[HD]la c news 24,https://stream1.freetv.fun/la-c-news-24-1.m3u8,网络源,https://epg.pw/media/images/channel/2021/11/13/large/20211113232149521785_74.png,5.204,未分组,h264,534x300,25.0,有音频,0.5156
[BD]RT News,https://stream1.freetv.fun/rt-news-8.m3u8,网络源,https://epg.pw/media/images/channel/2021/06/24/large/20210624003447280269_10.png,8.737,未分组,h264,640x360,25.0,有音频,0.4531
é»„å±±æ–°é—»ç»¼åˆ,https://stream1.freetv.fun/huang-shan-xin-wen-zong-he-14.m3u8,网络源,,7.516,未分组,h264,1920x1080,25.0,有音频,0.0
å…«é‡Œæ²Ÿé£æ™¯åŒºå¤©ç•Œå±±ç»ç’ƒæ ˆé“,https://gcalic.v.myalicdn.com/gc/blg03_1/index.m3u8,网络源,,3.918,未分组,h264,1920x1080,25.0,有音频,0.25
å¹¿å·æ–°é—»,https://stream1.freetv.fun/yan-zhou-xin-wen-15.ctv,网络源,,1.115,未分组,h264,1280x720,25.0,有音频,0.6094
è§å±±ç»¼åˆ,http://l.cztvcloud.com/channels/lantian/SXxiaoshan1/720p.m3u8,网络源,,2.280,未分组,h264,1280x720,25.0,有音频,0.4531
ç»å…´æ–°é—»ç»¼åˆ,https://stream1.freetv.fun/shao-xing-xin-wen-zong-he-5.m3u8,网络源,,2.503,未分组,h264,720x576,25.0,有音频,0.3438
å±±ä¸œæ•™è‚²,https://migu.188766.xyz/?migutoken=bba97186ad61e4b242a466eaa62d0dd0&id=%E5%B1%B1%E4%B8%9C%E6%95%99%E8%82%B2&type=yy,网络源,,3.404,未分组,h264,1280x720,25.0,有音频,0.0
[SD]365 дней,https://stream1.freetv.fun/365-dnei-1.m3u8,网络源,https://epg.pw/media/images/channel/2022/05/27/large/20220527020735574747_25.png,1.826,未分组,h264,720x576,50.0,有音频,0.5781
é‡‘å·ä¹¡æ‘,http://live.jinchuanrmt.com:90/live/jcxc.m3u8?zsicd,网络源,,3.753,未分组,h264,1024x576,25.0,有音频,0.6406
æ¹–å—å¼ å®¶ç•Œè¿·é­‚å°,https://gcalic.v.myalicdn.com/gc/zjjmht_1/index.m3u8,网络源,,3.922,未分组,h264,1280x720,25.0,有音频,0.5312
ä¹Œé•‡è¥¿å¸‚æ²³,https://gcalic.v.myalicdn.com/gc/zjwzbblh_1/index.m3u8,网络源,,3.766,未分组,h264,1280x720,25.0,有音频,0.8281
åµŠå·æ–°é—»,http://l.cztvcloud.com/channels/lantian/SXshengzhou1/720p.m3u8?zzhed?,网络源,,2.066,未分组,h264,1280x720,25.0,有音频,0.7031
[SD]love boat,https://stream1.freetv.fun/love-boat-1.m3u8,网络源,https://epg.pw/media/uploads/tmp_logo/2015/04/20/20150420071750455994_44.jpg,2.982,未分组,h264,426x240,30.0,有音频,0.7188
å“ˆå°”æ»¨æ–°é—»ç»¼åˆ,http://stream.hrbtv.net/xwzh/sd/live.m3u8?zheild,网络源,,2.870,未分组,h264,640x480,25.0,有音频,0.4844
æ¹–å·æ–‡åŒ–å¨±ä¹,https://stream1.freetv.fun/hu-zhou-wen-hua-yu-le-1.m3u8,网络源,,6.286,未分组,h264,1280x720,29.97002997002997,有音频,0.8125
[BD]tv 100,https://stream1.freetv.fun/tv-100-3.m3u8,网络源,https://epg.pw/media/images/channel/2022/05/06/large/20220506174023110295_42.png,2.435,未分组,h264,1920x1080,25.0,有音频,0.6094
ä¹‹æ±Ÿè®°å½•,http://ali-m-l.cztv.com/channels/lantian/channel012/1080p.m3u8?,网络源,,1.767,未分组,h264,1920x1080,25.0,有音频,0.8125
ä¹Œé•‡é¾™å½¢ç”°,https://gcalic.v.myalicdn.com/gc/zjwzlxt_1/index.m3u8,网络源,,3.470,未分组,h264,1280x720,25.0,有音频,0.4375
å“ˆå°”æ»¨ç”Ÿæ´»,https://stream1.freetv.fun/ha-er-bin-sheng-huo-6.m3u8,网络源,,2.861,未分组,h264,640x480,25.0,有音频,0.5625
èµ£å·æ•™è‚²,https://pili-live-hls-sjxgz2024.sobeylive.com/jxgz2024/396_q_live172526335287668.m3u8,网络源,,4.704,未分组,h264,1920x1080,25.0,有音频,0.5469
[BD]cna,https://stream1.freetv.fun/cna-2.m3u8,网络源,https://epg.pw/media/,0.585,未分组,h264,1920x1080,25.0,有音频,0.5938
ä¹‹æ±Ÿçºªå½•,http://ali-m-l.cztv.com/channels/lantian/channel012/1080p.m3u8,网络源,,2.279,未分组,h264,1920x1080,25.0,有音频,0.2656
ä½›å±±å…¬å…±,https://stream1.freetv.fun/fo-shan-gong-gong-21.ctv,网络源,,1.401,未分组,h264,1280x720,25.0,有音频,0.5625
[SD]9x tashan,https://stream1.freetv.fun/9x-tashan-2.m3u8,网络源,https://epg.pw/media/images/channel/2022/05/06/large/20220506164732623933_11.png,2.155,未分组,h264,896x504,25.0,有音频,0.625
æµ·å®æ–°é—»ç»¼åˆ,https://stream1.freetv.fun/hai-zhu-xin-wen-zong-he-2.m3u8,网络源,,2.171,未分组,h264,1280x720,25.0,有音频,0.4688
å˜‰å…´æ–‡åŒ–å½±è§†,https://stream1.freetv.fun/jia-xing-wen-hua-ying-shi-1.m3u8,网络源,,2.152,未分组,h264,1280x720,30.0,有音频,0.5781
æµ™æ±Ÿæ–°é—»,https://stream1.freetv.fun/zhe-jiang-xin-wen-4.m3u8,网络源,,4.495,未分组,h264,1920x1080,25.0,有音频,0.4844
å¹¿å·ç»¼åˆ,https://stream1.freetv.fun/yan-zhou-zong-he-17.m3u8,网络源,,5.555,未分组,h264,1280x720,25.0,有音频,0.0
æµ·å—æ–‡æ—…,https://migu.188766.xyz/?migutoken=3411104d96c55ea4f032357bb69c0dc7&id=hn_wlpd&type=sz,网络源,,6.220,未分组,h264,1280x720,25.0,有音频,0.0
æµ·å—å…¬å…±,https://stream1.freetv.fun/hai-nan-gong-gong-7.m3u8,网络源,,2.506,未分组,h264,720x576,50.0,有音频,0.375
æµ™æ±Ÿç”Ÿæ´»,https://stream1.freetv.fun/zhe-jiang-sheng-huo-8.m3u8,网络源,,2.652,未分组,h264,640x360,25.0,有音频,0.6406
æµ™æ±Ÿé’±æ±Ÿ,https://stream1.freetv.fun/zhe-jiang-qian-jiang-1.m3u8,网络源,,4.889,未分组,h264,1920x1080,25.0,有音频,0.6406
é’±æ±Ÿéƒ½å¸‚,https://ali-m-l.cztv.com/channels/lantian/channel002/1080p.m3u8?,网络源,,3.754,未分组,h264,1920x1080,25.0,有音频,0.4531
[BD]sony sports ten 1[geo-blocked],https://stream1.freetv.fun/sony-sports-ten-1-1.ctv,网络源,https://epg.pw/media/images/channel/2021/06/24/large/20210624003447280269_10.png,1.313,未分组,h264,960x540,25.0,有音频,0.5312
å¤ªè°·æ–°é—»ç»¼åˆ,https://stream1.freetv.fun/tai-gu-xin-wen-zong-he-1.m3u8,网络源,,3.998,未分组,h264,1920x1080,25.0,有音频,0.5938
è±¡å±±æ–°é—»ç»¼åˆ,https://stream1.freetv.fun/xiang-shan-xin-wen-zong-he-1.m3u8,网络源,,2.676,未分组,h264,1280x720,25.0,有音频,0.0
[BD]viju plus serial,https://stream1.freetv.fun/viju-plus-serial-2.m3u8,网络源,https://epg.pw/media/img/logo/A_PLUS.PNG,2.444,未分组,h264,1920x1080,50.0,有音频,0.6094
ä¹å±±å¤§ä½›å…¨æ™¯,https://gcalic.v.myalicdn.com/gc/lsdfgfl_1/index.m3u8,网络源,,3.906,未分组,h264,1920x1080,25.0,有音频,0.9062
è¥¿å®ç”Ÿæ´»æœåŠ¡,https://stream1.freetv.fun/xi-zhu-sheng-huo-fu-wu-1.ctv,网络源,,3.930,未分组,h264,1920x1080,25.0,有音频,0.6719
å¥å®¹å…šå»ºé¢‘é“,http://jrlive.jrntv.com/live/_definst_/dangjians/playlist.m3u8,网络源,,7.009,未分组,h264,720x576,25.0,有音频,0.5469
ä¸Šè™æ–°å•†éƒ½,http://l.cztvcloud.com/channels/lantian/SXshangyu3/720p.m3u8?zzhed,网络源,,2.390,未分组,h264,1920x1080,25.0,有音频,0.5781
è±¡å±±ç»¼åˆ,http://l.cztvcloud.com/channels/lantian/SXxiangshan1/720p.m3u8?zzhed,网络源,,2.069,未分组,h264,1280x720,25.0,有音频,0.5156
å¹¿ä¸œç æ±Ÿ,https://stream1.freetv.fun/yan-dong-zhu-jiang-20.m3u8,网络源,,15.805,未分组,h264,1920x1080,25.0,有音频,0.5
[SD]6 tv telugu,https://stream1.freetv.fun/6-tv-telugu-1.m3u8,网络源,https://epg.pw/media/images/channel/2021/11/13/large/20211113231451135104_32.png,9.928,未分组,h264,424x240,25.0,有音频,0.4844
ç»å…´æ–°é—»,https://stream1.freetv.fun/shao-xing-xin-wen-1.m3u8,网络源,,2.516,未分组,h264,720x576,25.0,有音频,0.5781
[HD]africanews[geo-blocked],https://stream1.freetv.fun/africanews-1.m3u8,网络源,https://epg.pw/media/images/channel/2021/11/13/large/20211113232152120756_32.png,8.437,未分组,h264,1280x720,25.0,有音频,0.4062
[SD]tvt zgorzelec,https://stream1.freetv.fun/tvt-zgorzelec-1.m3u8,网络源,https://epg.pw/media/uploads/tmp_logo/2015/04/20/20150420071750455994_44.jpg,1.995,未分组,h264,1024x576,25.0,有音频,0.3281
æµ·å—æ–°é—»,https://migu.188766.xyz/?migutoken=5b39cca9add58649252c3164c7c2406e&id=hn_xwpd&type=sz,网络源,,5.999,未分组,h264,1280x720,25.0,有音频,0.0
äº‘å—ä¸½æ±Ÿå†°å·,https://gcalic.v.myalicdn.com/gc/hkylxs05_1/index.m3u8,网络源,,3.729,未分组,h264,1280x720,25.0,有音频,0.4062
ç»å…´æ–°é—»ç»¼åˆ,https://stream1.freetv.fun/shao-xing-xin-wen-zong-he-1.m3u8,网络源,,3.361,未分组,h264,720x576,25.0,有音频,0.5781
æµ™æ±Ÿæ•™è‚²,https://stream1.freetv.fun/zhe-jiang-jiao-yu-7.m3u8,网络源,,2.262,未分组,h264,640x360,25.0,有音频,0.6094
å—äº¬æ–°é—»ç»¼åˆ,https://migu.188766.xyz/?migutoken=d5719f9a6c834280578fa4b1679e5bd3&id=%E5%8D%97%E4%BA%AC%E6%96%B0%E9%97%BB%E7%BB%BC%E5%90%88%E9%A2%91%E9%81%93&type=yy,网络源,,2.930,未分组,h264,854x480,25.0,有音频,0.0
é™•è¥¿è¥¿éƒ¨ç”µå½±,http://112.46.105.20:8009/hls/62/index.m3u8,网络源,,2.700,未分组,h264,720x576,50.0,有音频,0.6562
ä¹è‡³ç»¼åˆ,http://175.155.106.72:89/live1/live1.m3u8?zsicd#http://rmlive.lzxrmtzx.com/live1/live1.m3u8?zsicd,网络源,,2.614,未分组,h264,1920x1080,25.0,有音频,0.6406
ç›´æ’­ä¸­å›½ç²¾ç¼–ç›´æ’­,https://gcalic.v.myalicdn.com/gc/wgw05_1/index.m3u8,网络源,,3.556,未分组,h264,1280x720,25.0,有音频,0.6562
[BD]true crime network plus,https://stream1.freetv.fun/true-crime-network-plus-1.m3u8,网络源,https://epg.pw/media/img/logo/A_PLUS.PNG,1.624,未分组,h264,1920x1080,30.0,有音频,0.625
[BD]dungeons dragons adventures,https://stream1.freetv.fun/dungeons-dragons-adventures-1.m3u8,网络源,https://epg.pw/media/images/channel/2021/06/24/large/20210624003447280269_10.png,1.925,未分组,h264,384x216,29.97002997002997,有音频,0.75
æµ™æ±Ÿæ°‘ç”Ÿä¼‘é—²,https://stream1.freetv.fun/zhe-jiang-min-sheng-12.ctv,网络源,,2.250,未分组,h264,640x360,25.0,有音频,0.5
[SD]america's test kitchen,https://stream1.freetv.fun/america-s-test-kitchen-1.m3u8,网络源,https://epg.pw/media/uploads/tmp_logo/2015/02/13/20150213031809681089_50.jpg,1.699,未分组,h264,426x240,30.0,有音频,0.4531
åŒ—äº¬è´¢ç»,https://migu.188766.xyz/?migutoken=75137ed3ab4a369c916ac72093d59167&id=%E5%8C%97%E4%BA%AC%E8%B4%A2%E7%BB%8F&type=yy,网络源,,0.719,未分组,h264,1920x1080,28.0,有音频,0.0
ä¸‡è½½ç»¼åˆ,http://live-echotv.cdnvideo.ru/echotv/echotv.sdp/playlist.m3u8,网络源,,1.176,未分组,h264,1024x576,25.0,有音频,0.7031
è¾½å®ç”Ÿæ´»,http://sh.lnott.top:880/dx23.m3u8,网络源,,2.854,未分组,h264,720x576,25.0,有音频,0.7656
ä¸½æ±Ÿå¤åŸä¸‡å¤æ¥¼é¥æœ›ç‰é¾™é›ªå±±,https://gcalic.v.myalicdn.com/gc/ljgcwglytylxs_1/index.m3u8,网络源,,4.614,未分组,h264,1920x1080,25.0,有音频,0.5938
é‡‘å ‚ç”µè§†å°,http://8.138.7.223/tv/cditv.php?id=jttv,网络源,,9.330,未分组,h264,960x540,25.0,有音频,0.4375
æµ™æ±Ÿæ•™è‚²,https://stream1.freetv.fun/zhe-jiang-jiao-yu-5.m3u8,网络源,,4.545,未分组,h264,1920x1080,25.0,有音频,0.4062
å¹¿å·ç»¼åˆ,https://stream1.freetv.fun/yan-zhou-zong-he-14.m3u8,网络源,,4.914,未分组,h264,1280x720,25.0,有音频,0.5938
æ¡¦ç”¸ç»¼åˆ,http://stream10.jlntv.cn/huadian/sd/live.m3u8?zjild,网络源,,3.768,未分组,h264,720x576,25.0,有音频,0.5312
ä¸Šè™ç»¼åˆ,https://stream1.freetv.fun/shang-yu-zong-he-1.m3u8,网络源,,2.574,未分组,h264,1920x1080,50.0,有音频,0.4688
è±¡å±±ç»¼åˆ,http://l.cztvcloud.com/channels/lantian/SXxiangshan1/720p.m3u8,网络源,,2.232,未分组,h264,1280x720,25.0,有音频,0.625
å¹¿å·æ–°é—»,https://tencentplay.gztv.com/live/xinwen.m3u8?txSecret=4c09e8c2d093bcb692e036ae54ff87c7&txTime=1903e37cd8a,网络源,,4.556,未分组,h264,1280x720,25.0,有音频,0.0
[BD]tastemade australia,https://stream1.freetv.fun/tastemade-australia-1.m3u8,网络源,https://epg.pw/media/,1.647,未分组,h264,1920x1080,30.0,有音频,0.3906
ä½›å±±ç»¼åˆ,https://stream1.freetv.fun/fo-shan-zong-he-23.ctv,网络源,,1.250,未分组,h264,1280x720,25.0,有音频,0.375
èµ£å·æ–°é—»,https://pili-live-hls-sjxgz2024.sobeylive.com/jxgz2024/396_q_live172526329228525.m3u8,网络源,,5.717,未分组,h264,1920x1080,25.0,有音频,0.4062
æ¹–å·æ–‡åŒ–å¨±ä¹,https://stream1.freetv.fun/hu-zhou-wen-hua-yu-le-4.m3u8,网络源,,3.075,未分组,h264,1280x720,29.97002997002997,有音频,0.3438
æ¾é˜³ç»¼åˆ,http://l.cztvcloud.com/channels/lantian/SXsongyang1/720p.m3u8?zzhed?,网络源,,3.166,未分组,h264,1920x1080,25.0,有音频,0.6094
æ·®å®‰æ–°é—»ç»¼åˆ,https://migu.188766.xyz/?migutoken=40ea9529646e28ac8544886310aa6ff0&id=%E6%B7%AE%E5%AE%89%E6%96%B0%E9%97%BB%E7%BB%BC%E5%90%88&type=yy,网络源,,3.018,未分组,h264,854x480,25.0,有音频,0.0
å¼ æ–ä¸ƒå½©ä¸¹éœ,https://gcalic.v.myalicdn.com/gc/zyqcdx01_1/index.m3u8,网络源,,3.897,未分组,h264,1280x720,25.0,有音频,0.8594
[BD]reshet 13 comedy,https://stream1.freetv.fun/reshet-13-comedy-1.m3u8,网络源,https://epg.pw/media/images/channel/2021/06/24/large/20210624003447280269_10.png,5.786,未分组,h264,,,有音频,0.7188
[BD]12 канал,https://stream1.freetv.fun/12-kanal-1.m3u8,网络源,https://epg.pw/media/uploads/tmp_logo/2014/05/30/20140530164557133957_14.png,5.525,未分组,h264,640x360,25.0,有音频,0.6094
DJèˆæ›²,https://vd2.bdstatic.com/mda-ncp5ggtppe1c0gw0/720p/h264_delogo/1648094099072851708/mda-ncp5ggtppe1c0gw0.mp4?v_from_s=hkapp-haokan-nanjing&auth_key=1648813542-0-0-b75fb95e3bd44e8af5cc964483db1b1a&bcevod_channel=searchbox_feed&pd=1&vt=1&cd=0&watermark=0&did=ced9e69a4f6154e91be590c1d5a488ab&logid=0942439256&vid=12262793352915624883&pt=0&appver=7.2.1.10&model=T7-5G10&osver=9&cr=2&abtest=peav_g52&sle=1&sl=2303&split=1993062&dt=0&nt=0&kpdl=1&h265_m=-1&klogid=0000000000000000&kapid=1&psp=1&psk=8&pif=0_0_0_0&qtfc=65535&qtut=0&stg=none#https://vd2.bdstatic.com/mda-nch73gktvfmgdrbd/sc/cae_h264_delogo/1647644537085447432/mda-nch73gktvfmgdrbd.mp4?v_from_s=hkapp-haokan-nanjing&auth_key=1648813542-0-0-4a2d27d50015d19f3ed5cf5fbc261f79&bcevod_channel=searchbox_feed&pd=1&vt=1&cd=0&watermark=0&did=ced9e69a4f6154e91be590c1d5a488ab&logid=0942439256&vid=4192073541598205553&pt=0&appver=7.2.1.10&model=T7-5G10&osver=9&cr=2&abtest=peav_g52&sle=1&sl=1420&split=1235330&dt=1&nt=0&pe=0&prerender=0&kpdl=1&h265_m=-1&klogid=c770aa16cadb579d&kapid=1&psp=1&psk=68&pif=0_0_0_0&qtfc=65535&qtut=0&stg=none,网络源,,0.388,未分组,h264,1280x720,25.0,有音频,0.0
[SD]mgm plus east,https://stream1.freetv.fun/mgm-plus-east-2.m3u8,网络源,https://epg.pw/media/img/logo/A_PLUS.PNG,1.350,未分组,h264,1280x720,25.0,有音频,0.5938
è±¡å±±æ–°é—»ç»¼åˆ,https://stream1.freetv.fun/xiang-shan-xin-wen-zong-he-2.m3u8,网络源,,2.193,未分组,h264,1920x1080,25.0,有音频,0.5625
[BD]24 канал tv,https://stream1.freetv.fun/24-kanal-tv-1.m3u8,网络源,https://epg.pw/media/images/channel/2021/11/13/large/20211113232147010060_64.png,4.240,未分组,h264,1920x1080,25.0,有音频,0.5
å¹¿å·ç«èµ›,http://8.138.7.223/tv/gzjs.m3u8,网络源,,4.204,未分组,h264,1280x720,25.0,有音频,0.4688
[BD]9x jalwa[geo-blocked],https://stream1.freetv.fun/9x-jalwa-1.m3u8,网络源,https://epg.pw/media/images/channel/2022/05/06/large/20220506163110188797_84.png,2.620,未分组,h264,1920x1080,25.0,有音频,0.4219
å“ˆå°”æ»¨ç”Ÿæ´»,https://stream1.freetv.fun/ha-er-bin-sheng-huo-8.m3u8,网络源,,6.195,未分组,h264,640x480,25.0,有音频,0.5781
äº‘å—ä¸½æ±Ÿå°è±¡å®æ™¯,https://gcalic.v.myalicdn.com/gc/hkylxs01_1/index.m3u8,网络源,,3.951,未分组,h264,1920x1080,25.0,有音频,0.3594
å¤ªè°·æ–°é—»ç»¼åˆ,https://stream1.freetv.fun/tai-gu-xin-wen-zong-he-2.m3u8,网络源,,3.501,未分组,h264,1920x1080,25.0,有音频,0.8125
[HD]fifa plus germany[geo-blocked],https://stream1.freetv.fun/fifa-plus-germany-1.m3u8,网络源,https://epg.pw/media/img/logo/A_PLUS.PNG,3.090,未分组,h264,1280x720,29.97002997002997,有音频,0.2969
ä¸Šè™æ–°å•†éƒ½,http://l.cztvcloud.com/channels/lantian/SXshangyu3/720p.m3u8?zzhed?,网络源,,2.334,未分组,h264,1920x1080,25.0,有音频,0.5156
å—äº¬å°‘å„¿,https://stream1.freetv.fun/nan-jing-shao-er-1.m3u8,网络源,,2.809,未分组,h264,1280x720,25.0,有音频,0.1875
å¹¿å·æ–°é—»,https://stream1.freetv.fun/yan-zhou-xin-wen-8.m3u8,网络源,,3.755,未分组,h264,1280x720,25.0,有音频,0.4062
å®‰å¾½å½±è§†é¢‘é“,https://ahlive.ahwanyun.cn/live/8534e69a9af14e41a362bcef71d7896f/hls.m3u8,网络源,,11.277,未分组,h264,1920x1080,25.0,有音频,0.5156
å¹¿å·ç»¼åˆ,https://stream1.freetv.fun/yan-zhou-zong-he-19.m3u8,网络源,,5.747,未分组,h264,1280x720,25.0,有音频,0.6719
é¾™æ¸¸æ–°é—»,http://l.cztvcloud.com/channels/lantian/SXlongyou1/720p.m3u8?,网络源,,2.419,未分组,h264,1280x720,25.0,有音频,0.4844
å˜‰å…´æ–‡åŒ–å½±è§†,https://stream1.freetv.fun/jia-xing-wen-hua-ying-shi-2.m3u8,网络源,,2.297,未分组,h264,1280x720,30.0,有音频,0.375
æ·®å®‰æ–°é—»ç»¼åˆ,https://migu.188766.xyz/?migutoken=afd17dd977f621a33a9a1e87ad24f5d7&id=%E6%B7%AE%E5%AE%89%E6%96%B0%E9%97%BB%E7%BB%BC%E5%90%88&type=yy,网络源,,0.700,未分组,h264,1920x1080,28.0,有音频,0.0
å¹¿å·ç«èµ›,https://stream1.freetv.fun/yan-zhou-jing-sai-8.ctv,网络源,,1.125,未分组,h264,1280x720,25.0,有音频,0.4688
å¹³æ¹–æ–°é—»,http://l.cztvcloud.com/channels/lantian/SXpinghu1/720p.m3u8?zzhed?,网络源,,2.396,未分组,h264,1280x720,25.0,有音频,0.2969
æµ·å®ç”Ÿæ´»æœåŠ¡,https://stream1.freetv.fun/hai-zhu-sheng-huo-fu-wu-1.m3u8,网络源,,2.909,未分组,h264,1280x720,25.0,有音频,0.6719
é¾™æ¸¸æ–°é—»,http://l.cztvcloud.com/channels/lantian/SXlongyou1/720p.m3u8,网络源,,2.280,未分组,h264,1280x720,25.0,有音频,0.4688
DJç‰ˆã€Šèœœé›ªå†°åŸã€‹,https://vd3.bdstatic.com/mda-mhbae2pwwxhyxjcz/1080p/cae_h264/1628767594518574030/mda-mhbae2pwwxhyxjcz.mp4,网络源,,0.381,未分组,h264,1280x720,25.0,有音频,0.0
ç»å…´æ–°é—»,https://stream1.freetv.fun/shao-xing-xin-wen-2.m3u8,网络源,,2.470,未分组,h264,720x576,25.0,有音频,0.4062
[BD]viju plus megahit,https://stream1.freetv.fun/viju-plus-megahit-2.m3u8,网络源,https://epg.pw/media/img/logo/A_PLUS.PNG,2.084,未分组,h264,1920x1080,25.0,有音频,0.3438
[VGA]9xm,https://stream1.freetv.fun/9xm-1.m3u8,网络源,https://epg.pw/media/images/channel/2022/05/06/large/20220506164541022982_17.png,1.693,未分组,h264,640x360,25.0,有音频,0.4219
è¾½å®éƒ½å¸‚,http://sh.lnott.top:880/dx20.m3u8,网络源,,5.041,未分组,h264,1920x1080,25.0,有音频,0.5625
æµ™æ±Ÿå›½é™…,https://stream1.freetv.fun/zhe-jiang-guo-ji-12.m3u8,网络源,,2.723,未分组,h264,1280x720,25.0,有音频,0.4844
æµ™æ±Ÿæ°‘ç”Ÿä¼‘é—²,http://ali-m-l.cztv.com/channels/lantian/channel006/1080p.m3u8,网络源,,2.220,未分组,h264,1920x1080,25.0,有音频,0.6406
ä½›å±±å…¬å…±,https://stream1.freetv.fun/fo-shan-gong-gong-17.ctv,网络源,,7.359,未分组,h264,1920x1080,25.0,有音频,0.4062
äº‘å—ä¸½æ±Ÿç‰é¾™é›ªå±±,https://gcalic.v.myalicdn.com/gc/ylxs11_1/index.m3u8,网络源,,3.558,未分组,h264,1280x720,25.0,有音频,0.5781
ã€Šçˆ±ä½ åˆ°æœ€åä¸€åˆ»ã€‹,https://vd3.bdstatic.com/mda-mhr9c7q9xzgy1812/1080p/cae_h264/1630062648077583523/mda-mhr9c7q9xzgy1812.mp4,网络源,,0.444,未分组,h264,1280x720,25.0,有音频,0.0
æµ™æ±Ÿæ–°é—»,https://stream1.freetv.fun/zhe-jiang-xin-wen-2.m3u8,网络源,,4.159,未分组,h264,854x480,25.0,有音频,0.3125
è‹å·æ–°é—»ç»¼åˆ,https://live-auth.51kandianshi.com/szgd/csztv1.m3u8,网络源,,3.313,未分组,h264,1920x1080,25.0,有音频,0.5156
ç»å…´æ–°é—»ç»¼åˆ,http://live.shaoxing.com.cn/video/s10001-sxhb/index.m3u8,网络源,,1.858,未分组,h264,1280x720,25.0,有音频,0.4219
èä¹¡å…¬å…±,https://stream1.freetv.fun/ping-xiang-gong-gong-2.m3u8,网络源,,1.417,未分组,h264,1280x720,25.0,有音频,0.0
æµ·å®æ–°é—»ç»¼åˆ,https://stream1.freetv.fun/hai-zhu-xin-wen-zong-he-6.m3u8,网络源,,3.623,未分组,h264,1280x720,25.0,有音频,0.5312
èµ£å·å…¬å…±,https://pili-live-hls-sjxgz2024.sobeylive.com/jxgz2024/396_q_live172526334096251.m3u8,网络源,,5.608,未分组,h264,1920x1080,25.0,有音频,0.6562
[HD]fifa plus italy[geo-blocked],https://stream1.freetv.fun/fifa-plus-italy-1.m3u8,网络源,https://epg.pw/media/img/logo/A_PLUS.PNG,2.384,未分组,h264,1280x720,29.97002997002997,有音频,0.5781
é™•è¥¿éƒ½å¸‚é’æ˜¥,https://migu.188766.xyz/?migutoken=32d35320c24cbc5556bf6dbf328dc5fd&id=%E9%99%95%E8%A5%BF%E9%83%BD%E5%B8%82%E9%9D%92%E6%98%A5%E9%A2%91%E9%81%93&type=yy,网络源,,0.662,未分组,h264,1920x1080,28.0,有音频,0.0
å¤ªè°·æ–°é—»ç»¼åˆ,https://stream1.freetv.fun/tai-gu-xin-wen-zong-he-3.m3u8,网络源,,3.097,未分组,h264,1920x1080,25.0,有音频,0.6875
æ¹–å—å¼ å®¶ç•Œå°†å†›åˆ—é˜Ÿ,https://gcalic.v.myalicdn.com/gc/zjjjjdl_1/index.m3u8,网络源,,3.865,未分组,h264,1280x720,25.0,有音频,0.4688
[BD]33 канал,https://stream1.freetv.fun/33-kanal-2.m3u8,网络源,https://epg.pw/media/images/channel/2022/05/06/large/20220506174819530509_49.png,2.752,未分组,h264,1920x1080,25.0,有音频,0.6094
[HD]hell's kitchen,https://stream1.freetv.fun/hell-s-kitchen-6.m3u8,网络源,https://epg.pw/media/uploads/tmp_logo/2015/02/13/20150213031809681089_50.jpg,4.472,未分组,h264,426x240,30.0,有音频,0.6875
æ±Ÿè‹-å¾å·äº‘é¾™æ¹–è§‚æ™¯å°è¥¿,https://gcalic.v.myalicdn.com/gc/ylh04_1/index.m3u8?contentid=2820180516001,网络源,,4.064,未分组,h264,1920x1080,25.0,有音频,0.9219
[HD]in the kitchen,https://stream1.freetv.fun/in-the-kitchen-1.m3u8,网络源,https://epg.pw/media/uploads/tmp_logo/2015/02/13/20150213031809681089_50.jpg,1.409,未分组,h264,640x360,30.0,有音频,0.5625
å“ˆå°”æ»¨å½±è§†,https://stream1.freetv.fun/ha-er-bin-ying-shi-2.m3u8,网络源,,5.483,未分组,h264,640x480,25.0,有音频,0.8438
å®‰å¾½ç»¼è‰ºä½“è‚²,http://112.27.235.94:8000/hls/25/index.m3u8,网络源,,2.579,未分组,h264,1920x1080,25.0,有音频,0.0
å±±ä¸œé½é²,http://61.156.228.12:8154/tsfile/live/1001_1.m3u8,网络源,,2.598,未分组,h264,1920x1080,25.0,有音频,0.2344
ç»å…´å…¬å…±,http://live.shaoxing.com.cn/video/s10001-sxtv2/index.m3u8,网络源,,2.201,未分组,h264,1280x720,30.0,有音频,0.3906
æº§æ°´æ–°é—»ç»¼åˆ,https://migu.188766.xyz/?migutoken=ca860a6e4d3d088319bdb9ad4e9cec60&id=%E6%BA%A7%E6%B0%B4%E6%96%B0%E9%97%BB%E7%BB%BC%E5%90%88&type=yy,网络源,,0.703,未分组,h264,1920x1080,28.0,有音频,0.0
å¹¿ä¸œæ°‘ç”Ÿ,https://stream1.freetv.fun/yan-dong-min-sheng-34.ctv,网络源,,1.252,未分组,h264,1280x720,25.0,有音频,0.0
å¹¿å·ç»¼åˆ,https://stream1.freetv.fun/yan-zhou-zong-he-5.ctv,网络源,,6.077,未分组,h264,1280x720,25.0,有音频,0.3438
ä½›å±±ç»¼åˆ,https://stream1.freetv.fun/fo-shan-zong-he-20.ctv,网络源,,2.525,未分组,h264,1920x1080,25.0,有音频,0.4375
[SD]5 канал,https://stream1.freetv.fun/5-kanal-1.m3u8,网络源,https://epg.pw/media/images/channel/2022/05/06/large/20220506174819530509_49.png,2.040,未分组,h264,720x576,50.0,有音频,0.4062
æ¹–å·æ–‡åŒ–å¨±ä¹,https://stream1.freetv.fun/hu-zhou-wen-hua-yu-le-3.m3u8,网络源,,3.338,未分组,h264,1280x720,29.97002997002997,有音频,0.4688
djèˆæ›²è‹±é›„æ³ª,https://vd3.bdstatic.com/mda-mkt45tnypacz3smk/sc/cae_h264/1638069225501294830/mda-mkt45tnypacz3smk.mp4,网络源,,0.514,未分组,h264,1280x720,25.0,有音频,0.0
ç»å…´å…¬å…±,http://live.shaoxing.com.cn/video/s10001-sxtv2/index.m3u8?,网络源,,1.825,未分组,h264,1280x720,30.0,有音频,0.375
å¹³æ¹–æ–°é—»,http://l.cztvcloud.com/channels/lantian/SXpinghu1/720p.m3u8,网络源,,2.189,未分组,h264,1280x720,25.0,有音频,0.4844
djèˆæ›²å¥³äººç‰ˆ,https://vd3.bdstatic.com/mda-mkp88kxv6r8y73k9/sc/cae_h264/1637733263867775329/mda-mkp88kxv6r8y73k9.mp4,网络源,,0.440,未分组,h264,1280x720,25.0,有音频,0.0
æ–°ç–†ï½œå·´éŸ³éƒ­æ¥å·,http://file.loulannews.cn/nmip-media/channellive/channel101476/playlist.m3u8,网络源,,4.400,未分组,h264,1920x1080,25.0,有音频,0.4219
ç»å…´æ–°é—»ç»¼åˆ,http://live.shaoxing.com.cn/video/s10001-sxhb/index.m3u8?zzhed#http://live.shaoxing.com.cn/video/s10001-sxtv1/index.m3u8?zzhed,网络源,,2.104,未分组,h264,1280x720,25.0,有音频,0.3125
æ–°ç–†ï½œå·´éŸ³éƒ­æ¥å·,http://file.loulannews.cn/nmip-media/channellive/channel104199/playlist.m3u8,网络源,,4.239,未分组,h264,1920x1080,25.0,有音频,0.4375
æ¸ å¿æ–°é—»ç»¼åˆ,http://183.222.248.153:81/hls/cfp2p8m3.m3u8,网络源,,3.080,未分组,h264,1280x720,25.0,有音频,0.7031
æ¹–å·å…¬å…±,https://stream1.freetv.fun/hu-zhou-gong-gong-10.m3u8,网络源,,3.036,未分组,h264,1280x720,25.0,有音频,0.6875
æ–°ç–†ï½œå·´éŸ³éƒ­æ¥å·,http://file.loulannews.cn/nmip-media/channellive/channel102433/playlist.m3u8,网络源,,3.731,未分组,h264,1920x1080,25.0,有音频,0.5312
ç»å…´æ–°é—»ç»¼åˆ,http://live.shaoxing.com.cn/video/s10001-sxtv1/index.m3u8?zzhed,网络源,,2.284,未分组,h264,720x576,25.0,有音频,0.5469
é’å²›å´‚å±±åŒç¦,https://gcalic.v.myalicdn.com/gc/qdls03_1/index.m3u8,网络源,,3.905,未分组,h264,1280x720,25.0,有音频,0.4531
æµ™æ±Ÿå›½é™…,https://stream1.freetv.fun/zhe-jiang-guo-ji-1.m3u8,网络源,,4.254,未分组,h264,1920x1080,25.0,有音频,0.6094
å˜‰å…´æ–°é—»ç»¼åˆ,http://tvfile.jyrmt.cn:80/nmip-media/channellive/channel104452/playlist.m3u8,网络源,,6.977,未分组,h264,1920x1080,25.0,有音频,0.625
æµ™æ±Ÿæ–°é—»,https://stream1.freetv.fun/zhe-jiang-xin-wen-10.m3u8,网络源,,3.018,未分组,h264,1280x720,25.0,有音频,0.2344
å¹¿ä¸œæ°‘ç”Ÿ,https://stream1.freetv.fun/yan-dong-min-sheng-22.m3u8,网络源,,7.891,未分组,h264,1920x1080,50.0,有音频,0.0
æ¡¦ç”¸ç»¼åˆ,http://stream10.jlntv.cn/huadian/sd/live.m3u8,网络源,,2.281,未分组,h264,720x576,25.0,有音频,0.6562
äº”å°ç»¼åˆ,https://568slnjf.live.sxmty.com/live/hls/90c8b2efeb164cc0a6c2409eed668d6b/f77cbb89ec57435b9ba4c47589c16e4f-1.m3u8?zshanxd,网络源,,5.680,未分组,h264,1024x576,30.0,有音频,0.8281
è´µå·çœå…´ä¹‰å¸‚ä¸‡å³°æ—,https://gcalic.v.myalicdn.com/gc/xywfl_1/index.m3u8,网络源,,3.688,未分组,h264,1280x720,25.0,有音频,0.4531
è‹å·ç¤¾ä¼šç»æµ,https://live-auth.51kandianshi.com/szgd/csztv2.m3u8,网络源,,2.452,未分组,h264,1920x1080,25.0,有音频,0.75
å¹¿å…ƒç»¼åˆ,https://m3u8.channel.dzsm.com/nmip-media/channellive/channel100999/playlist.m3u8,网络源,,6.013,未分组,h264,1280x720,25.0,有音频,0.6094
æµ™æ±Ÿç”Ÿæ´»,http://ali-m-l.cztv.com/channels/lantian/channel003/1080p.m3u8,网络源,,2.342,未分组,h264,1920x1080,25.0,有音频,0.3906
é»„èŠ±åŸæ°´é•¿åŸ02,https://gcalic.v.myalicdn.com/gc/wgw02_1/index.m3u8,网络源,,3.980,未分组,h264,1920x1080,25.0,有音频,0.25
å¹¿å·æ–°é—»,http://tencentplay.gztv.com/live/xinwen.m3u8?txSecret=d2c2db0b598c02ec1b5623728434d367&txTime=18d57929bd3,网络源,,4.322,未分组,h264,1280x720,25.0,有音频,0.4688
[SD]in the kitchen,https://stream1.freetv.fun/in-the-kitchen-2.m3u8,网络源,https://epg.pw/media/uploads/tmp_logo/2015/02/13/20150213031809681089_50.jpg,1.124,未分组,h264,640x360,30.0,有音频,0.5625
[SD]walla ! plus,https://stream1.freetv.fun/walla---plus-2.m3u8,网络源,https://epg.pw/media/img/logo/A_PLUS.PNG,2.301,未分组,h264,896x504,25.0,有音频,0.9062
DJèˆæ›²ã€Šè®©æˆ‘åšä½ çš„çœ¼ç›ã€‹,https://vd2.bdstatic.com/mda-mhaargrart2qrkdz/1080p/cae_h264/1629630942996744682/mda-mhaargrart2qrkdz.mp4,网络源,,0.450,未分组,h264,1280x720,25.0,有音频,0.0
å®‰å¾½ç»æµç”Ÿæ´»,https://ahlive.ahwanyun.cn/live/5c6207583a334b048f77dddf370bd840/hls.m3u8,网络源,,5.822,未分组,h264,1920x1080,25.0,有音频,0.3906
æµ™æ±Ÿæ–°é—»,http://ali-m-l.cztv.com/channels/lantian/channel007/720p.m3u8,网络源,,2.337,未分组,h264,1280x720,25.0,有音频,0.5625
ä¸½æ±Ÿå¤åŸå¤§ç ”èŠ±å··è§‚æ™¯,https://gcalic.v.myalicdn.com/gc/ljgcdyhxgjt_1/index.m3u8,网络源,,3.971,未分组,h264,1920x1080,25.0,有音频,0.2344
äº‘å—ä¸½æ±Ÿè“æœˆè°·,https://gcalic.v.myalicdn.com/gc/ylxs12_1/index.m3u8,网络源,,3.592,未分组,h264,1280x720,25.0,有音频,0.9375
æµ™æ±Ÿå›½é™…,https://ali-m-l.cztv.com/channels/lantian/channel010/1080p.m3u8?,网络源,,3.845,未分组,h264,1920x1080,25.0,有音频,0.5
å¹¿å·ç»¼åˆ,https://stream1.freetv.fun/yan-zhou-zong-he-30.ctv,网络源,,1.261,未分组,h264,1280x720,25.0,有音频,0.0
è¡¢æ±Ÿæ–°é—»ç»¼åˆ,https://stream1.freetv.fun/qu-jiang-xin-wen-zong-he-5.m3u8,网络源,,2.792,未分组,h264,1920x1080,25.0,有音频,0.6562
å—å®å…¬å…±,https://hls.nntv.cn/nnlive/GGPD_24.m3u8,网络源,,7.370,未分组,h264,1280x720,25.0,有音频,0.375
å‡¤å‡°å¤åŸå—åå±±,https://gcalic.v.myalicdn.com/gc/fhgcdnhs_1/index.m3u8,网络源,,4.159,未分组,h264,1920x1080,25.0,有音频,0.6094
é‡‘åæ–°é—»ç»¼åˆ,https://stream1.freetv.fun/jin-hua-xin-wen-zong-he-1.m3u8,网络源,,2.691,未分组,h264,1920x1080,25.0,有音频,0.6406
[HD]fresh news,https://stream1.freetv.fun/fresh-news-1.m3u8,网络源,https://epg.pw/media/images/channel/2022/05/06/large/20220506174911048523_97.png,3.436,未分组,h264,1280x720,50.0,有音频,0.25
å†…è’™å†œç‰§,https://stream1.freetv.fun/nei-meng-gu-nong-mu-2.m3u8,网络源,,8.270,未分组,h264,1920x1080,25.0,有音频,0.5
ä½›å±±ç»¼åˆ,https://stream1.freetv.fun/fo-shan-zong-he-19.ctv,网络源,,2.314,未分组,h264,,25.0,有音频,0.5156
å±±ä¸œä½“è‚²,http://61.156.228.12:8154/tsfile/live/1006_1.m3u8,网络源,,12.387,未分组,h264,1920x1080,25.0,有音频,0.4844
ä¹Œé•‡å…¨æ™¯,https://gcalic.v.myalicdn.com/gc/zjwzblt_1/index.m3u8,网络源,,4.278,未分组,h264,1920x1080,25.0,有音频,0.2188
æµå—éƒ½å¸‚,https://stream1.freetv.fun/ji-nan-du-shi-1.m3u8,网络源,,12.734,未分组,h264,720x576,50.0,有音频,0.4375
[BD]red plus,https://stream1.freetv.fun/red-plus-2.m3u8,网络源,https://epg.pw/media/img/logo/A_PLUS.PNG,8.128,未分组,h264,1920x1080,29.97002997002997,有音频,0.5469
å‡‰å±±æ–°é—»ç»¼åˆ,https://stream1.freetv.fun/liang-shan-xin-wen-zong-he-2.m3u8,网络源,,3.467,未分组,h264,720x404,25.0,有音频,0.3438
[BD]33 канал,https://stream1.freetv.fun/33-kanal-1.m3u8,网络源,https://epg.pw/media/images/channel/2022/05/06/large/20220506174819530509_49.png,2.621,未分组,h264,1920x1080,25.0,有音频,0.5156
æµ™æ±Ÿå›½é™…,http://ali-m-l.cztv.com/channels/lantian/channel010/1080p.m3u8,网络源,,2.523,未分组,h264,1920x1080,25.0,有音频,0.5781
å“ˆå°”æ»¨å½±è§†,https://stream1.freetv.fun/ha-er-bin-ying-shi-4.m3u8,网络源,,6.874,未分组,h264,640x480,25.0,有音频,0.5156
æ³°å±±å¤ªå¹³å²­,https://gcalic.v.myalicdn.com/gc/hkts09_1/index.m3u8,网络源,,3.643,未分组,h264,1280x720,25.0,有音频,0.4844
é»„èŠ±åŸæ°´é•¿åŸ03,https://gcalic.v.myalicdn.com/gc/wgw03_1/index.m3u8,网络源,,3.860,未分组,h264,1920x1080,25.0,有音频,0.5938
æ²³åŒ—å†œæ°‘,https://stream1.freetv.fun/he-bei-nong-min-17.m3u8,网络源,,4.931,未分组,h264,1280x720,30.0,有音频,0.2969
è‹å·ç”Ÿæ´»èµ„è®¯,https://live-auth.51kandianshi.com/szgd/csztv5.m3u8,网络源,,3.909,未分组,h264,1280x720,25.0,有音频,0.2656
æ¾é˜³ç»¼åˆ,https://stream1.freetv.fun/song-yang-xin-wen-zong-he-1.m3u8,网络源,,3.646,未分组,h264,1920x1080,25.0,有音频,0.5781
[HD]hell's kitchen,https://stream1.freetv.fun/hell-s-kitchen-3.m3u8,网络源,https://epg.pw/media/uploads/tmp_logo/2015/02/13/20150213031809681089_50.jpg,3.938,未分组,h264,426x240,30.0,有音频,0.4844
æ²³åŒ—éƒ½å¸‚,http://8.138.7.223/tv/heb.php?id=00032,网络源,,5.555,未分组,h264,960x540,25.0,有音频,0.375
é™•è¥¿éƒ½å¸‚é’æ˜¥,https://migu.188766.xyz/?migutoken=4b7eef2a727971b98c5f919d0e7d57b1&id=%E9%99%95%E8%A5%BF%E9%83%BD%E5%B8%82%E9%9D%92%E6%98%A5%E9%A2%91%E9%81%93&type=yy,网络源,,4.212,未分组,h264,1280x720,25.0,有音频,0.0
æµ™æ±Ÿ-æ™®é™€å±±,https://gcalic.v.myalicdn.com/gc/pts01_1/index.m3u8?contentid=2820180516001,网络源,,4.084,未分组,h264,1920x1080,25.0,有音频,0.6875
æ–°ç–†å¤©å±±(å®šæµ·ç¥é’ˆ),http://gctxyc.liveplay.myqcloud.com/gc/xjtcdhsz_1/index.m3u8,网络源,,4.462,未分组,h264,1920x1080,25.0,有音频,0.3906
äº‘å’Œæ–°é—»,http://l.cztvcloud.com/channels/lantian/SXyunhe1/720p.m3u8?,网络源,,2.381,未分组,h264,1280x720,25.0,有音频,0.2969
[SD]illusion plus,https://stream1.freetv.fun/illusion-plus-1.m3u8,网络源,https://epg.pw/media/img/logo/A_PLUS.PNG,5.248,未分组,h264,720x576,50.0,有音频,0.5156
[BD]dw russian,https://stream1.freetv.fun/dw-russian-1.m3u8,网络源,https://epg.pw/media/uploads/tmp_logo/2014/05/23/20140523214300181944_19.jpg,5.565,未分组,h264,1920x1080,50.0,有音频,0.5938
å—å®æ–°é—»ç»¼åˆ,https://hls.nntv.cn/nnlive/XWZH_24.m3u8,网络源,,6.501,未分组,h264,1280x720,25.0,有音频,0.6719
äº”åç»¼åˆ,http://p2hs.vzan.com/slowlive/621139761151691240/live.m3u8,网络源,,1.786,未分组,h264,1920x1080,30.0,有音频,0.5469
æµ™æ±Ÿ-ä¹Œé•‡é¾™å½¢ç”°,https://gcalic.v.myalicdn.com/gc/zjwzlxt_1/index.m3u8?contentid=2820180516001,网络源,,3.586,未分组,h264,1280x720,25.0,有音频,0.3281
é™•è¥¿éƒ½å¸‚é’æ˜¥,http://112.46.105.20:8009/hls/19/index.m3u8,网络源,,1.926,未分组,h264,720x576,50.0,有音频,0.5156
ç»å…´æ–‡åŒ–,http://live.shaoxing.com.cn/video/s10001-sxtv3/index.m3u8?zzhed?,网络源,,2.086,未分组,h264,1280x720,25.0,有音频,0.6094
é»„èŠ±åŸæ°´é•¿åŸ02,http://gctxyc.liveplay.myqcloud.com/gc/wgw02_1/index.m3u8,网络源,,4.926,未分组,h264,1920x1080,25.0,有音频,0.3125
æµ™æ±Ÿå›½é™…,https://stream1.freetv.fun/zhe-jiang-guo-ji-11.m3u8,网络源,,3.644,未分组,h264,854x480,25.0,有音频,0.4844
è¡¢æ±Ÿæ–°é—»,http://l.cztvcloud.com/channels/lantian/SXqujiang1/720p.m3u8?zzhed?,网络源,,2.403,未分组,h264,1920x1080,25.0,有音频,0.5312
é™•è¥¿ä½“è‚²ä¼‘é—²,http://112.46.105.20:8009/hls/24/index.m3u8,网络源,,2.387,未分组,h264,720x576,50.0,有音频,0.5625
æµ™æ±Ÿé’±æ±Ÿ,http://ali-m-l.cztv.com/channels/lantian/channel002/1080p.m3u8,网络源,,2.172,未分组,h264,1920x1080,25.0,有音频,0.3438
é»‘é¾™æ±Ÿæ–°é—»æ³•æ²»,https://stream1.freetv.fun/hei-long-jiang-xin-wen-fa-zhi-10.m3u8,网络源,,6.097,未分组,mpeg2video,720x576,25.0,有音频,0.6719
é‚¢å°ç»¼åˆ,https://stream1.freetv.fun/xing-tai-zong-he-10.m3u8,网络源,,4.955,未分组,h264,1280x720,30.0,有音频,0.5156
é¹¿æ³‰ä¸€å¥—,http://8.138.7.223/tv/heb.php?id=2002,网络源,,4.242,未分组,h264,1280x720,25.0,有音频,0.7344
æ³°å±±ç‰çš‡é¡¶,https://gcalic.v.myalicdn.com/gc/taishan06_1/index.m3u8,网络源,,4.108,未分组,h264,1920x1080,25.0,有音频,0.9219
é–æ±Ÿæ–°é—»ç»¼åˆ,http://visit.jjbctv.com:1935/live/xwzhmb/playlist.m3u8?zjiangsd#http://visit.jjbctv.com:1935/live/xwzhpc/playlist.m3u8?zjiangsd,网络源,,4.469,未分组,h264,1280x720,25.0,有音频,0.0
[BD]hell's kitchen italy,https://stream1.freetv.fun/hell-s-kitchen-italy-1.m3u8,网络源,https://epg.pw/media/uploads/tmp_logo/2015/02/13/20150213031809681089_50.jpg,3.386,未分组,h264,1920x1080,25.0,有音频,0.6875
åŒ—äº¬æ–°é—»,https://migu.188766.xyz/?migutoken=21e0f39e3bf68c362b5134d45e4df31d&id=%E5%8C%97%E4%BA%AC%E6%96%B0%E9%97%BB&type=yy,网络源,,0.647,未分组,h264,1920x1080,28.0,有音频,0.0
æ—ºè‹æ–°é—»ç»¼åˆ,http://channel.wcrmt.cn:80/nmip-media/channellive/channel105268/playlist.m3u8,网络源,,2.299,未分组,h264,1920x1080,,有音频,0.5625
[VGA]cj onstyle plus,https://stream1.freetv.fun/cj-onstyle-plus-1.m3u8,网络源,https://epg.pw/media/img/logo/A_PLUS.PNG,6.182,未分组,h264,720x400,,有音频,0.5469
å››å·ç§‘æ•™,http://182.150.115.21:8030/pcgacg/pcgacg_0.m3u8,网络源,,2.945,未分组,h264,1920x1080,25.0,有音频,0.5781
æ²³åŒ—ï½œé‚¯éƒ¸å…¬å…±,https://jwcdnqx.hebyun.com.cn/live/hdgg/1500k/tzwj_video.m3u8?zhebd,网络源,,3.504,未分组,h264,1920x1080,25.0,有音频,0.4688
å¹¿ä¸œç æ±Ÿ,http://120.238.94.10:9901/tsfile/live/1009_1.m3u8,网络源,,7.225,未分组,h264,1920x1080,25.0,有音频,0.5
æµ™æ±Ÿæ°‘ç”Ÿä¼‘é—²,https://ali-m-l.cztv.com/channels/lantian/channel006/1080p.m3u8?,网络源,,4.260,未分组,h264,1920x1080,25.0,有音频,0.3906
é™•è¥¿éƒ½å¸‚é’æ˜¥,https://stream1.freetv.fun/shan-xi-du-shi-qing-chun-8.m3u8,网络源,,2.425,未分组,h264,720x576,50.0,有音频,0.4219
æ³°å±±ç¢§éœç¥,https://gcalic.v.myalicdn.com/gc/hkts03_1/index.m3u8,网络源,,3.698,未分组,h264,1280x720,25.0,有音频,0.625
é‚¯éƒ¸ç§‘æŠ€æ•™è‚²,http://8.138.7.223/tv/heb.php?id=0402,网络源,,2.299,未分组,h264,1920x1080,25.0,有音频,0.7812
ä½›å±±ç»¼åˆ,https://stream1.freetv.fun/fo-shan-zong-he-14.ctv,网络源,,1.269,未分组,h264,1280x720,25.0,有音频,0.0
æ¹–å·æ–°é—»ç»¼åˆ,https://stream1.freetv.fun/hu-zhou-xin-wen-zong-he-4.m3u8,网络源,,2.379,未分组,h264,1280x720,29.97002997002997,有音频,0.5938
[BD]us epix drive in,https://stream1.freetv.fun/us-epix-drive-in-1.ctv,网络源,https://epg.pw/media/images/channel/2021/06/24/large/20210624003447280269_10.png,1.234,未分组,h264,1920x1080,29.97002997002997,有音频,0.5781
ä¸Šè™æ–°é—»ç»¼åˆ,https://stream1.freetv.fun/shang-yu-xin-wen-zong-he-2.m3u8,网络源,,2.950,未分组,h264,1920x1080,25.0,有音频,0.5
éƒ½æ±Ÿå °é±¼å˜´,https://gcalic.v.myalicdn.com/gc/djyqyl1_1/index.m3u8,网络源,,3.448,未分组,h264,1280x720,25.0,有音频,0.3281
å¹¿å·ç»¼åˆ,https://stream1.freetv.fun/yan-zhou-zong-he-23.ctv,网络源,,1.118,未分组,h264,1280x720,25.0,有音频,0.5625
å‡‰å±±æ–°é—»ç»¼åˆ,https://stream1.freetv.fun/liang-shan-xin-wen-zong-he-4.m3u8,网络源,,3.394,未分组,h264,720x404,25.0,有音频,0.3438
å¹¿ä¸œæ°‘ç”Ÿ,https://mgev.188766.xyz/?migutoken=f7c4174d00cada3ae9684732fbfffe08&id=gd_gdms&type=sz,网络源,,11.153,未分组,h264,1280x720,25.0,有音频,0.0
æ³°å±±åå…«ç›˜,https://gcalic.v.myalicdn.com/gc/taishan05_1/index.m3u8,网络源,,4.088,未分组,h264,1920x1080,25.0,有音频,0.3125
æ²³åŒ—ï½œé‚¯éƒ¸ç§‘æ•™,https://jwcdnqx.hebyun.com.cn/live/hdkj/1500k/tzwj_video.m3u8?zhebd,网络源,,3.729,未分组,h264,1920x1080,25.0,有音频,0.5781
æµ™æ±Ÿ-ä¹Œé•‡è¥¿å¸‚æ²³,https://gcalic.v.myalicdn.com/gc/zjwzbblh_1/index.m3u8?contentid=2820180516001,网络源,,3.738,未分组,h264,1280x720,25.0,有音频,0.8281
é•¿å®ç»¼åˆ,http://cnpull.sccnfb.com/live/123456.m3u8?zsicd,网络源,,3.552,未分组,h264,1920x1080,30.0,有音频,0.5781
[HD]kitchen battles,https://stream1.freetv.fun/kitchen-battles-1.m3u8,网络源,https://epg.pw/media/uploads/tmp_logo/2015/02/13/20150213031809681089_50.jpg,2.284,未分组,h264,426x240,30.0,有音频,0.6562
[HD]cctv-5 plus,https://stream1.freetv.fun/cctv-5-plus-10.ctv,网络源,https://epg.pw/media/uploads/tmp_logo/2017/03/09/20170309022754069464_75.jpg,5.663,未分组,h264,1280x720,25.0,有音频,0.4375
è¡¢æ±Ÿæ–°é—»,http://l.cztvcloud.com/channels/lantian/SXqujiang1/720p.m3u8,网络源,,2.422,未分组,h264,1920x1080,25.0,有音频,0.3281
æ²³åŒ—å†œæ°‘,https://stream1.freetv.fun/he-bei-nong-min-5.m3u8,网络源,,4.324,未分组,h264,1280x720,30.0,有音频,0.5469
é¹¿æ³‰ä¸€å¥—,https://jwcdnqx.hebyun.com.cn/live/luquanyi/1500k/tzwj_video.m3u8?zhebd,网络源,,3.997,未分组,h264,1280x720,25.0,有音频,0.4688
å¹¿ä¸œæ°‘ç”Ÿ,https://stream1.freetv.fun/yan-dong-min-sheng-15.ctv,网络源,,1.152,未分组,h264,1280x720,25.0,有音频,0.5469
æµ™æ±Ÿ-ä¹Œé•‡å…¨æ™¯,https://gcalic.v.myalicdn.com/gc/zjwzblt_1/index.m3u8?contentid=2820180516001,网络源,,4.185,未分组,h264,1920x1080,25.0,有音频,0.2188
é‚¢å°ç»¼åˆ,http://8.138.7.223/tv/heb.php?id=0501,网络源,,3.392,未分组,h264,1920x1080,30.0,有音频,0.5625
å¹¿å·ç»¼åˆ,https://stream1.freetv.fun/yan-zhou-zong-he-26.ctv,网络源,,1.304,未分组,h264,1280x720,25.0,有音频,0.5156
å“ˆå°”æ»¨æ–°é—»ç»¼åˆ,https://stream1.freetv.fun/ha-er-bin-xin-wen-zong-he-3.m3u8,网络源,,3.179,未分组,h264,640x480,25.0,有音频,0.7031
é™•è¥¿æ´‹å¿å›½å®æœ±é¹®02,https://gcalic.v.myalicdn.com/gc/zh02_1/index.m3u8,网络源,,3.594,未分组,h264,1280x720,25.0,有音频,0.9375
å‡‰å±±æ–°é—»ç»¼åˆ,http://file.yizu.tv/nmip-media/channellive/channel106606/playlist.m3u8,网络源,,2.960,未分组,h264,720x404,25.0,有音频,0.3438
æµ™æ±Ÿæ°‘ç”Ÿä¼‘é—²,https://stream1.freetv.fun/zhe-jiang-min-sheng-4.m3u8,网络源,,4.007,未分组,h264,640x360,25.0,有音频,0.2656
ä½›å±±å…¬å…±,https://stream1.freetv.fun/fo-shan-gong-gong-16.ctv,网络源,,1.272,未分组,h264,1280x720,25.0,有音频,0.7188
è£æ˜Œç»¼åˆ,http://183.64.181.25:40023/rongchang01.m3u8?zzhongqd,网络源,,2.273,未分组,h264,720x404,25.0,有音频,0.4375
å‡‰å±±è¯­,http://file.yizu.tv/nmip-media/channellive/channel107323/playlist.m3u8?zsicd,网络源,,2.659,未分组,h264,720x404,25.0,有音频,0.4531
è¾‰å—æ–°é—»ç»¼åˆ,https://stream1.freetv.fun/hui-nan-xin-wen-zong-he-2.m3u8,网络源,,2.374,未分组,h264,720x576,25.0,有音频,0.625
å“ˆå°”æ»¨å½±è§†,https://stream1.freetv.fun/ha-er-bin-ying-shi-6.m3u8,网络源,,6.037,未分组,h264,640x480,25.0,有音频,0.625
æ–°ç–†å¤©å±±(å®šæµ·ç¥é’ˆ),https://gcalic.v.myalicdn.com/gc/xjtcdhsz_1/index.m3u8,网络源,,4.190,未分组,h264,1920x1080,25.0,有音频,0.4062
[SD]99tv,https://stream1.freetv.fun/99tv-1.m3u8,网络源,https://epg.pw/media/images/channel/2021/11/13/large/20211113231451135104_32.png,9.839,未分组,h264,424x240,25.0,有音频,0.6094
å‡‰å±±æ–°é—»ç»¼åˆ,http://file.yizu.tv/nmip-media/channellive/channel106606/playlist.m3u8#http://file.yizu.tv/nmip-media/channellive/channel106606/playlist.m3u8?zsicd#http://m3u8.channel.i0834.cn/nmpi-media/channellive/channel114103/playlist.m3u8#http://m3u8.channel.i0834.cn/nmpi-media/channellive/channel114103/playlist.m3u8?zsicd,网络源,,3.134,未分组,h264,720x404,25.0,有音频,0.3438
æº§æ°´æ–°é—»ç»¼åˆ,https://migu.188766.xyz/?migutoken=3c07276dc51a10829ee6d5678e4b8ffe&id=%E6%BA%A7%E6%B0%B4%E6%96%B0%E9%97%BB%E7%BB%BC%E5%90%88&type=yy,网络源,,3.612,未分组,h264,1280x720,25.0,有音频,0.0
è¯¸æš¨æ–°é—»,http://l.cztvcloud.com/channels/lantian/SXzhuji3/720p.m3u8?zzhed?,网络源,,2.195,未分组,h264,1920x1080,50.0,有音频,0.5
[BD]tv 2000[geo-blocked],https://stream1.freetv.fun/tv-2000-1.m3u8,网络源,https://epg.pw/media/uploads/tmp_logo/2014/05/23/20140523221018784133_33.jpg,4.606,未分组,h264,416x234,25.0,有音频,0.3906
æ¶ªé™µç”µè§†å°,http://183.64.215.48:1002/1.m3u8,网络源,,3.423,未分组,h264,1920x1080,,有音频,0.4531
æ¹–å·æ–°é—»ç»¼åˆ,https://stream1.freetv.fun/hu-zhou-xin-wen-zong-he-3.m3u8,网络源,,2.720,未分组,h264,1280x720,29.97002997002997,有音频,0.4844
å‡‰å±±æ–°é—»ç»¼åˆ,http://file.yizu.tv/nmip-media/channellive/channel106606/playlist.m3u8?zsicd,网络源,,2.326,未分组,h264,720x404,25.0,有音频,0.3438
é™•è¥¿æ–°é—»èµ„è®¯,https://migu.188766.xyz/?migutoken=29347ed1222086c2af343ef0a587a2d7&id=%E9%99%95%E8%A5%BF%E6%96%B0%E9%97%BB%E8%B5%84%E8%AE%AF%E9%A2%91%E9%81%93&type=yy,网络源,,3.402,未分组,h264,1280x720,25.0,有音频,0.0
[SD]beverly hills 90210,https://stream1.freetv.fun/beverly-hills-90210-1.m3u8,网络源,https://epg.pw/media/uploads/tmp_logo/2014/09/12/20140912075308514714_92.jpg,2.455,未分组,h264,426x240,30.0,有音频,0.5781
[BD]big time plus,https://stream1.freetv.fun/big-time-plus-1.m3u8,网络源,https://epg.pw/media/img/logo/A_PLUS.PNG,11.290,未分组,h264,1280x720,25.0,有音频,0.5469
ä¸‰æ˜æ–°é—»ç»¼åˆ,http://fjnhdb.chinashadt.com:2036/live/stream:nh2.stream/playlist.m3u8?zfud,网络源,,4.956,未分组,h264,720x576,25.0,有音频,0.7344
é‚¢å°ç»¼åˆ,https://stream1.freetv.fun/xing-tai-zong-he-17.m3u8,网络源,,4.171,未分组,h264,1920x1080,30.0,有音频,0.5
è§å±±ç”Ÿæ´»,http://l.cztvcloud.com/channels/lantian/SXxiaoshan2/720p.m3u8?zzhed?,网络源,,2.293,未分组,h264,1280x720,25.0,有音频,0.5938
æµ™æ±Ÿæ–°é—»,http://ali-m-l.cztv.com/channels/lantian/channel007/1080p.m3u8,网络源,,2.211,未分组,h264,1920x1080,25.0,有音频,0.3438
å‡‰å±±è¯­,http://file.yizu.tv/nmip-media/channellive/channel107323/playlist.m3u8,网络源,,2.862,未分组,h264,720x404,25.0,有音频,0.4531
äº‘å—å¤§ç†å´‡åœ£å¯ºä¸‰å¡”ä¸­æ™¯,https://gcalic.v.myalicdn.com/gc/dlst03_1/index.m3u8,网络源,,3.564,未分组,h264,1280x720,25.0,有音频,0.6406
å—äº¬æ•™ç§‘,https://migu.188766.xyz/?migutoken=1af07467e3f7f5ef2b9175c6ba68f47d&id=%E5%8D%97%E4%BA%AC%E6%95%99%E7%A7%91%E9%A2%91%E9%81%93&type=yy,网络源,,2.975,未分组,h264,854x480,25.0,有音频,0.0
æµ™æ±Ÿå›½é™…,https://stream1.freetv.fun/zhe-jiang-guo-ji-5.m3u8,网络源,,3.468,未分组,h264,640x360,25.0,有音频,0.5469
æ²³å—æ°‘ç”Ÿ,https://migu.188766.xyz/?migutoken=58e39e4d1fbbd1767358e11ee67513b2&id=%E6%B0%91%E7%94%9F%E9%A2%91%E9%81%93&type=yy,网络源,,0.652,未分组,h264,1920x1080,28.0,有音频,0.0
å¹¿å·æ–°é—»,https://tencentplaybusiness.gztv.com/live/xinwen.m3u8,网络源,,6.510,未分组,h264,1280x720,25.0,有音频,0.0
å‡‰å±±è¯­,http://file.yizu.tv/nmip-media/channellive/channel107323/playlist.m3u8?zsicd#http://m3u8.channel.i0834.cn/nmpi-media/channellive/channel115044/playlist.m3u8?zsicd,网络源,,2.401,未分组,h264,720x404,25.0,有音频,0.0
å¹¿å·æ–°é—»,https://stream1.freetv.fun/yan-zhou-xin-wen-18.ctv,网络源,,6.079,未分组,,,,无音频,0.6406
å››å·å³¨çœ‰å±±è¿œçœºè´¡å˜é›ªå±±,https://gcalic.v.myalicdn.com/gc/emsyh_1/index.m3u8,网络源,,3.775,未分组,h264,1280x720,25.0,有音频,0.8906
ç»å…´æ–°é—»,http://live.shaoxing.com.cn/video/s10001-sxtv1/index.m3u8?zzhed?,网络源,,1.805,未分组,h264,720x576,25.0,有音频,0.5312
[SD]3abn kids,https://stream1.freetv.fun/3abn-kids-1.m3u8,网络源,https://epg.pw/media/images/channel/2022/09/30/large/20220930173605576264_27.jpg,1.570,未分组,h264,640x360,29.97002997002997,有音频,0.5312
æµ™æ±Ÿæ°‘ç”Ÿä¼‘é—²,https://stream1.freetv.fun/zhe-jiang-min-sheng-xiu-xian-7.m3u8,网络源,,4.147,未分组,h264,854x480,25.0,有音频,0.4688
ä¸Šè™æ–°é—»ç»¼åˆ,https://stream1.freetv.fun/shang-yu-xin-wen-zong-he-5.m3u8,网络源,,2.759,未分组,h264,1920x1080,25.0,有音频,0.5
é™•è¥¿æ–°é—»èµ„è®¯,https://migu.188766.xyz/?migutoken=7d810dcf9aa2f0b0b056f4c41fefd78d&id=%E9%99%95%E8%A5%BF%E6%96%B0%E9%97%BB%E8%B5%84%E8%AE%AF%E9%A2%91%E9%81%93&type=yy,网络源,,0.783,未分组,h264,1920x1080,28.0,有音频,0.0
[BD]meltem tv,https://stream1.freetv.fun/meltem-tv-1.m3u8,网络源,https://epg.pw/media/images/channel/2021/06/24/large/20210624003447280269_10.png,4.179,未分组,h264,1920x1080,25.0,有音频,0.4219
äº‘å—å¤§ç†å´‡åœ£å¯ºä¸‰å¡”è¿œæ™¯,https://gcalic.v.myalicdn.com/gc/dlst01_1/index.m3u8,网络源,,3.748,未分组,h264,1280x720,25.0,有音频,0.5625
[BD]mgm plus marquee,https://stream1.freetv.fun/mgm-plus-marquee-1.m3u8,网络源,https://epg.pw/media/img/logo/A_PLUS.PNG,2.724,未分组,h264,1920x1080,29.97002997002997,有音频,0.7344
[BD]news malayalam 24x7[geo-blocked],https://stream1.freetv.fun/news-malayalam-24x7-1.m3u8,网络源,https://epg.pw/media/,2.618,未分组,h264,1920x1080,30.0,有音频,0.6406
å¹¿å·ç«èµ›,https://stream1.freetv.fun/yan-zhou-jing-sai-1.ctv,网络源,,8.159,未分组,h264,1920x1080,25.0,有音频,0.6094
å—å®å…¬å…±,https://stream1.freetv.fun/nan-zhu-gong-gong-3.m3u8,网络源,,8.077,未分组,h264,1280x720,25.0,有音频,0.5156
å“ˆå°”æ»¨æ–°é—»ç»¼åˆ,https://stream1.freetv.fun/ha-er-bin-xin-wen-zong-he-5.m3u8,网络源,,5.463,未分组,h264,640x480,25.0,有音频,0.5156
[HD]tv9 telugu,https://stream1.freetv.fun/tv9-telugu-1.m3u8,网络源,https://epg.pw/media/images/channel/2021/11/13/large/20211113231451135104_32.png,4.439,未分组,h264,640x360,25.0,有音频,0.4688
è¯¸æš¨æ–°é—»,http://l.cztvcloud.com/channels/lantian/SXzhuji3/720p.m3u8,网络源,,1.969,未分组,h264,1920x1080,50.0,有音频,0.5156
å¹³å‡‰æ–°é—»ç»¼åˆ,https://stream1.freetv.fun/ping-liang-xin-wen-zong-he-2.m3u8,网络源,,6.703,未分组,h264,720x404,25.0,有音频,0.4219
å¹¿å®‰å…¬å…±,http://live1.gatv.com.cn:85/live/GGPD_ggpdzm.m3u8?zsicd,网络源,,7.281,未分组,h264,720x576,25.0,有音频,0.5938
å®‰å¾½æ± å·ä¹åå±±é£æ™¯åŒºèŠ±å°,https://gcalic.v.myalicdn.com/gc/jhs01_1/index.m3u8,网络源,,3.844,未分组,h264,1280x720,25.0,有音频,0.7188
å¹¿å®‰å…¬å…±,http://live1.gatv.com.cn:85/live/GGPD_ggpdzm.m3u8,网络源,,7.451,未分组,h264,720x576,25.0,有音频,0.375
ç²æ˜¥æ–°é—»ç»¼åˆ,http://stream8.jlntv.cn/hctv/sd/live.m3u8?zjild,网络源,,2.067,未分组,h264,720x576,25.0,有音频,0.5312
æ–‡å±±å·æ–°é—»ç»¼åˆ,http://tvdrs.wsrtv.com.cn:8100/channellive/ch1.flv?zyund,网络源,,2.441,未分组,h264,1920x1080,25.0,有音频,0.5781
å¹¿ä¸œç æ±Ÿ,https://stream1.freetv.fun/yan-dong-zhu-jiang-32.ctv,网络源,,1.122,未分组,h264,1280x720,25.0,有音频,0.7031
å®åŒ–ç”µè§†ä¸€å¥—,http://fjnhdb.chinashadt.com:2036/live/stream:nh1.stream/playlist.m3u8?fujian,网络源,,4.890,未分组,h264,720x576,25.0,有音频,0.4375
æµ™æ±Ÿ-ä¹Œé•‡è“å°èŠ±å¸ƒ,https://gcalic.v.myalicdn.com/gc/zjwzlyhb_1/index.m3u8?contentid=2820180516001,网络源,,3.605,未分组,h264,1280x720,25.0,有音频,0.2656
å—äº¬æ•™ç§‘,https://migu.188766.xyz/?migutoken=5d6b11af898bf43a2da128cde41691e3&id=%E5%8D%97%E4%BA%AC%E6%95%99%E7%A7%91%E9%A2%91%E9%81%93&type=yy,网络源,,0.727,未分组,h264,1920x1080,28.0,有音频,0.0
è¾‰å—æ–°é—»ç»¼åˆ,https://stream1.freetv.fun/hui-nan-xin-wen-zong-he-4.m3u8,网络源,,2.824,未分组,h264,720x576,25.0,有音频,0.5938
é‚¯éƒ¸å…¬å…±,http://8.138.7.223/tv/heb.php?id=0403,网络源,,2.769,未分组,h264,1920x1080,25.0,有音频,0.5781
æ¹–å·æ–°é—»ç»¼åˆ,https://stream1.freetv.fun/hu-zhou-xin-wen-zong-he-2.m3u8,网络源,,2.498,未分组,h264,1280x720,29.97002997002997,有音频,0.4375
å››å·å››å§‘å¨˜å±±éš†ç æª,https://gcalic.v.myalicdn.com/gc/sgns02_1/index.m3u8,网络源,,3.965,未分组,h264,1920x1080,25.0,有音频,0.5
å«æ±Ÿç»¼åˆ,http://8.138.7.223/tv/quklive.php?id=1,网络源,,3.088,未分组,h264,1920x1080,25.0,有音频,0.4219
æŸ³æ²³ç»¼åˆ,http://stream5.jlntv.cn/lh/sd/live.m3u8?zjild,网络源,,2.710,未分组,h264,720x576,25.0,有音频,0.4531
æ±Ÿè‹å¾å·äº‘é¾™æ¹–é£æ™¯åŒºäº‘é¾™å±±è§‚æ™¯å°è¥¿,https://gcalic.v.myalicdn.com/gc/ylh04_1/index.m3u8,网络源,,3.857,未分组,h264,1920x1080,25.0,有音频,0.8281
[SD]america's test kitchen,https://stream1.freetv.fun/america-s-test-kitchen-2.m3u8,网络源,https://epg.pw/media/uploads/tmp_logo/2015/02/13/20150213031809681089_50.jpg,1.594,未分组,h264,426x240,30.0,有音频,0.5156
å“ˆå°”æ»¨å½±è§†,https://stream1.freetv.fun/ha-er-bin-ying-shi-8.m3u8,网络源,,13.072,未分组,h264,640x480,25.0,有音频,0.6094
å¹¿ä¸œæ°‘ç”Ÿ,https://stream1.freetv.fun/yan-dong-min-sheng-17.ctv,网络源,,7.056,未分组,h264,1920x1080,25.0,有音频,0.5
é‚¢å°ç»¼åˆ,https://stream1.freetv.fun/xing-tai-zong-he-8.m3u8,网络源,,4.181,未分组,h264,1280x720,30.0,有音频,0.375
æµ™æ±Ÿå›½é™…,https://stream1.freetv.fun/zhe-jiang-guo-ji-6.m3u8,网络源,,2.292,未分组,h264,640x360,25.0,有音频,0.5312
è¾½å®ç»æµ,http://sh.lnott.top:880/dx26.m3u8,网络源,,3.635,未分组,h264,1920x1080,25.0,有音频,0.4531
äº‘å’Œæ–°é—»ç»¼åˆ,http://l.cztvcloud.com/channels/lantian/SXyunhe1/720p.m3u8?zzhed,网络源,,2.317,未分组,h264,1280x720,25.0,有音频,0.6562
å¾·æƒ ç»¼åˆ,http://stream11.jlntv.cn/dehuitv/sd/live.m3u8?zjild,网络源,,2.180,未分组,h264,720x576,25.0,有音频,0.3438
æµ™æ±Ÿç”Ÿæ´»,https://stream1.freetv.fun/zhe-jiang-jing-ji-sheng-huo-13.m3u8,网络源,,3.770,未分组,h264,854x480,25.0,有音频,0.5625
é¾™æ¸¸ç”Ÿæ´»å¨±ä¹,http://l.cztvcloud.com/channels/lantian/SXlongyou2/720p.m3u8?zzhed,网络源,,2.378,未分组,h264,1280x720,25.0,有音频,0.5625
å¹¿å·æ–°é—»,https://stream1.freetv.fun/yan-zhou-xin-wen-20.ctv,网络源,,1.290,未分组,h264,1280x720,25.0,有音频,0.0
æ­¦è¿›æ–°é—»é¢‘é“,https://live.wjyanghu.com/live/CH1.m3u8?zjiangsd,网络源,,5.990,未分组,h264,720x576,25.0,有音频,0.4688
[HD]revry news[geo-blocked],https://stream1.freetv.fun/revry-news-1.m3u8,网络源,https://epg.pw/media/uploads/tmp_logo/2015/04/20/20150420071750455994_44.jpg,2.045,未分组,h264,384x216,29.97002997002997,有音频,0.6562
[SD]сine plus legend,https://stream1.freetv.fun/sine-plus-legend-1.m3u8,网络源,https://epg.pw/media/img/logo/A_PLUS.PNG,2.595,未分组,h264,720x576,25.0,有音频,0.5312
[BD]hell's kitchen,https://stream1.freetv.fun/hell-s-kitchen-5.m3u8,网络源,https://epg.pw/media/uploads/tmp_logo/2015/02/13/20150213031809681089_50.jpg,3.844,未分组,h264,1920x1080,25.0,有音频,0.5156
æ­¦è¿›ç”Ÿæ´»é¢‘é“,https://live.wjyanghu.com/live/CH2.m3u8?zjiangsd,网络源,,5.284,未分组,h264,720x576,25.0,有音频,0.5938
ä½›å±±å…¬å…±,https://stream1.freetv.fun/fo-shan-gong-gong-3.ctv,网络源,,7.930,未分组,h264,1920x1080,25.0,有音频,0.0
é›…å®‰æ–°é—»ç»¼åˆ,https://play.yunxya.com/channellive/xinwen.m3u8,网络源,,6.425,未分组,h264,1920x1080,25.0,有音频,0.4531
æ²³å—æ°‘ç”Ÿ,https://migu.188766.xyz/?migutoken=95da92d146daa7eb9aae7434bb07908d&id=%E6%B0%91%E7%94%9F%E9%A2%91%E9%81%93&type=yy,网络源,,4.641,未分组,h264,1920x1080,25.0,有音频,0.0
ç»å…´æ–°é—»ç»¼åˆ,http://live.shaoxing.com.cn/video/s10001-sxhb/index.m3u8?zzhed,网络源,,1.911,未分组,h264,1280x720,25.0,有音频,0.375
å®‰å¾½é»Ÿå¿èŠ¦æ‘è¿œçœº,https://gcalic.v.myalicdn.com/gc/yxlcyt_1/index.m3u8,网络源,,3.622,未分组,h264,1280x720,25.0,有音频,0.5156
è¥¿å®æ–°é—»ç»¼åˆ,https://stream1.freetv.fun/xi-zhu-xin-wen-zong-he-4.ctv,网络源,,3.782,未分组,h264,1920x1080,25.0,有音频,0.7344
æµ™æ±Ÿç”Ÿæ´»,https://stream1.freetv.fun/zhe-jiang-jing-ji-sheng-huo-12.m3u8,网络源,,2.874,未分组,h264,1280x720,25.0,有音频,0.6406
DJç‰ˆã€ŠåŸè°…ä½ çš„è°ã€‹,https://vd4.bdstatic.com/mda-mhacxx5vhr2we882/1080p/cae_h264/1628673933350116053/mda-mhacxx5vhr2we882.mp4,网络源,,1.549,未分组,h264,1280x720,25.0,有音频,0.0
æµ™æ±Ÿæ•™ç§‘,https://stream1.freetv.fun/zhe-jiang-jiao-ke-2.m3u8,网络源,,2.744,未分组,h264,1920x1080,25.0,有音频,0.4688
DJæƒ…æ­Œã€Šçˆ±æƒ…è¿·äº†è·¯ã€‹,https://vd4.bdstatic.com/mda-mdbrb7fns70avrmt/1080p/cae_h264/1618222287/mda-mdbrb7fns70avrmt.mp4,网络源,,0.416,未分组,h264,1280x720,25.0,有音频,0.0
é–æ±Ÿæ–°é—»ç»¼åˆ,http://visit.jjbctv.com:1935/live/xwzhmb/playlist.m3u8?zjiangsd,网络源,,3.961,未分组,h264,1280x720,25.0,有音频,0.0
é•¿å®ç»¼åˆ,http://cnpull.sccnfb.com:80/live/123456.m3u8,网络源,,3.549,未分组,h264,1920x1080,30.0,有音频,0.5
å››å·å³¨çœ‰å±±äº‘æµ·æ—¥å‡º,https://gcalic.v.myalicdn.com/gc/emsarm_1/index.m3u8,网络源,,3.711,未分组,h264,1280x720,25.0,有音频,0.7344
äº‘æµ®ç»¼åˆ,https://livestream.oeeee.com/slive/28283.m3u8,网络源,,3.173,未分组,h264,720x404,25.0,有音频,0.6719
ç¼™äº‘ç»¼åˆ,http://l.cztvcloud.com/channels/lantian/SXjinyun1/720p.m3u8?zzhed?,网络源,,2.117,未分组,h264,1280x720,25.0,有音频,0.625
å—äº¬åå…«,https://migu.188766.xyz/?migutoken=945ae5ce1e1fd571aea150cde236643f&id=%E5%8D%97%E4%BA%AC%E5%8D%81%E5%85%AB%E9%A2%91%E9%81%93&type=yy,网络源,,3.364,未分组,h264,854x480,25.0,有音频,0.0
å¹³å‡‰æ–°é—»ç»¼åˆ,https://stream1.freetv.fun/ping-liang-xin-wen-zong-he-3.ctv,网络源,,2.019,未分组,h264,720x404,1e-06,有音频,0.5312
ç»å…´æ–‡åŒ–å½±é™¢,http://live.shaoxing.com.cn/video/s10001-sxtv3/index.m3u8?zzhed,网络源,,2.274,未分组,h264,1280x720,25.0,有音频,0.5469
ç”˜å­œç»¼åˆ,http://m3u8.channel.ganzitv.com/vms/videos/nmip-media/channellive/channel1/playlist.m3u8?zsicd,网络源,,8.274,未分组,h264,1280x720,25.0,有音频,0.4375
æ± å·æ–°é—»ç»¼åˆ,https://stream1.freetv.fun/chi-zhou-xin-wen-zong-he-9.ctv,网络源,,2.806,未分组,h264,1920x1080,25.0,有音频,0.6406
æ³°å±±ç™½äº‘äº­æ‚¬å´–,https://gcalic.v.myalicdn.com/gc/hkts02_1/index.m3u8,网络源,,3.955,未分组,h264,1280x720,25.0,有音频,0.5156
æµ™æ±Ÿæ°‘ç”Ÿä¼‘é—²,https://stream1.freetv.fun/zhe-jiang-min-sheng-11.m3u8,网络源,,4.689,未分组,h264,1920x1080,25.0,有音频,0.5
ä¸Šè™æ–°å•†éƒ½,https://stream1.freetv.fun/shang-yu-xin-shang-du-7.m3u8,网络源,,2.947,未分组,h264,1920x1080,25.0,有音频,0.5156
è‹å·æ–‡åŒ–ç”Ÿæ´»,https://live-auth.51kandianshi.com/szgd/csztv3.m3u8,网络源,,4.756,未分组,h264,1280x720,25.0,有音频,0.4531
å˜‰å…´æ–°é—»ç»¼åˆ,https://stream1.freetv.fun/jia-xing-xin-wen-zong-he-1.m3u8,网络源,,6.846,未分组,h264,1920x1080,25.0,有音频,0.4844
[BD]rt-doc,https://stream1.freetv.fun/rt-doc-1.m3u8,网络源,https://epg.pw/media/uploads/tmp_logo/2017/01/28/20170128054248168491_56.png,8.705,未分组,h264,640x360,25.0,有音频,0.6875
[BD]oneplanet hd,https://stream1.freetv.fun/oneplanet-1.ctv,网络源,https://epg.pw/media/images/channel/2021/06/24/large/20210624003447280269_10.png,5.772,未分组,h264,1920x1080,25.0,有音频,0.4688
æ­™å¿ç»¼åˆ,https://ahlive.ahwanyun.cn/live/09c5ad9fdb8a44fbaf152b03f8402589/hls.m3u8,网络源,,7.019,未分组,h264,1920x1080,30.0,有音频,0.5781
