频道名,地址,来源,图标,检测时间,分组,视频编码,分辨率,帧率,音频,相似度,是否假源,是否轮回,轮回相似度,轮回波动
CCTV-1,http://23.237.228.134/live5/CCTV1.m3u8,网络源,CCTV1.png,0.594,未分组,h264,1920x1080,25.0,有音频,0.5938,False,False,0.5182,0.0026
å®‰å¾½å«è§†,http://23.237.228.134/live8/anhui.m3u8,网络源,å®‰å¾½å«è§†.png,0.617,未分组,h264,1920x1080,25.0,有音频,0.5833,False,False,0.5573,0.0156
å±±è¥¿å«è§†,http://23.237.228.134/live8/shanxi.m3u8,网络源,å±±è¥¿å«è§†.png,0.661,未分组,h264,1920x1080,25.0,有音频,0.5208,False,False,0.5,0.0365
CCTV-5,http://38.75.136.137:98/gslb/dsdqbv/cctv5hd.m3u8?auth=test20251009,网络源,CCTV5.png,0.836,未分组,h264,1920x1080,25.0,有音频,0.5573,False,False,0.5182,0.0182
å¤©æ´¥å«è§†,http://23.237.228.134/live8/tianjing.m3u8,网络源,å¤©æ´¥å«è§†.png,0.184,未分组,h264,1920x1080,25.0,有音频,0.5833,False,False,0.6693,0.138
ä¸œå—å«è§†,http://23.237.228.134/live8/gansu.m3u8,网络源,ä¸œå—å«è§†.png,0.141,未分组,h264,1920x1080,25.0,有音频,0.5,False,False,0.5833,0.0156
å±±è¥¿å«è§†,http://38.75.136.137:98/gslb/dsdqpub/sxwshd.m3u8?auth=testpub,网络源,å±±è¥¿å«è§†.png,1.996,未分组,h264,720x576,25.0,有音频,0.5677,False,False,0.5911,0.0755
ç”˜è‚ƒå«è§†,http://38.75.136.137:98/gslb/dsdqpub/gswshd.m3u8?auth=testpub,网络源,ç”˜è‚ƒå«è§†.png,2.343,未分组,h264,1920x1080,25.0,有音频,0.5833,False,False,0.5625,0.0208
å®‰å¾½å«è§†,http://38.75.136.137:98/gslb/dsdqpub/ahwshd.m3u8?auth=testpub,网络源,å®‰å¾½å«è§†.png,2.773,未分组,h264,1920x1080,25.0,有音频,0.5521,False,False,0.5208,0.0052
CCTV-7,http://27.41.245.32:801/hls/7/index.m3u8,网络源,CCTV7.png,2.170,未分组,h264,1920x1080,50.0,有音频,0.6094,False,False,0.4974,0.0234
æ·±åœ³å«è§†,http://222.214.208.34:59901/tsfile/live/0126_1.m3u8,网络源,æ·±åœ³å«è§†.png,2.756,未分组,h264,1920x1080,25.0,有音频,0.4948,False,False,0.4583,0.0
å¹¿ä¸œæ–°é—»,http://116.77.33.98:44330/tsfile/live/1006_1.m3u8?key=txiptv&playlive=0&authid=0,网络源,å¹¿ä¸œæ–°é—».png,4.232,未分组,h264,720x576,50.0,有音频,0.5677,False,False,0.4714,0.013
æ±Ÿè‹å«è§†,http://69.30.246.194/live/jsws.m3u8,网络源,æ±Ÿè‹å«è§†.png,0.474,未分组,h264,1920x1080,25.0,有音频,0.5312,False,False,0.5391,0.0234
å››å·å«è§†,http://39.152.103.17:8089/tsfile/live/1044_1.m3u8,网络源,å››å·å«è§†.png,2.075,未分组,h264,1920x1080,25.0,有音频,0.5677,False,False,0.5729,0.0208
å¹¿å·ç»¼åˆ,https://tencentplay.gztv.com/live/zonghes.m3u8?txSecret=f0147ae6453a80f5989f382368b72aad&txTime=18d00acf487,网络源,å¹¿å·ç»¼åˆ.png,3.842,未分组,h264,1280x720,25.0,有音频,0.5208,False,False,0.4948,0.026
CCTV-15,http://23.237.228.134/live3/CCTV15.m3u8,网络源,CCTV15.png,0.161,未分组,h264,1920x1080,25.0,有音频,0.5677,False,False,0.5234,0.013
CCTV-14,http://38.75.136.137:98/gslb/dsdqpub/cctv14hd.m3u8?auth=testpub,网络源,CCTV14.png,0.457,未分组,h264,1280x720,25.0,有音频,0.5156,False,False,0.474,0.0156
ä¸œæ–¹å«è§†,http://38.75.136.137:98/gslb/dsdqpub/dfwshd.m3u8?auth=testpub,网络源,ä¸œæ–¹å«è§†.png,0.484,未分组,h264,1920x1080,25.0,有音频,0.5417,False,False,0.6042,0.0104
CCTV-2,http://23.237.228.134/live5/CCTV2.m3u8,网络源,CCTV2.png,0.159,未分组,h264,1920x1080,25.0,有音频,0.4635,False,False,0.5078,0.0026
æ¹–å—å«è§†,http://hlsal-ldvt.qing.mgtv.com/nn_live/nn_x64/Y2RuZXhfaWQ9YWxfaGxzX2xkdnQmZT02OTE0NjA0JnY9MSZpZD1ITldTWkdTVCZzPTcwN2RiYTc2YzJjNmJmMTQ4MmUyZGYzOWU2NWM3YWFi/HNWSZGST.m3u8,网络源,æ¹–å—å«è§†.png,2.704,未分组,hevc,3840x2160,25.0,有音频,0.7135,False,False,0.5208,0.0365
å‰æ—å«è§†,http://38.75.136.137:98/gslb/dsdqpub/jlwshd.m3u8?auth=testpub,网络源,å‰æ—å«è§†.png,0.486,未分组,h264,1920x1080,25.0,有音频,0.5625,False,False,0.5052,0.0
å¹¿ä¸œç æ±Ÿ,https://stream1.freetv.fun/yan-dong-zhu-jiang-18.ctv,网络源,å¹¿ä¸œç æ±Ÿ.png,3.683,未分组,h264,1920x1080,25.0,有音频,0.4688,False,False,0.5625,0.0
é£äº‘å‰§åœº,http://38.75.136.137:98/gslb/dsdqpub/fyjc.m3u8?auth=testpub,网络源,é£äº‘å‰§åœº.png,0.504,未分组,h264,1920x1080,25.0,有音频,0.5365,False,False,0.5781,0.0312
CCTV-5,http://112.27.235.94:8000/hls/5/index.m3u8,网络源,CCTV5.png,1.949,未分组,h264,1920x1080,50.0,有音频,0.5469,False,False,0.5729,0.026
æ¹–åŒ—å«è§†,http://112.27.235.94:8000/hls/41/index.m3u8,网络源,æ¹–åŒ—å«è§†.png,1.627,未分组,h264,1920x1080,50.0,有音频,0.5833,False,False,0.5052,0.0
CCTV-17,http://23.237.228.134/live3/CCTV17.m3u8,网络源,CCTV17.png,0.142,未分组,h264,1920x1080,25.0,有音频,0.5469,False,False,0.4583,0.0208
å¥³æ€§æ—¶å°š,http://39.152.103.17:8089/tsfile/live/1068_1.m3u8?key=txiptv&playlive=1&down=1,网络源,å¥³æ€§æ—¶å°š.png,1.881,未分组,h264,1920x1080,50.0,有音频,0.5208,False,False,0.5573,0.0208
师落6911044,https://live.ottiptv.cc/douyu/6911044,网络源,,4.993,未分组,h264,960x540,25.0,有音频,0.5,False,False,0.0,0.0
æ·±åœ³å«è§†,http://38.64.72.148:80/hls/modn/list/4007/playlist.m3u8,网络源,æ·±åœ³å«è§†.png,0.517,未分组,h264,720x480,29.97002997002997,有音频,0.6094,False,False,0.625,0.0208
å±±ä¸œå«è§†,http://112.27.235.94:8000/hls/34/index.m3u8,网络源,å±±ä¸œå«è§†.png,1.591,未分组,h264,1920x1080,50.0,有音频,0.5312,False,False,0.487,0.0547
CCTV-14,http://120.211.62.180:8000/hls/14/index.m3u8,网络源,CCTV14.png,1.614,未分组,h264,1920x1080,50.0,有音频,0.0,False,False,0.0,0.0
æ²³åŒ—å«è§†,http://event.pull.hebtv.com/jishi/weishi_tingyun.m3u8,网络源,æ²³åŒ—å«è§†.png,1.801,未分组,h264,960x540,25.0,有音频,0.526,False,False,0.487,0.0078
å››å·å«è§†,http://111.61.236.247:9081/hls/35/index.m3u8,网络源,å››å·å«è§†.png,10.065,未分组,h264,1920x1080,50.0,有音频,0.5677,False,False,0.5521,0.0
åŒ—äº¬å«è§†,http://183.215.134.239:19901/tsfile/live/0122_1.m3u8?key=txiptv&playlive=1&authid=0,网络源,åŒ—äº¬å«è§†.png,2.809,未分组,h264,1920x1080,25.0,有音频,0.6042,False,False,0.5964,0.013
å¹¿ä¸œå«è§†,http://112.27.235.94:8000/hls/30/index.m3u8,网络源,å¹¿ä¸œå«è§†.png,10.502,未分组,mpeg2video,720x576,25.0,有音频,0.5833,False,False,0.5677,0.0208
å¹¿è¥¿å«è§†,http://60.16.0.216:5757/hls/45/index.m3u8,网络源,å¹¿è¥¿å«è§†.png,2.061,未分组,h264,1920x1080,50.0,有音频,0.474,False,False,0.0,0.0
CCTV-14,http://23.237.228.134/live3/CCTV14.m3u8,网络源,CCTV14.png,0.146,未分组,h264,1920x1080,25.0,有音频,0.5625,False,False,0.4818,0.0026
å‰æ—å«è§†,http://23.237.228.134/live8/jilin.m3u8,网络源,å‰æ—å«è§†.png,0.186,未分组,h264,1920x1080,25.0,有音频,0.5052,False,False,0.5208,0.0417
CCTV-9,http://112.27.235.94:8000/hls/10/index.m3u8,网络源,CCTV9.png,5.090,未分组,h264,1920x1080,50.0,有音频,0.5625,False,False,0.0,0.0
è¾½å®å«è§†,https://migu.188766.xyz/?migutoken=ef2f73363482bbffc93c1b693944303d&id=%E8%BE%BD%E5%AE%81%E5%8D%AB%E8%A7%86&type=yy,网络源,è¾½å®å«è§†.png,0.461,未分组,h264,1920x1080,28.0,有音频,1.0,False,False,0,0
CCTV-5+,http://120.238.94.82:9901/tsfile/live/1030_1.m3u8,网络源,CCTV5+.png,6.095,未分组,h264,1920x1080,50.0,有音频,0.5208,False,False,0.474,0.0
mn静静nm5668371,https://live.ottiptv.cc/douyu/5668371,网络源,,2.561,未分组,h264,960x540,25.0,有音频,0.4948,False,False,0.6224,0.013
è¥¿è—å«è§†,http://cssbyd.imwork.net:8082/hls/46/index.m3u8,网络源,è¥¿è—å«è§†.png,12.295,未分组,h264,1920x1080,50.0,有音频,0.5365,False,False,0.5052,0.0
CCTV-1,http://38.75.136.137:98/gslb/dsdqbv/cctv1hd.m3u8?auth=test20251009,网络源,CCTV1.png,0.265,未分组,h264,1920x1080,25.0,有音频,0.5104,False,False,0.5859,0.0234
ä¸œæ–¹å«è§†,http://69.30.246.194/live/dfws.m3u8,网络源,ä¸œæ–¹å«è§†.png,0.453,未分组,h264,1920x1080,25.0,有音频,0.5208,False,False,0.5156,0.0469
CCTV-9,http://153.0.171.163:9901/tsfile/live/1008_1.m3u8?key=txiptv&playlive=1&authid=0,网络源,CCTV9.png,6.545,未分组,h264,720x576,25.0,有音频,1.0,False,False,0,0
CCTV-2,http://38.75.136.137:98/gslb/dsdqbv/cctv2hd.m3u8?auth=test20251009,网络源,CCTV2.png,0.243,未分组,h264,1920x1080,25.0,有音频,0.5104,False,False,0.4401,0.0755
æ¹–åŒ—å«è§†,http://23.237.228.134/live6/hubei.m3u8,网络源,æ¹–åŒ—å«è§†.png,0.168,未分组,h264,1920x1080,25.0,有音频,0.5365,False,False,0.5104,0.0052
æ·±åœ³å«è§†,http://120.238.94.82:9901/tsfile/live/1065_1.m3u8,网络源,æ·±åœ³å«è§†.png,3.370,未分组,h264,1920x1080,50.0,有音频,0.4948,False,False,0.5938,0.0
é™•è¥¿å«è§†,http://117.36.76.86:9901/tsfile/live/0136_1.m3u8?key=txiptv&playlive=1&authid=0,网络源,é™•è¥¿å«è§†.png,4.973,未分组,h264,1920x1080,50.0,有音频,0.526,False,False,0.5182,0.0443
CCTV-6,https://migu.188766.xyz/?migutoken=f86bd047905dd1bc1610fcf80eda94cf&id=CCTV6&type=yy,网络源,CCTV6.png,0.460,未分组,h264,1920x1080,28.0,有音频,1.0,False,False,0,0
ä¸œæ–¹å«è§†,http://bp-resource-dfl.bestv.cn/155/3/video.m3u8,网络源,ä¸œæ–¹å«è§†.png,2.092,未分组,h264,1920x1080,25.0,有音频,0.4896,False,False,0.5156,0.099
CCTV-10,http://112.27.235.94:8000/hls/11/index.m3u8,网络源,CCTV10.png,10.142,未分组,h264,1920x1080,50.0,有音频,0.4896,False,False,0.5729,0.0052
å¹¿ä¸œç æ±Ÿ,http://120.238.94.10:9901/tsfile/live/1009_1.m3u8,网络源,å¹¿ä¸œç æ±Ÿ.png,5.541,未分组,h264,1920x1080,50.0,有音频,0.5052,False,False,0.5625,0.0
å¹¿ä¸œå«è§†,http://23.237.228.134/live6/guangdong.m3u8,网络源,å¹¿ä¸œå«è§†.png,0.142,未分组,h264,1920x1080,25.0,有音频,0.5312,False,False,0.4375,0.0104
æ·±åœ³å«è§†,http://111.61.236.247:9081/hls/38/index.m3u8,网络源,æ·±åœ³å«è§†.png,13.663,未分组,h264,1920x1080,25.0,有音频,0.0,False,False,0.0,0.0
CCTV-16,http://38.75.136.137:98/gslb/dsdqpub/cctv16hd.m3u8?auth=testpub,网络源,CCTV16.png,0.434,未分组,h264,1280x720,25.0,有音频,0.5781,False,False,0.4609,0.0234
é«˜å°”å¤«ç½‘çƒ,http://38.75.136.137:98/gslb/dsdqpub/gefwq.m3u8?auth=testpub,网络源,é«˜å°”å¤«ç½‘çƒ.png,0.494,未分组,h264,1920x1080,25.0,有音频,0.4948,False,False,0.4792,0.0
äº‘å—å«è§†,http://23.237.228.134/live8/yunnan.m3u8,网络源,äº‘å—å«è§†.png,0.147,未分组,h264,1920x1080,25.0,有音频,0.5156,False,False,0.4583,0.0104
æµ™æ±Ÿå«è§†,https://play-qukan.cztv.com/live/1746687519046362.m3u8,网络源,æµ™æ±Ÿå«è§†.png,3.877,未分组,h264,1920x1080,25.0,有音频,0.4583,False,False,0.5911,0.013
é‡åº†å«è§†,http://112.27.235.94:8000/hls/36/index.m3u8,网络源,é‡åº†å«è§†.png,1.752,未分组,h264,1920x1080,50.0,有音频,0.5417,False,False,0.0,0.0
ç”µè§†æŒ‡å—,http://38.75.136.137:98/gslb/dsdqpub/dszn.m3u8?auth=testpub,网络源,ç”µè§†æŒ‡å—.png,0.479,未分组,h264,1920x1080,25.0,有音频,0.5,False,False,0.5104,0.0573
å†…è’™å¤å«è§†,https://iptv.catvod.com/live.php?id=%E5%86%85%E8%92%99%E5%8F%A4%E5%8D%AB%E8%A7%86,网络源,å†…è’™å¤å«è§†.png,0.413,未分组,h264,1920x1080,30.0,有音频,0.5365,False,False,0.7865,0.2135
æ²³å—å«è§†,http://112.123.243.37:50085/tsfile/live/0121_1.m3u8,网络源,æ²³å—å«è§†.png,1.941,未分组,h264,720x576,25.0,有音频,0.5469,False,False,0.5938,0.0
CCTV-17,http://38.75.136.137:98/gslb/dsdqbv/cctv17hd.m3u8?auth=test20251009,网络源,CCTV17.png,0.238,未分组,h264,1920x1080,25.0,有音频,0.5625,False,False,0.4714,0.0286
æµ™æ±Ÿå«è§†,http://ali-xwl.cztv.com/live/channel011080Plxw.m3u8,网络源,æµ™æ±Ÿå«è§†.png,2.275,未分组,h264,1920x1080,25.0,有音频,0.5885,False,False,0.6172,0.0859
é»‘é¾™æ±Ÿå«è§†,http://112.27.235.94:8000/hls/48/index.m3u8,网络源,é»‘é¾™æ±Ÿå«è§†.png,2.364,未分组,h264,1920x1080,50.0,有音频,0.526,False,False,0.4844,0.0
å¹¿å·ç»¼åˆ,http://tencentplay.gztv.com/live/zonghes.m3u8?txSecret=c8dbe86d6f86eb1a21999ab479fd5667&txTime=18d3c4690e8,网络源,å¹¿å·ç»¼åˆ.png,4.839,未分组,h264,1280x720,25.0,有音频,0.5365,False,False,0.5677,0.0104
ä¸œæ–¹å«è§†,http://23.237.228.134/live6/dongnan.m3u8,网络源,ä¸œæ–¹å«è§†.png,0.648,未分组,h264,1920x1080,25.0,有音频,0.5729,False,False,0.4818,0.0651
å¤©æ´¥å«è§†,http://112.27.235.94:8000/hls/42/index.m3u8,网络源,å¤©æ´¥å«è§†.png,1.667,未分组,h264,1920x1080,50.0,有音频,0.5208,False,False,0.5547,0.0807
é‡åº†å«è§†,http://36.32.174.67:60080/newlive/live/hls/34/live.m3u8,网络源,é‡åº†å«è§†.png,10.580,未分组,h264,1920x1080,25.0,有音频,0.526,False,False,0.4922,0.0286
é£äº‘éŸ³ä¹,http://171.83.103.119:9999/rtp/239.69.1.90:10180,网络源,é£äº‘éŸ³ä¹.png,6.910,未分组,h264,1920x1080,25.0,有音频,0.5052,False,False,0.5339,0.013
äº‘å—å«è§†,https://iptv.catvod.com/live.php?id=%E4%BA%91%E5%8D%97%E5%8D%AB%E8%A7%86,网络源,äº‘å—å«è§†.png,0.383,未分组,h264,1920x1080,30.0,有音频,0.5156,False,False,0.7422,0.2578
å››å·å«è§†,http://60.16.0.216:5757/hls/30/index.m3u8,网络源,å››å·å«è§†.png,2.041,未分组,h264,1920x1080,50.0,有音频,0.4115,False,False,0.0,0.0
æ±Ÿè‹å«è§†,http://38.75.136.137:98/gslb/dsdqpub/jswshd.m3u8?auth=testpub,网络源,æ±Ÿè‹å«è§†.png,0.459,未分组,h264,1920x1080,25.0,有音频,0.5312,False,False,0.5182,0.0182
å¹¿å·ç»¼åˆ,http://r.jdshipin.com/snhya,网络源,å¹¿å·ç»¼åˆ.png,4.754,未分组,h264,1280x720,25.0,有音频,0.474,False,False,0.5391,0.0026
æ–°ç–†å«è§†,https://iptv.catvod.com/live.php?id=%E6%96%B0%E7%96%86%E5%8D%AB%E8%A7%86,网络源,æ–°ç–†å«è§†.png,0.367,未分组,h264,1920x1080,30.0,有音频,0.6354,False,False,0.8151,0.1849
CCTV-15,http://38.75.136.137:98/gslb/dsdqpub/cctv15hd.m3u8?auth=testpub,网络源,CCTV15.png,0.428,未分组,h264,1280x720,25.0,有音频,0.5156,False,False,0.4974,0.0234
æ±Ÿè¥¿å«è§†,http://23.237.228.134/live8/jiangxi.m3u8,网络源,æ±Ÿè¥¿å«è§†.png,0.140,未分组,h264,1920x1080,25.0,有音频,0.526,False,False,0.4974,0.0234
CCTV-16,http://69.30.246.194/live/cctv16.m3u8,网络源,CCTV16.png,0.450,未分组,h264,1920x1080,25.0,有音频,0.5469,False,False,0.5286,0.0182
ä¸œæ–¹å«è§†,http://36.32.174.67:60080/newlive/live/hls/24/live.m3u8,网络源,ä¸œæ–¹å«è§†.png,4.011,未分组,h264,1920x1080,50.0,有音频,0.5208,False,False,0.6224,0.1693
å±±ä¸œå«è§†,https://iptv.catvod.com/live.php?id=%E5%B1%B1%E4%B8%9C%E5%8D%AB%E8%A7%86,网络源,å±±ä¸œå«è§†.png,0.398,未分组,h264,1920x1080,30.0,有音频,0.5156,False,False,0.7682,0.2318
æ±Ÿè¥¿å«è§†,http://36.32.174.67:60080/newlive/live/hls/22/live.m3u8,网络源,æ±Ÿè¥¿å«è§†.png,4.003,未分组,h264,1920x1080,50.0,有音频,0.5729,False,False,0.513,0.0026
å¹¿å·ç»¼åˆ,http://r.jdshipin.com/iR6Gq,网络源,å¹¿å·ç»¼åˆ.png,4.002,未分组,h264,1280x720,25.0,有音频,0.5312,False,False,0.487,0.0339
æ¹–å—å«è§†,https://iptv.catvod.com/live.php?id=%E6%B9%96%E5%8D%97%E5%8D%AB%E8%A7%86,网络源,æ¹–å—å«è§†.png,0.397,未分组,h264,1920x1080,30.0,有音频,0.5156,False,False,0.7422,0.2578
CCTV-1,http://play.kankanlive.com/live/1698234869325962.m3u8,网络源,CCTV1.png,2.351,未分组,h264,800x600,25.0,有音频,0.6094,False,False,0.5,0.0156
CCTV-14,http://69.30.246.194/live/cctv14.m3u8,网络源,CCTV14.png,0.483,未分组,h264,1920x1080,25.0,有音频,0.5208,False,False,0.4531,0.0208
å†…è’™å¤å«è§†,http://23.237.228.134/live8/neimenggu.m3u8,网络源,å†…è’™å¤å«è§†.png,0.153,未分组,h264,1920x1080,25.0,有音频,0.5625,False,False,0.5391,0.0495
è¾½å®å«è§†,http://38.75.136.137:98/gslb/dsdqpub/lnwshd.m3u8?auth=testpub,网络源,è¾½å®å«è§†.png,0.459,未分组,h264,1920x1080,25.0,有音频,0.526,False,False,0.4974,0.0286
æ¹–åŒ—å«è§†,http://60.16.0.216:5757/hls/33/index.m3u8,网络源,æ¹–åŒ—å«è§†.png,3.642,未分组,h264,1920x1080,50.0,有音频,0.4896,False,False,0.0,0.0
è´µå·å«è§†,https://iptv.catvod.com/live.php?id=%E8%B4%B5%E5%B7%9E%E5%8D%AB%E8%A7%86,网络源,è´µå·å«è§†.png,0.385,未分组,h264,1920x1080,30.0,有音频,0.5417,False,False,0.7422,0.2578
ä¸œæ–¹å«è§†,http://38.75.136.137:98/gslb/dsdqbv/dfwshd.m3u8?auth=test20251009,网络源,ä¸œæ–¹å«è§†.png,0.229,未分组,h264,1920x1080,25.0,有音频,0.5104,False,False,0.5182,0.0339
ç¬¬ä¸€å‰§åœº,http://38.75.136.137:98/gslb/dsdqpub/dyjc.m3u8?auth=testpub,网络源,ç¬¬ä¸€å‰§åœº.png,0.526,未分组,h264,1920x1080,25.0,有音频,0.5677,False,False,0.5078,0.0495
CCTV-5,http://27.41.245.32:801/hls/5/index.m3u8,网络源,CCTV5.png,2.152,未分组,h264,1920x1080,50.0,有音频,0.5469,False,False,0.5703,0.0391
æ¹–å—å«è§†,http://hlsal-ldvt.qing.mgtv.com/nn_live/nn_x64/dWlwPTEyNy4wLjAuMSZ1aWQ9cWluZy1jbXMmbm5fdGltZXpvbmU9OCZjZG5leF9pZD1hbF9obHNfbGR2dCZ1dWlkPTliODY4NmU5ZTM2YzYwMmMmZT02OTE0NjA0JnY9MSZpZD1ITldTWkdTVCZzPTcwN2RiYTc2YzJjNmJmMTQ4MmUyZGYzOWU2NWM3YWFi/HNWSZGST.m3u8,网络源,æ¹–å—å«è§†.png,2.162,未分组,hevc,3840x2160,25.0,有音频,0.5573,False,False,0.5234,0.0078
CCTV-8,http://38.75.136.137:98/gslb/dsdqbv/cctv8hd.m3u8?auth=test20251009,网络源,CCTV8.png,0.247,未分组,h264,1920x1080,25.0,有音频,0.526,False,False,0.5391,0.0286
CCTV-16,http://38.75.136.137:98/gslb/dsdqbv/cctv16hd.m3u8?auth=test20251009,网络源,CCTV16.png,0.289,未分组,h264,1920x1080,25.0,有音频,0.5781,False,False,0.5286,0.0026
å¹¿ä¸œå«è§†,http://38.75.136.137:98/gslb/dsdqpub/gdwshd.m3u8?auth=testpub,网络源,å¹¿ä¸œå«è§†.png,1.127,未分组,h264,1920x1080,25.0,有音频,0.5573,False,False,0.5703,0.013
æ±Ÿè¥¿å«è§†,http://38.75.136.137:98/gslb/dsdqpub/jxwshd.m3u8?auth=testpub,网络源,æ±Ÿè¥¿å«è§†.png,0.485,未分组,h264,1920x1080,25.0,有音频,0.474,False,False,0.0,0.0
CCTV-1,http://hczn.x3322.net:9902/tsfile/live/0001_1.m3u8?key=txiptv&playlive=1&authid=0,网络源,CCTV1.png,2.417,未分组,h264,1920x1080,50.0,有音频,0.5156,False,False,0.5469,0.0
æµ·å—å«è§†,https://migu.188766.xyz/?migutoken=cd0c6fb6e692e4aef9aad148c42407bf&id=hn_hnws&type=sz,网络源,æµ·å—å«è§†.png,0.469,未分组,h264,1920x1080,28.0,有音频,1.0,False,False,0,0
CCTV-15,http://69.30.246.194/live/cctv15.m3u8,网络源,CCTV15.png,0.470,未分组,h264,1920x1080,25.0,有音频,0.5104,False,False,0.5208,0.0
粤语电影丶1226741,https://live.ottiptv.cc/douyu/1226741,网络源,,3.125,未分组,h264,960x540,25.0,有音频,0.5677,False,False,0.0,0.0
CCTV-14,http://124.116.183.146:9901/tsfile/live/0014_1.m3u8,网络源,CCTV14.png,4.548,未分组,h264,720x576,25.0,有音频,0.5,False,False,0.5339,0.0182
CCTV-14,http://38.75.136.137:98/gslb/dsdqbv/cctv14hd.m3u8?auth=test20251009,网络源,CCTV14.png,0.262,未分组,h264,1920x1080,25.0,有音频,0.526,False,False,0.4766,0.0234
è¾½å®å«è§†,http://23.237.228.134/live8/liaoning.m3u8,网络源,è¾½å®å«è§†.png,0.163,未分组,h264,1920x1080,25.0,有音频,0.5,False,False,0.5182,0.0651
ä¸œå—å«è§†,http://112.27.235.94:8000/hls/38/index.m3u8,网络源,ä¸œå—å«è§†.png,2.019,未分组,h264,1920x1080,50.0,有音频,0.5208,False,False,0.5417,0.0
å±±ä¸œå«è§†,http://38.75.136.137:98/gslb/dsdqpub/sdwshd.m3u8?auth=testpub,网络源,å±±ä¸œå«è§†.png,0.457,未分组,h264,1920x1080,25.0,有音频,0.5521,False,False,0.4505,0.0755
周星星,https://live.ottiptv.cc/huya/11342412,网络源,,2.072,未分组,h264,1920x1080,60.0,有音频,0.4896,False,False,0.6146,0.0
CCTV-2,http://27.41.245.32:801/hls/2/index.m3u8,网络源,CCTV2.png,2.016,未分组,h264,1920x1080,50.0,有音频,0.5729,False,False,0.5755,0.0234
ç”˜è‚ƒå«è§†,http://111.61.236.247:9081/hls/54/index.m3u8,网络源,ç”˜è‚ƒå«è§†.png,7.411,未分组,h264,1920x1080,50.0,有音频,0.5729,False,False,0.0,0.0
æ²³åŒ—å«è§†,http://112.27.235.94:8000/hls/39/index.m3u8,网络源,æ²³åŒ—å«è§†.png,1.486,未分组,h264,1920x1080,50.0,有音频,0.5833,False,False,0.4583,0.0312
CCTV-5,http://117.36.76.86:9901/tsfile/live/0005_1.m3u8?key=txiptv&playlive=1&authid=0,网络源,CCTV5.png,2.940,未分组,h264,1920x1080,50.0,有音频,0.6042,False,False,0.5,0.026
CCTV-15,http://38.75.136.137:98/gslb/dsdqbv/cctv15hd.m3u8?auth=test20251009,网络源,CCTV15.png,0.235,未分组,h264,1920x1080,25.0,有音频,0.5625,False,False,0.5443,0.0234
CCTV-6,http://38.75.136.137:98/gslb/dsdqpub/cctv6hd.m3u8?auth=testpub,网络源,CCTV6.png,0.431,未分组,h264,1280x720,25.0,有音频,0.5677,False,False,0.526,0.0469
CCTV-7,http://38.75.136.137:98/gslb/dsdqpub/cctv7hd.m3u8?auth=testpub,网络源,CCTV7.png,0.446,未分组,h264,1280x720,25.0,有音频,0.5417,False,False,0.5026,0.0547
CCTV-6,http://38.75.136.137:98/gslb/dsdqbv/cctv6hd.m3u8?auth=test20251009,网络源,CCTV6.png,0.267,未分组,h264,1920x1080,25.0,有音频,0.6146,False,False,0.4688,0.0104
CCTV-17,http://38.75.136.137:98/gslb/dsdqpub/cctv17hd.m3u8?auth=testpub,网络源,CCTV17.png,0.385,未分组,h264,1280x720,25.0,有音频,0.5469,False,False,0.5234,0.0286
CCTV-13,http://112.27.235.94:8000/hls/14/index.m3u8,网络源,CCTV13.png,1.558,未分组,h264,1920x1080,50.0,有音频,0.5417,False,False,0.5234,0.1016
å¤§æ¹¾åŒºå«è§†,http://goo.bkpcp.top/mg/dwqws,网络源,å¤§æ¹¾åŒºå«è§†.png,2.579,未分组,h264,854x480,25.0,有音频,0.5156,False,False,0.5417,0.0312
å¤©æ´¥å«è§†,http://60.16.0.216:5757/hls/34/index.m3u8,网络源,å¤©æ´¥å«è§†.png,2.028,未分组,h264,1920x1080,50.0,有音频,0.5,False,False,0.0,0.0
æ±Ÿè‹å«è§†,http://112.27.235.94:8000/hls/32/index.m3u8,网络源,æ±Ÿè‹å«è§†.png,2.119,未分组,h264,1920x1080,50.0,有音频,0.5208,False,False,0.0,0.0
æ¹–åŒ—å«è§†,http://120.238.94.10:9901/tsfile/live/1055_1.m3u8,网络源,æ¹–åŒ—å«è§†.png,10.192,未分组,h264,1920x1080,25.0,有音频,0.4896,False,False,0.4844,0.0208
CCTV-5+,http://cssbyd.imwork.net:8082/hls/6/index.m3u8,网络源,CCTV5+.png,8.403,未分组,h264,1920x1080,25.0,有音频,0.5208,False,False,0.5312,0.0
CCTV-7,http://23.237.228.134/live5/CCTV7.m3u8,网络源,CCTV7.png,0.166,未分组,h264,1920x1080,25.0,有音频,0.5521,False,False,0.4375,0.026
æ€€æ—§å‰§åœº,http://38.75.136.137:98/gslb/dsdqpub/hjjc.m3u8?auth=testpub,网络源,æ€€æ—§å‰§åœº.png,0.513,未分组,h264,1920x1080,25.0,有音频,0.5417,False,False,0.5208,0.0781
蕃薯粥粥煮好了11878141,https://live.ottiptv.cc/douyu/11878141,网络源,,3.481,未分组,h264,960x540,25.0,有音频,0.526,False,False,0.5625,0.0
å››å·å«è§†,http://112.27.235.94:8000/hls/35/index.m3u8,网络源,å››å·å«è§†.png,2.146,未分组,h264,1920x1080,50.0,有音频,0.5781,False,False,0.5885,0.0
æµ™æ±Ÿå«è§†,http://38.75.136.137:98/gslb/dsdqpub/zjwshd.m3u8?auth=testpub,网络源,æµ™æ±Ÿå«è§†.png,0.474,未分组,h264,1920x1080,25.0,有音频,0.5625,False,False,0.5938,0.026
æ²³åŒ—å«è§†,http://23.237.228.134/live8/hebei.m3u8,网络源,æ²³åŒ—å«è§†.png,0.137,未分组,h264,1920x1080,25.0,有音频,0.5,False,False,0.5104,0.026
CCTV-9,http://23.237.228.134/live5/CCTV9.m3u8,网络源,CCTV9.png,0.117,未分组,h264,1920x1080,25.0,有音频,0.4844,False,False,0.5182,0.0547
CCTV-5,http://112.132.10.54:9901/tsfile/live/0005_1.m3u8?key=txiptv&playlive=1&authid=0,网络源,CCTV5.png,2.168,未分组,mpeg2video,720x576,25.0,有音频,0.526,False,False,0.4479,0.0521
CCTV-9,http://120.238.94.10:9901/tsfile/live/1027_1.m3u8,网络源,CCTV9.png,15.620,未分组,h264,1920x1080,50.0,有音频,0.5781,False,False,0.4505,0.0078
å®‰å¾½å«è§†,http://112.27.235.94:8000/hls/26/index.m3u8,网络源,å®‰å¾½å«è§†.png,3.525,未分组,h264,1920x1080,25.0,有音频,0.5312,False,False,0.5156,0.0
CCTV-16,https://iptv.catvod.com/live.php?id=CCTV16,网络源,CCTV16.png,0.408,未分组,h264,1920x1080,30.0,有音频,0.5469,False,False,0.7448,0.2552
ä¸–ç•Œåœ°ç†,http://38.75.136.137:98/gslb/dsdqpub/sjdl.m3u8?auth=testpub,网络源,ä¸–ç•Œåœ°ç†.png,0.500,未分组,h264,1920x1080,25.0,有音频,0.5208,False,False,0.5234,0.0234
æ²³å—å«è§†,http://112.27.235.94:8000/hls/37/index.m3u8,网络源,æ²³å—å«è§†.png,1.491,未分组,h264,1920x1080,50.0,有音频,0.4844,False,False,0.4948,0.0
ä¸œå—å«è§†,http://36.32.174.67:60080/newlive/live/hls/33/live.m3u8,网络源,ä¸œå—å«è§†.png,6.342,未分组,h264,1920x1080,25.0,有音频,0.526,False,False,0.0,0.0
CCTV-11,http://38.75.136.137:98/gslb/dsdqbv/cctv11hd.m3u8?auth=test20251009,网络源,CCTV11.png,0.249,未分组,h264,1920x1080,25.0,有音频,0.5312,False,False,0.513,0.0339
CCTV-12,http://69.30.246.194/live/cctv12.m3u8,网络源,CCTV12.png,0.472,未分组,h264,1920x1080,25.0,有音频,0.526,False,False,0.651,0.1562
å¹¿å·ç«èµ›,http://8.138.7.223/tv/gzjs.m3u8,网络源,å¹¿å·ç«èµ›.png,4.351,未分组,h264,1280x720,25.0,有音频,0.5677,False,False,0.5234,0.0651
å¹¿ä¸œå«è§†,http://120.238.94.10:9901/tsfile/live/1008_1.m3u8,网络源,å¹¿ä¸œå«è§†.png,17.790,未分组,h264,1920x1080,50.0,有音频,0.5,False,False,0.5208,0.0
æµ™æ±Ÿå«è§†,http://23.237.228.134/live6/zhejiang.m3u8,网络源,æµ™æ±Ÿå«è§†.png,0.139,未分组,h264,1920x1080,25.0,有音频,0.5521,False,False,0.5286,0.013
æ¹–å—å«è§†,http://69.30.246.194/live/hnws.m3u8,网络源,æ¹–å—å«è§†.png,0.468,未分组,h264,1920x1080,25.0,有音频,0.5156,False,False,0.5312,0.0781
æ·±åœ³å«è§†,http://111.221.137.234:44330/tsfile/live/1013_1.m3u8?key=txiptv&playlive=0&authid=0,网络源,æ·±åœ³å«è§†.png,1.633,未分组,h264,1280x720,25.0,有音频,0.6146,False,False,0.5365,0.0625
å±±è¥¿å«è§†,http://60.16.0.216:5757/hls/39/index.m3u8,网络源,å±±è¥¿å«è§†.png,4.515,未分组,h264,1920x1080,50.0,有音频,0.0,False,False,0.0,0.0
CCTV-10,http://38.75.136.137:98/gslb/dsdqpub/cctv10hd.m3u8?auth=testpub,网络源,CCTV10.png,0.464,未分组,h264,1280x720,25.0,有音频,0.5781,False,False,0.5078,0.0078
æ±Ÿè‹å«è§†,http://27.41.245.32:801/hls/42/index.m3u8,网络源,æ±Ÿè‹å«è§†.png,2.146,未分组,h264,1920x1080,25.0,有音频,0.526,False,False,0.4557,0.0026
æµ™æ±Ÿå«è§†,http://69.30.246.194/live/zjws.m3u8,网络源,æµ™æ±Ÿå«è§†.png,0.440,未分组,h264,1920x1080,25.0,有音频,0.6146,False,False,0.6016,0.0443
äº‘å—å«è§†,http://112.27.235.94:8000/hls/40/index.m3u8,网络源,äº‘å—å«è§†.png,1.587,未分组,h264,1920x1080,50.0,有音频,0.5677,False,False,0.5156,0.0104
å±±è¥¿å«è§†,http://119.39.9.8:9901/tsfile/live/0118_1.m3u8,网络源,å±±è¥¿å«è§†.png,2.160,未分组,h264,1920x1080,25.0,有音频,0.5208,False,False,0.5156,0.0365
7喜先生,https://live.ottiptv.cc/huya/11342421,网络源,,10.396,未分组,,,,无音频,0.5052,False,False,0.4896,0.0
è´µå·å«è§†,http://cssbyd.imwork.net:8082/hls/39/index.m3u8,网络源,è´µå·å«è§†.png,9.156,未分组,h264,1920x1080,25.0,有音频,0.5365,False,False,0.5,0.0312
CCTV-3,http://117.36.76.86:9901/tsfile/live/0003_1.m3u8?key=txiptv&playlive=1&authid=0,网络源,CCTV3.png,4.346,未分组,h264,1920x1080,50.0,有音频,0.5156,False,False,0.5417,0.0052
CCTV-7,http://38.75.136.137:98/gslb/dsdqbv/cctv7hd.m3u8?auth=test20251009,网络源,CCTV7.png,0.246,未分组,h264,1920x1080,25.0,有音频,0.5521,False,False,0.4271,0.0312
CCTV-2,http://112.27.235.94:8000/hls/2/index.m3u8,网络源,CCTV2.png,1.275,未分组,h264,1920x1080,50.0,有音频,0.4844,False,False,0.5807,0.0391
CCTV-8,http://112.132.10.54:9901/tsfile/live/0008_1.m3u8?key=txiptv&playlive=1&authid=0,网络源,CCTV8.png,1.957,未分组,mpeg2video,720x576,25.0,有音频,0.5729,False,False,0.5,0.0521
CCTV-8,http://120.238.94.10:9901/tsfile/live/1026_1.m3u8,网络源,CCTV8.png,9.432,未分组,h264,1920x1080,50.0,有音频,0.5052,False,False,0.5104,0.0
å®å¤å«è§†,http://cssbyd.imwork.net:8082/hls/45/index.m3u8,网络源,å®å¤å«è§†.png,13.244,未分组,h264,1920x1080,50.0,有音频,0.4531,False,False,0.0,0.0
é™•è¥¿å«è§†,https://migu.188766.xyz/?migutoken=80536eb12a5ffef3fa57cf398d7a6a41&id=%E9%99%95%E8%A5%BF%E5%8D%AB%E8%A7%86&type=yy,网络源,é™•è¥¿å«è§†.png,0.458,未分组,h264,1920x1080,28.0,有音频,1.0,False,False,0,0
å†…è’™å¤å«è§†,http://60.16.0.216:5757/hls/41/index.m3u8,网络源,å†…è’™å¤å«è§†.png,2.012,未分组,h264,1920x1080,50.0,有音频,0.5104,False,False,0.0,0.0
æ–°ç–†å«è§†,http://goo.bkpcp.top/mg/xjws,网络源,æ–°ç–†å«è§†.png,6.138,未分组,h264,1280x720,25.0,有音频,0.5469,False,False,0.6042,0.1354
å…µå™¨ç§‘æŠ€,http://120.238.94.10:9901/tsfile/live/1096_1.m3u8,网络源,å…µå™¨ç§‘æŠ€.png,13.275,未分组,h264,1920x1080,50.0,有音频,0.5052,False,False,0.5104,0.0677
æ–°ç–†å«è§†,http://38.75.136.137:98/gslb/dsdqpub/xjws.m3u8?auth=testpub,网络源,æ–°ç–†å«è§†.png,0.444,未分组,h264,720x576,25.0,有音频,0.6198,False,False,0.5104,0.0156
é™•è¥¿å«è§†,http://23.237.228.134/live6/sichuan.m3u8,网络源,é™•è¥¿å«è§†.png,0.181,未分组,h264,1920x1080,25.0,有音频,0.5312,False,False,0.4974,0.0026
CCTV-5+,http://112.27.235.94:8000/hls/6/index.m3u8,网络源,CCTV5+.png,2.742,未分组,h264,1920x1080,50.0,有音频,0.5208,False,False,0.5156,0.0365
é£äº‘è¶³çƒ,http://38.75.136.137:98/gslb/dsdqpub/fyzq.m3u8?auth=testpub,网络源,é£äº‘è¶³çƒ.png,0.482,未分组,h264,1920x1080,25.0,有音频,0.6094,False,False,0.5469,0.0156
CCTV-11,http://69.30.246.194/live/cctv11.m3u8,网络源,CCTV11.png,0.466,未分组,h264,1920x1080,25.0,有音频,0.5521,False,False,0.5417,0.0521
CCTV-10,http://23.237.228.134/live5/CCTV10.m3u8,网络源,CCTV10.png,0.739,未分组,h264,1920x1080,25.0,有音频,0.526,False,False,0.4922,0.013
å®å¤å«è§†,http://38.75.136.137:98/gslb/dsdqpub/nxws.m3u8?auth=testpub,网络源,å®å¤å«è§†.png,0.458,未分组,h264,720x576,25.0,有音频,0.5104,False,False,0.4635,0.0
åŒ—äº¬å«è§†,http://38.75.136.137:98/gslb/dsdqpub/bjwshd.m3u8?auth=testpub,网络源,åŒ—äº¬å«è§†.png,0.496,未分组,h264,1920x1080,25.0,有音频,0.5104,False,False,0.4974,0.0182
æ±Ÿè‹å«è§†,http://60.16.0.216:5757/hls/24/index.m3u8,网络源,æ±Ÿè‹å«è§†.png,2.508,未分组,h264,1920x1080,50.0,有音频,0.4948,False,False,0.0,0.0
æ·±åœ³å«è§†,http://112.27.235.94:8000/hls/33/index.m3u8,网络源,æ·±åœ³å«è§†.png,2.862,未分组,h264,1920x1080,50.0,有音频,0.5833,False,False,0.4844,0.0312
å¹¿å·ç»¼åˆ,https://tencentplay.gztv.com/live/zonghes.m3u8?txSecret=e381ab098841a0badbf7e11f24143cf7&txTime=18e6ff43701,网络源,å¹¿å·ç»¼åˆ.png,4.633,未分组,h264,1280x720,25.0,有音频,0.5781,False,False,0.4557,0.0182
å››å·å«è§†,http://120.238.94.10:9901/tsfile/live/1058_1.m3u8,网络源,å››å·å«è§†.png,13.739,未分组,h264,1920x1080,50.0,有音频,0.5833,False,False,0.5573,0.0104
æ·±åœ³å«è§†,http://153.0.171.163:9901/tsfile/live/0126_1.m3u8?key=txiptv&playlive=1&authid=0,网络源,æ·±åœ³å«è§†.png,4.987,未分组,h264,720x576,25.0,有音频,0.5573,False,False,0.526,0.026
é‡åº†å«è§†,http://60.16.0.216:5757/hls/36/index.m3u8,网络源,é‡åº†å«è§†.png,6.518,未分组,h264,1920x1080,50.0,有音频,0.5104,False,False,0.0,0.0
æµ™æ±Ÿå«è§†,https://iptv.catvod.com/live.php?id=%E6%B5%99%E6%B1%9F%E5%8D%AB%E8%A7%86,网络源,æµ™æ±Ÿå«è§†.png,0.385,未分组,h264,1920x1080,30.0,有音频,0.5156,False,False,0.7943,0.2057
CCTV-9,http://38.75.136.137:98/gslb/dsdqbv/cctv9hd.m3u8?auth=test20251009,网络源,CCTV9.png,0.239,未分组,h264,1920x1080,25.0,有音频,0.5625,False,False,0.5599,0.0078
é£äº‘å‰§åœº,http://120.238.94.10:9901/tsfile/live/1090_1.m3u8,网络源,é£äº‘å‰§åœº.png,9.276,未分组,h264,1920x1080,50.0,有音频,0.5365,False,False,0.5495,0.0078
åŒ—äº¬å«è§†,http://38.75.136.137:98/gslb/dsdqbv/bjwshd.m3u8?auth=test20251009,网络源,åŒ—äº¬å«è§†.png,0.261,未分组,h264,1920x1080,25.0,有音频,0.5573,False,False,0.5339,0.013
é»‘é¾™æ±Ÿå«è§†,http://123.129.70.178:9901/tsfile/live/0143_1.m3u8,网络源,é»‘é¾™æ±Ÿå«è§†.png,5.813,未分组,h264,1920x1080,50.0,有音频,0.0,False,False,0.0,0.0
CCTV-13,http://38.75.136.137:98/gslb/dsdqbv/cctv13hd.m3u8?auth=test20251009,网络源,CCTV13.png,0.249,未分组,h264,1920x1080,25.0,有音频,0.6042,False,False,0.5104,0.0208
æ²³åŒ—å«è§†,http://120.211.62.180:8000/hls/19/index.m3u8,网络源,æ²³åŒ—å«è§†.png,7.635,未分组,h264,1920x1080,50.0,有音频,0.0,False,False,0.0,0.0
æ·±åœ³å«è§†,https://iptv.catvod.com/live.php?id=%E6%B7%B1%E5%9C%B3%E5%8D%AB%E8%A7%86,网络源,æ·±åœ³å«è§†.png,0.391,未分组,h264,1920x1080,30.0,有音频,0.5156,False,False,0.75,0.25
æ·±åœ³å«è§†,http://gfr.x3322.net:9901/tsfile/live/1095_1.m3u8,网络源,æ·±åœ³å«è§†.png,6.150,未分组,h264,1920x1080,25.0,有音频,1.0,False,False,0,0
ç”µè§†æŒ‡å—,http://171.83.103.119:9999/rtp/239.69.1.87:10162,网络源,ç”µè§†æŒ‡å—.png,1.545,未分组,h264,,25.0,有音频,0.4531,False,False,0.5833,0.0
è¾½å®å«è§†,http://39.152.103.17:8089/tsfile/live/1024_1.m3u8,网络源,è¾½å®å«è§†.png,1.884,未分组,h264,1920x1080,25.0,有音频,0.5469,False,False,0.487,0.0339
æ²³å—å«è§†,http://111.221.137.155:44330/tsfile/live/0123_1.m3u8?key=txiptv,网络源,æ²³å—å«è§†.png,2.567,未分组,h264,1920x1080,50.0,有音频,0.5521,False,False,0.4583,0.0208
ç”˜è‚ƒå«è§†,http://113.25.252.226:9901/tsfile/live/1047_1.m3u8?key=txiptv&playlive=1&authid=0,网络源,ç”˜è‚ƒå«è§†.png,3.992,未分组,h264,720x576,25.0,有音频,0.4792,False,False,0.0,0.0
å¹¿è¥¿å«è§†,http://38.75.136.137:98/gslb/dsdqpub/gxwshd.m3u8?auth=testpub,网络源,å¹¿è¥¿å«è§†.png,0.481,未分组,h264,1920x1080,25.0,有音频,0.5417,False,False,0.5312,0.0
æ¹–åŒ—å«è§†,https://migu.188766.xyz/?migutoken=9ce8cee147b666a41ccba5b8fd9d2b71&id=%E6%B9%96%E5%8C%97%E5%8D%AB%E8%A7%86&type=yy,网络源,æ¹–åŒ—å«è§†.png,0.440,未分组,h264,1920x1080,28.0,有音频,1.0,False,False,0,0
CCTV-14,http://27.41.245.32:801/hls/14/index.m3u8,网络源,CCTV14.png,2.044,未分组,h264,1920x1080,50.0,有音频,0.5885,False,False,0.4818,0.0547
CCTV-1,http://112.27.235.94:8000/hls/1/index.m3u8,网络源,CCTV1.png,3.121,未分组,h264,1920x1080,50.0,有音频,0.5104,False,False,0.5365,0.0417
CCTV-4,https://migu.188766.xyz/?migutoken=e89c6f525c253c27ae6d3d45b0e3d406&id=CCTV4&type=yy,网络源,CCTV4.png,0.466,未分组,h264,1920x1080,28.0,有音频,1.0,False,False,0,0
å¹¿è¥¿å«è§†,http://23.237.228.134/live6/guangxi.m3u8,网络源,å¹¿è¥¿å«è§†.png,0.140,未分组,h264,1920x1080,25.0,有音频,0.5729,False,False,0.4531,0.026
CCTV-2,http://120.238.94.10:9901/tsfile/live/1019_1.m3u8,网络源,CCTV2.png,10.875,未分组,h264,1920x1080,50.0,有音频,0.5417,False,False,0.0,0.0
ç¬¬ä¸€å‰§åœº,http://171.83.103.119:9999/rtp/239.69.1.74:10084,网络源,ç¬¬ä¸€å‰§åœº.png,1.452,未分组,,,,有音频,0.5208,False,False,0.5703,0.0026
CCTV-10,http://38.75.136.137:98/gslb/dsdqbv/cctv10hd.m3u8?auth=test20251009,网络源,CCTV10.png,0.247,未分组,h264,1920x1080,25.0,有音频,0.5104,False,False,0.4922,0.0443
CCTV-8,http://27.41.245.32:801/hls/8/index.m3u8,网络源,CCTV8.png,2.035,未分组,h264,1920x1080,50.0,有音频,0.5208,False,False,0.5182,0.0651
CCTV-6,http://27.41.245.32:801/hls/6/index.m3u8,网络源,CCTV6.png,5.169,未分组,h264,1920x1080,50.0,有音频,0.5,False,False,0.4896,0.0521
CCTV-12,http://112.27.235.94:8000/hls/13/index.m3u8,网络源,CCTV12.png,2.071,未分组,h264,1920x1080,50.0,有音频,0.5365,False,False,0.526,0.0
CCTV-15,http://112.27.235.94:8000/hls/16/index.m3u8,网络源,CCTV15.png,7.110,未分组,h264,1920x1080,50.0,有音频,0.5104,False,False,0.5208,0.0
æ·±åœ³å«è§†,http://116.76.254.170:44330/tsfile/live/1013_1.m3u8?key=txiptv&playlive=0&authid=0,网络源,æ·±åœ³å«è§†.png,1.748,未分组,h264,1280x720,25.0,有音频,0.5208,False,False,0.487,0.0964
æµ·å—å«è§†,http://39.152.103.17:8089/tsfile/live/1046_1.m3u8,网络源,æµ·å—å«è§†.png,2.293,未分组,h264,1920x1080,25.0,有音频,0.5469,False,False,0.513,0.0234
è´µå·å«è§†,http://112.27.235.94:8000/hls/46/index.m3u8,网络源,è´µå·å«è§†.png,1.712,未分组,h264,1920x1080,50.0,有音频,0.526,False,False,0.4479,0.0
å¹¿å·ç»¼åˆ,https://tencentplay.gztv.com/live/zonghes.m3u8?txSecret=439b0fd2cf766b363c93a59cbcbe1370&txTime=18d00acf488,网络源,å¹¿å·ç»¼åˆ.png,3.457,未分组,h264,1280x720,25.0,有音频,0.5417,False,False,0.5469,0.026
å¹¿ä¸œå«è§†,http://120.238.94.82:9901/tsfile/live/1009_1.m3u8,网络源,å¹¿ä¸œå«è§†.png,3.399,未分组,h264,1920x1080,25.0,有音频,0.5365,False,False,0.0,0.0
å…µå™¨ç§‘æŠ€,http://38.75.136.137:98/gslb/dsdqpub/gfjs.m3u8?auth=testpub,网络源,å…µå™¨ç§‘æŠ€.png,0.486,未分组,h264,1920x1080,25.0,有音频,0.5521,False,False,0.612,0.0026
å¤®è§†å°çƒ,http://38.75.136.137:98/gslb/dsdqpub/ystq.m3u8?auth=testpub,网络源,å¤®è§†å°çƒ.png,0.492,未分组,h264,1920x1080,25.0,有音频,1.0,False,False,0,0
è¥¿è—å«è§†,http://php.jdshipin.com:8880/xztv.php?id=ws,网络源,è¥¿è—å«è§†.png,5.417,未分组,h264,1920x1080,25.0,有音频,0.5104,False,False,0.4349,0.0391
å¹¿è¥¿å«è§†,https://hlscdn.liangtv.cn/live/de0f97348eb84f62aa6b7d8cf0430770/dd505d87880c478f901f38560ca4d4e6.m3u8,网络源,å¹¿è¥¿å«è§†.png,1.564,未分组,h264,1920x1080,25.0,有音频,0.599,False,False,0.5312,0.026
CCTV-3,http://39.152.103.17:8089/tsfile/live/1002_1.m3u8,网络源,CCTV3.png,1.906,未分组,h264,1920x1080,25.0,有音频,0.4271,False,False,0.0,0.0
CCTV-3,https://iptv.catvod.com/live.php?id=CCTV3,网络源,CCTV3.png,0.375,未分组,h264,1920x1080,30.0,有音频,0.5156,False,False,0.763,0.237
é’æµ·å«è§†,http://38.75.136.137:98/gslb/dsdqpub/qhws.m3u8?auth=testpub,网络源,é’æµ·å«è§†.png,0.449,未分组,h264,720x576,25.0,有音频,0.5938,False,False,0.5156,0.0156
CCTV-5,http://38.75.136.137:98/gslb/dsdqpub/cctv5hd.m3u8?auth=testpub,网络源,CCTV5.png,0.383,未分组,h264,1280x720,25.0,有音频,0.5469,False,False,0.5833,0.0156
å¹¿ä¸œå«è§†,http://sun135790.x3322.net:9901/tsfile/live/16034_1.m3u8?key=txiptv&playlive=1&authid=0,网络源,å¹¿ä¸œå«è§†.png,12.572,未分组,h264,1920x1080,50.0,有音频,0.5312,False,False,0.0,0.0
é£äº‘éŸ³ä¹,http://hmfs.f3322.net:3388/hls/29/index.m3u8,网络源,é£äº‘éŸ³ä¹.png,3.217,未分组,h264,1920x1080,50.0,有音频,0.5521,False,False,0.4844,0.0
CCTV-1,http://111.221.137.234:44330/tsfile/live/0001_1.m3u8?key=txiptv&playlive=0&authid=0,网络源,CCTV1.png,1.807,未分组,h264,1280x720,25.0,有音频,0.5052,False,False,0.4583,0.0
CCTV-5,http://23.237.228.134/live5/CCTV5.m3u8,网络源,CCTV5.png,0.147,未分组,h264,1920x1080,25.0,有音频,0.5833,False,False,0.4688,0.0677
CCTV-7,http://112.27.235.94:8000/hls/8/index.m3u8,网络源,CCTV7.png,2.588,未分组,h264,1920x1080,50.0,有音频,0.5885,False,False,0.5104,0.0521
å¹¿è¥¿å«è§†,http://23.237.228.134/live6/guizhou.m3u8,网络源,å¹¿è¥¿å«è§†.png,0.143,未分组,h264,1920x1080,25.0,有音频,0.5312,False,False,0.526,0.026
2026-01-25 18:19:45,https://iptv.catvod.com/live.php?id=CCTV1,网络源,CCTV1.png,0.368,未分组,h264,1920x1080,30.0,有音频,0.5365,False,False,0.7604,0.2396
å¤©æ´¥å«è§†,http://111.61.236.247:9081/hls/29/index.m3u8,网络源,å¤©æ´¥å«è§†.png,15.846,未分组,h264,1920x1080,50.0,有音频,0.5312,False,False,0.4271,0.0
æ¹–å—å«è§†,http://112.27.235.94:8000/hls/31/index.m3u8,网络源,æ¹–å—å«è§†.png,6.781,未分组,h264,1920x1080,50.0,有音频,0.5729,False,False,0.4635,0.0
å››å·å«è§†,http://38.75.136.137:98/gslb/dsdqpub/scwshd.m3u8?auth=testpub,网络源,å››å·å«è§†.png,0.464,未分组,h264,1920x1080,25.0,有音频,0.6094,False,False,0.5495,0.013
å®‰å¾½å«è§†,https://iptv.catvod.com/live.php?id=%E5%AE%89%E5%BE%BD%E5%8D%AB%E8%A7%86,网络源,å®‰å¾½å«è§†.png,0.374,未分组,h264,1920x1080,30.0,有音频,0.5156,False,False,0.776,0.224
CCTV-7,http://120.238.94.10:9901/tsfile/live/1025_1.m3u8,网络源,CCTV7.png,5.283,未分组,h264,1920x1080,50.0,有音频,0.5573,False,False,0.4453,0.013
è¾½å®å«è§†,http://60.16.0.216:5757/hls/32/index.m3u8,网络源,è¾½å®å«è§†.png,7.982,未分组,h264,1920x1080,50.0,有音频,0.5938,False,False,0.0,0.0
CCTV-5+,http://120.238.94.10:9901/tsfile/live/1023_1.m3u8,网络源,CCTV5+.png,14.239,未分组,h264,1920x1080,50.0,有音频,0.5208,False,False,0.5599,0.0651
è¥¿è—å«è§†,https://iptv.catvod.com/live.php?id=%E8%A5%BF%E8%97%8F%E5%8D%AB%E8%A7%86,网络源,è¥¿è—å«è§†.png,0.372,未分组,h264,1920x1080,30.0,有音频,0.5625,False,False,0.7578,0.2422
é’æµ·å«è§†,http://23.237.228.134/live8/qinghai.m3u8,网络源,é’æµ·å«è§†.png,0.151,未分组,h264,1920x1080,25.0,有音频,0.5365,False,False,0.5729,0.0521
äº‘å—å«è§†,http://38.75.136.137:98/gslb/dsdqpub/ynwshd.m3u8?auth=testpub,网络源,äº‘å—å«è§†.png,0.467,未分组,h264,1920x1080,25.0,有音频,0.5312,False,False,0.5443,0.0182
å®å¤å«è§†,http://nn.7x9d.cn/xzc2.php?ua=TW96aWxsYS81LjAgKFdpbmRvd3MgTlQgNi4xOyBXaW42NDsgeDY0KSBBcHBsZVdlYktpdC81MzcuMzYgKEtIVE1MLCBsaWtlIEdlY2tvKSBDaHJvbWUvMTA2LjAuMC4wIFNhZmFyaS81MzcuMzY=&hls=aHR0cDovL3R2dGoxLmp4d2x0eC5jb206ODAwMy9saW54d3MubTN1OA==,网络源,å®å¤å«è§†.png,4.826,未分组,h264,720x576,25.0,有音频,0.4375,False,False,0.0,0.0
æ±Ÿè¥¿å«è§†,http://36.32.174.67:60080/newlive/live/hls/31/live.m3u8,网络源,æ±Ÿè¥¿å«è§†.png,3.390,未分组,h264,1920x1080,50.0,有音频,0.5365,False,False,0.4896,0.026
CCTV-16,http://39.152.103.17:8089/tsfile/live/1015_1.m3u8,网络源,CCTV16.png,1.897,未分组,h264,1920x1080,25.0,有音频,0.5,False,False,0.6016,0.0234
CCTV-12,http://23.237.228.134/live3/CCTV12.m3u8,网络源,CCTV12.png,0.153,未分组,h264,1920x1080,25.0,有音频,0.5677,False,False,0.6198,0.151
é‡åº†å«è§†,http://23.237.228.134/live6/chongqing.m3u8,网络源,é‡åº†å«è§†.png,0.151,未分组,h264,1920x1080,25.0,有音频,0.5417,False,False,0.599,0.0365
å±±è¥¿å«è§†,https://iptv.catvod.com/live.php?id=%E5%B1%B1%E8%A5%BF%E5%8D%AB%E8%A7%86,网络源,å±±è¥¿å«è§†.png,0.390,未分组,h264,1920x1080,30.0,有音频,0.5156,False,False,0.6849,0.3151
å¥³æ€§æ—¶å°š,http://38.75.136.137:98/gslb/dsdqpub/nxss.m3u8?auth=testpub,网络源,å¥³æ€§æ—¶å°š.png,0.492,未分组,h264,1920x1080,25.0,有音频,0.6094,False,False,0.4896,0.0313
CCTV-6,http://112.27.235.94:8000/hls/7/index.m3u8,网络源,CCTV6.png,6.365,未分组,h264,1920x1080,50.0,有音频,0.5365,False,False,0.5729,0.0
CCTV-2,http://pull-hls-f1.douyincdn.com/media/stream-695106910011261612/playlist.m3u8?arch_hrchy=w1&exp_hrchy=w1&keeptime=00093a80&major_anchor_level=common&t_id=037-202601211138448FA9B998510F771A8747-9PrRHC&wsSecret=de5da072805f2c6d3fe8427464714c6f&wsTime=69704a44,网络源,CCTV2.png,5.161,未分组,h264,1920x1080,25.0,有音频,0.5625,False,False,0.6016,0.0234
æ±Ÿè¥¿å«è§†,http://112.27.235.94:8000/hls/44/index.m3u8,网络源,æ±Ÿè¥¿å«è§†.png,2.440,未分组,h264,1920x1080,50.0,有音频,0.5573,False,False,0.5417,0.0052
CCTV-1,http://222.169.85.8:9901/tsfile/live/0001_1.m3u8,网络源,CCTV1.png,2.454,未分组,h264,720x576,25.0,有音频,0.5365,False,False,0.5625,0.0573
CCTV-4,http://112.27.235.94:8000/hls/4/index.m3u8,网络源,CCTV4.png,17.476,未分组,h264,1920x1080,25.0,有音频,0.0,False,False,0.0,0.0
å¹¿ä¸œæ°‘ç”Ÿ,https://stream1.freetv.fun/yan-dong-min-sheng-9.ctv,网络源,å¹¿ä¸œæ°‘ç”Ÿ.png,4.246,未分组,h264,1920x1080,25.0,有音频,0.5573,False,False,0.526,0.0
æ²³å—å«è§†,http://1.94.31.214/php/hntv.php?id=hnws,网络源,æ²³å—å«è§†.png,1.958,未分组,h264,1920x1080,25.0,有音频,0.5365,False,False,0.5026,0.0547
å››å·å«è§†,https://iptv.catvod.com/live.php?id=%E5%9B%9B%E5%B7%9D%E5%8D%AB%E8%A7%86,网络源,å››å·å«è§†.png,0.386,未分组,h264,1920x1080,30.0,有音频,0.5156,False,False,0.7266,0.2734
CCTV-3,http://23.237.228.134/live5/CCTV3.m3u8,网络源,CCTV3.png,0.156,未分组,h264,1920x1080,25.0,有音频,0.4792,False,False,0.5391,0.0286
CCTV-5,http://23.237.228.134/live5/CCTV5p.m3u8,网络源,CCTV5.png,0.147,未分组,h264,1920x1080,25.0,有音频,0.5,False,False,0.5026,0.0651
æ¹–å—å«è§†,http://61.163.181.78:85/tsfile/live/1045_1.m3u8?key=txiptv&playlive=1&authid=0,网络源,æ¹–å—å«è§†.png,2.040,未分组,h264,1920x1080,50.0,有音频,0.5417,False,False,0.0,0.0
æ·±åœ³å«è§†,http://38.75.136.137:98/gslb/dsdqpub/szwshd.m3u8?auth=testpub,网络源,æ·±åœ³å«è§†.png,0.474,未分组,h264,1920x1080,25.0,有音频,0.4896,False,False,0.5365,0.0
CCTV-3,http://153.0.171.163:9901/tsfile/live/1002_1.m3u8?key=txiptv&playlive=1&authid=0,网络源,CCTV3.png,1.701,未分组,h264,1920x1080,25.0,有音频,0.5,False,False,0.0,0.0
é»‘é¾™æ±Ÿå«è§†,https://iptv.catvod.com/live.php?id=%E9%BB%91%E9%BE%99%E6%B1%9F%E5%8D%AB%E8%A7%86,网络源,é»‘é¾™æ±Ÿå«è§†.png,0.381,未分组,h264,1920x1080,30.0,有音频,0.5156,False,False,0.7135,0.2865
CCTV-14,http://153.0.171.163:9901/tsfile/live/1013_1.m3u8?key=txiptv&playlive=1&authid=0,网络源,CCTV14.png,2.011,未分组,h264,720x576,25.0,有音频,0.4479,False,False,0.0,0.0
æ²³å—å«è§†,http://183.222.242.31:8088/hls/35/index.m3u8,网络源,æ²³å—å«è§†.png,5.923,未分组,h264,1920x1080,25.0,有音频,0.526,False,False,0.474,0.0052
ç¬¬ä¸€å‰§åœº,http://hmfs.f3322.net:3388/hls/21/index.m3u8,网络源,ç¬¬ä¸€å‰§åœº.png,2.993,未分组,h264,1920x1080,50.0,有音频,0.4792,False,False,0.4844,0.0
å¹¿è¥¿å«è§†,https://iptv.catvod.com/live.php?id=%E5%B9%BF%E8%A5%BF%E5%8D%AB%E8%A7%86,网络源,å¹¿è¥¿å«è§†.png,0.377,未分组,h264,1920x1080,30.0,有音频,0.5312,False,False,0.7214,0.2786
CCTV-3,http://112.132.10.54:9901/tsfile/live/0003_1.m3u8?key=txiptv&playlive=1&authid=0,网络源,CCTV3.png,2.021,未分组,mpeg2video,720x576,25.0,有音频,0.5469,False,False,0.4844,0.026
æ·±åœ³å«è§†,http://23.237.228.134/live6/shenzhen.m3u8,网络源,æ·±åœ³å«è§†.png,0.194,未分组,h264,1920x1080,25.0,有音频,0.5365,False,False,0.5859,0.1068
è´µå·å«è§†,http://23.237.228.134/live6/hainan.m3u8,网络源,è´µå·å«è§†.png,0.160,未分组,h264,1920x1080,25.0,有音频,0.526,False,False,0.5469,0.0573
ä¸–ç•Œåœ°ç†,http://hmfs.f3322.net:3388/hls/28/index.m3u8,网络源,ä¸–ç•Œåœ°ç†.png,6.346,未分组,h264,1920x1080,50.0,有音频,0.4844,False,False,0.5833,0.0
å¤©æ´¥å«è§†,http://38.75.136.137:98/gslb/dsdqpub/tjwshd.m3u8?auth=testpub,网络源,å¤©æ´¥å«è§†.png,0.494,未分组,h264,1920x1080,25.0,有音频,0.5365,False,False,0.6432,0.1328
é»‘é¾™æ±Ÿå«è§†,http://38.75.136.137:98/gslb/dsdqpub/hljwshd.m3u8?auth=testpub,网络源,é»‘é¾™æ±Ÿå«è§†.png,1.360,未分组,h264,1920x1080,25.0,有音频,0.526,False,False,0.4193,0.0234
è´µå·å«è§†,http://60.16.0.216:5757/hls/37/index.m3u8,网络源,è´µå·å«è§†.png,3.978,未分组,h264,1920x1080,50.0,有音频,0.4583,False,False,0.0,0.0
æ¹–å—å«è§†,http://23.237.228.134/live6/hunan.m3u8,网络源,æ¹–å—å«è§†.png,0.143,未分组,h264,1920x1080,25.0,有音频,0.5469,False,False,0.474,0.0521
é™•è¥¿å«è§†,http://112.27.235.94:8000/hls/43/index.m3u8,网络源,é™•è¥¿å«è§†.png,1.491,未分组,h264,1920x1080,50.0,有音频,0.5365,False,False,0.4896,0.026
CCTV-2,http://38.75.136.137:98/gslb/dsdqpub/cctv2hd.m3u8?auth=testpub,网络源,CCTV2.png,0.447,未分组,h264,1280x720,25.0,有音频,0.4583,False,False,0.5312,0.0312
ä¸œæ–¹å«è§†,https://migu.188766.xyz/?migutoken=d30a6db07f9a401217557c7884f1897e&id=%E4%B8%9C%E6%96%B9%E5%8D%AB%E8%A7%86&type=yy,网络源,ä¸œæ–¹å«è§†.png,0.447,未分组,h264,1920x1080,28.0,有音频,0.5,False,False,0.0,0.0
ç”˜è‚ƒå«è§†,https://iptv.catvod.com/live.php?id=%E7%94%98%E8%82%83%E5%8D%AB%E8%A7%86,网络源,ç”˜è‚ƒå«è§†.png,0.366,未分组,h264,1920x1080,30.0,有音频,0.5156,False,False,0.75,0.25
æ¹–å—å«è§†,http://38.75.136.137:98/gslb/dsdqbv/hnwshd.m3u8?auth=test20251009,网络源,æ¹–å—å«è§†.png,0.256,未分组,h264,1920x1080,25.0,有音频,0.5208,False,False,0.5365,0.0052
ä¸‰æ²™å«è§†,http://38.75.136.137:98/gslb/dsdqpub/ssws.m3u8?auth=testpub,网络源,ä¸‰æ²™å«è§†.png,0.487,未分组,h264,1920x1080,25.0,有音频,0.526,False,False,0.6094,0.0052
牛叔说电影2758565,https://live.ottiptv.cc/douyu/2758565,网络源,,3.191,未分组,h264,960x540,24.416666666666668,有音频,0.5,False,False,0.5521,0.0
CCTV-4,http://38.75.136.137:98/gslb/dsdqbv/cctv4hd.m3u8?auth=test20251009,网络源,CCTV4.png,0.272,未分组,h264,1920x1080,25.0,有音频,0.5521,False,False,0.6042,0.0781
CCTV-8,http://124.165.251.82:85/tsfile/live/0008_1.m3u8?key=txiptv&playlive=1&authid=0,网络源,CCTV8.png,3.860,未分组,h264,1920x1080,50.0,有音频,0.526,False,False,0.4688,0.0
å‰æ—å«è§†,https://migu.188766.xyz/?migutoken=f94424924a14bf318ae6094114ea2bd7&id=%E5%90%89%E6%9E%97%E5%8D%AB%E8%A7%86&type=yy,网络源,å‰æ—å«è§†.png,0.464,未分组,h264,1920x1080,28.0,有音频,1.0,False,False,0,0
è¥¿è—å«è§†,http://php.jdshipin.com/xztv.php?id=ws,网络源,è¥¿è—å«è§†.png,3.576,未分组,h264,1920x1080,25.0,有音频,0.5312,False,False,0.4062,0.0052
CCTV-1,http://38.75.136.137:98/gslb/dsdqpub/cctv1hd.m3u8?auth=testpub,网络源,CCTV1.png,0.388,未分组,h264,1280x720,25.0,有音频,0.5,False,False,0.5755,0.0286
æ²³åŒ—å«è§†,http://111.61.236.247:9081/hls/17/index.m3u8,网络源,æ²³åŒ—å«è§†.png,3.075,未分组,h264,1920x1080,50.0,有音频,0.5208,False,False,0.4323,0.0
å¤©æ´¥å«è§†,https://iptv.catvod.com/live.php?id=%E5%A4%A9%E6%B4%A5%E5%8D%AB%E8%A7%86,网络源,å¤©æ´¥å«è§†.png,0.379,未分组,h264,1920x1080,30.0,有音频,0.5156,False,False,0.7682,0.2318
CCTV-12,http://38.75.136.137:98/gslb/dsdqbv/cctv12hd.m3u8?auth=test20251009,网络源,CCTV12.png,0.245,未分组,h264,1920x1080,25.0,有音频,0.5156,False,False,0.7266,0.1745
CCTV-10,http://27.41.245.32:801/hls/10/index.m3u8,网络源,CCTV10.png,1.983,未分组,h264,1920x1080,50.0,有音频,0.4844,False,False,0.5391,0.0182
CCTV-3,http://38.75.136.137:98/gslb/dsdqbv/cctv3hd.m3u8?auth=test20251009,网络源,CCTV3.png,0.243,未分组,h264,1920x1080,25.0,有音频,0.5208,False,False,0.487,0.0026
CCTV-12,http://124.165.251.82:85/tsfile/live/0012_1.m3u8?key=txiptv&playlive=1&authid=0,网络源,CCTV12.png,2.538,未分组,h264,1920x1080,50.0,有音频,0.5781,False,False,0.7526,0.138
CCTV-11,http://153.0.171.163:9901/tsfile/live/1010_1.m3u8?key=txiptv&playlive=1&authid=0,网络源,CCTV11.png,8.905,未分组,h264,720x576,25.0,有音频,0.5573,False,False,0.0,0.0
æ–‡åŒ–ç²¾å“,http://38.75.136.137:98/gslb/dsdqpub/ysjp.m3u8?auth=testpub,网络源,æ–‡åŒ–ç²¾å“.png,0.458,未分组,h264,1920x1080,25.0,有音频,0.5052,False,False,0.4688,0.0
CCTV-14,http://112.27.235.94:8000/hls/15/index.m3u8,网络源,CCTV14.png,1.791,未分组,h264,1920x1080,50.0,有音频,0.4844,False,False,0.5781,0.0417
ä¸œå—å«è§†,https://hlsbkmgsplive.miguvideo.com/migu/kailu/dongnanws/51/20230724/01.m3u8?&HlsSubType=&encrypt=,网络源,ä¸œå—å«è§†.png,3.109,未分组,h264,1280x720,25.0,有音频,0.5833,False,False,0.5156,0.0
CCTV-9,http://27.41.245.32:801/hls/9/index.m3u8,网络源,CCTV9.png,2.139,未分组,h264,1920x1080,50.0,有音频,0.5208,False,False,0.5391,0.013
CCTV-3,http://hczn.x3322.net:9902/tsfile/live/0003_1.m3u8?key=txiptv&playlive=1&authid=0,网络源,CCTV3.png,2.598,未分组,h264,1920x1080,25.0,有音频,0.5781,False,False,0.4974,0.0078
CCTV-8,http://112.27.235.94:8000/hls/9/index.m3u8,网络源,CCTV8.png,2.404,未分组,h264,1920x1080,50.0,有音频,0.599,False,False,0.5729,0.0
æ²³åŒ—å«è§†,http://36.32.174.67:60080/newlive/live/hls/36/live.m3u8,网络源,æ²³åŒ—å«è§†.png,3.366,未分组,h264,1920x1080,50.0,有音频,0.5208,False,False,0.4531,0.0469
æ€€æ—§å‰§åœº,http://171.83.103.119:9999/rtp/239.69.1.89:10174,网络源,æ€€æ—§å‰§åœº.png,2.603,未分组,h264,,,有音频,0.5938,False,False,0.5156,0.0
CCTV-2,http://112.123.206.32:808/hls/2/index.m3u8,网络源,CCTV2.png,2.214,未分组,h264,1920x1080,50.0,有音频,0.6042,False,False,0.4896,0.0
è¾½å®å«è§†,http://112.27.235.94:8000/hls/47/index.m3u8,网络源,è¾½å®å«è§†.png,3.864,未分组,h264,1920x1080,50.0,有音频,0.5156,False,False,0.0,0.0
CCTV-1,http://120.238.94.10:9901/tsfile/live/1018_1.m3u8,网络源,CCTV1.png,14.302,未分组,,,,无音频,0.474,False,False,0.4479,0.0
CCTV-4,http://120.238.94.10:9901/tsfile/live/1021_1.m3u8,网络源,CCTV4.png,11.961,未分组,h264,1920x1080,50.0,有音频,0.4531,False,False,0.5365,0.0
CCTV-12,http://120.238.94.10:9901/tsfile/live/1030_1.m3u8,网络源,CCTV12.png,19.769,未分组,h264,1920x1080,50.0,有音频,0.4792,False,False,0.6354,0.0
