频道名,地址,来源,图标,检测时间,分组,视频信息,未通过信息,相似度
Informe TV [Not 24/7],https://vdo1.streamgato.us:3986/live/informetvlive.m3u8,网络源,https://imgur.com/TmJaXrO.jpg,0.492,未分组,,error,0.0
è§£è¯´_äº®å“¥è®²ç”µå½±,http://live.nctv.top/huya.php?id=16144175,网络源,,1.574,未分组,,error,0.0
éƒ¸åŸæ–°é—»ç»¼åˆ,http://tvpull.dxhmt.cn:9081/tv/11625-1.m3u8,网络源,https://gh.catmak.name/https://raw.githubusercontent.com/fanmingming/live/main/tv/éƒ¸åŸæ–°é—»ç»¼åˆ.png,0.340,未分组,,error,0.0
é’æµ·å«è§†,https://stream1.freetv.fun/2641af214b8dfbc68796c19888a6819d8f84fdc9facd9a13379f8ed12c91f5ed.ctv,网络源,,1.707,未分组,,ok; 伪源相似度: 1.0000,1.0
CCTV12,https://piccpndali.v.myalicdn.com/audio/cctv12_2.m3u8,网络源,,1.942,未分组,,error,0.0
éƒ¸åŸæ–°é—»ç»¼åˆ,http://tvpull.dxhmt.cn:9081/tv/11625-1.m3u8?wsSecret=df15530a0abec41b14bca00fc96270d1&wsTime=1654956569,网络源,https://gh.catmak.name/https://raw.githubusercontent.com/fanmingming/live/main/tv/éƒ¸åŸæ–°é—»ç»¼åˆ.png,0.064,未分组,,error,0.0
CCTV12,http://www.freetv.top/migu/673168185.m3u8?migutoken=21a3954b28c73a4240272889ec94c3318c23068f666c79e61379cb154a890e4e7e3c998a578b29a381972f128751898531cb713221ff95385afec91149321ad772e31489fa01e553c8223e976a,网络源,,2.487,未分组,,ok; 伪源相似度: 1.0000,1.0
é’æµ·å«è§†,http://lt.hxtre.com:35455/itv/1000000002000013359.m3u8?cdn=ystenlive,网络源,,0.789,未分组,,error,0.0
ä¸œæ–¹å«è§†,https://live.lalifeier.eu.org/kankanews/dfws.m3u8?t=1746372302&key=04c79ed1fd72dbd3188040c54dc3858b,网络源,https://gh.catmak.name/https://raw.githubusercontent.com/fanmingming/live/main/tv/ä¸œæ–¹å«è§†.png,1.630,未分组,,error,0.0
ä¸œæ–¹å«è§†,https://live.lalifeier.eu.org/kankanews/dfws.m3u8?t=1746379256&key=19bcfc963d4ae84eb8beb4f01087a8ab,网络源,https://gh.catmak.name/https://raw.githubusercontent.com/fanmingming/live/main/tv/ä¸œæ–¹å«è§†.png,1.085,未分组,,error,0.0
Cufo,https://digitalb-live.morescreens.com/DAL_1_005/playlist.m3u8?application_id=backoffice1&application_installation_id=1&authority_instance_id=spectar-prd-digitalb&detected_delivery_method=hls&id=DAL_1_005&playlist_template=nginx&profile_id=1&ps=94d0066599d8f74d1c090e93ac4617b6491d3629d2e2d770870fcef1f7effa25b204aa53b3821da5e9e65bee8e94331bcae2cb344d0739ca3a938b4ef2051cc8&subscriber_id=1&token=142cda7d50870275a9ca7988ff001b32ab30709b&uuid=backoffice1&vh=7ab82e63aae8510c6b37ea16da502e54e441a5a1a88bce0c8ed63da99bce948d86253d64ae00424dda8b9c8b6e2cd0f6cd79d8b0a56e10759210cdf4f6761d11&video_id=12498,网络源,https://i.imgur.com/GbBHtwD.png,0.468,未分组,,error,0.0
éƒ¸åŸæ–°é—»ç»¼åˆ,https://stream1.freetv.fun/dan-cheng-xin-wen-zong-he-1.m3u8,网络源,https://gh.catmak.name/https://raw.githubusercontent.com/fanmingming/live/main/tv/éƒ¸åŸæ–°é—»ç»¼åˆ.png,11.077,未分组,,error,0.0
ä¸œæ–¹å«è§†,https://live.lalifeier.eu.org/kankanews/dfws.m3u8?t=1746393735&key=ebd80a46e19064eb1a305a39fe3d15d2,网络源,https://gh.catmak.name/https://raw.githubusercontent.com/fanmingming/live/main/tv/ä¸œæ–¹å«è§†.png,1.488,未分组,,error,0.0
InfoWars Network (1080p),https://freespeech.akamaized.net/hls/live/2016712/live1/playlist.m3u8,网络源,https://i.imgur.com/a7h9epj.png,2.842,未分组,,error,0.0
é„¢é™µç»¼åˆ,http://tvpull.dxhmt.cn:9081/tv/11024-1.m3u8?%E5%85%B3%E6%B3%A8%E5%BE%AE%E4%BF%A1%E5%85%AC%E4%BC%97%E5%8F%B7[%E6%99%B4%E5%9B%AD],网络源,https://gh.catmak.name/https://raw.githubusercontent.com/fanmingming/live/main/tv/é„¢é™µç»¼åˆ.png,0.063,未分组,,error,0.0
é’æµ·å«è§†,https://epg.pw/stream/fad5348a9b285c835736b9f812f4785acff0120fc543ca59063b87dca13e7229.m3u8,网络源,,2.021,未分组,,ok; 伪源相似度: 1.0000,1.0
ä¸œæ–¹å«è§†,https://bp-cdn-ali.bestv.cn/enhance/bestvdfws_enhance.m3u8?auth_key=1746334807-ddb61092a75249868c8bd1834313f437-0-8a760296d281d86bc4612f5fc4f85247,网络源,https://gh.catmak.name/https://raw.githubusercontent.com/fanmingming/live/main/tv/ä¸œæ–¹å«è§†.png,1.866,未分组,,error,0.0
[HD]东森财经新闻 *wj,https://stream1.freetv.fun/dong-sen-cai-jing-xin-wen---wj-2.m3u8,网络源,https://epg.pw/media/images/channel/2022/11/26/large/20221126212851373992_22.jpg,3.250,未分组,,error,0.0
Billiard TV,http://cfd-v4-service-channel-stitcher-use1-1.prd.pluto.tv/stitch/hls/channel/65df0cff66eec8000897b3a4/master.m3u8?appName=web&appVersion=unknown&clientTime=0&deviceDNT=0&deviceId=1b1cc775-4b81-11ef-a8ac-e146e4e7be02&deviceMake=Chrome&deviceModel=web&deviceType=web&deviceVersion=unknown&includeExtendedEvents=false&serverSideAds=false&sid=36e4c683-680e-486f-91f0-ce1f0f88c4b6,网络源,https://i.imgur.com/BZijfKh.png,2.860,未分组,,ok; 伪源相似度: 1.0000,1.0
[HD]东森财经新闻 *wj,https://stream1.freetv.fun/dong-sen-cai-jing-xin-wen---wj-1.m3u8,网络源,https://epg.pw/media/images/channel/2022/11/26/large/20221126212851373992_22.jpg,2.861,未分组,,error,0.0
è§£è¯´_å¤§è±¡æ”¾æ˜ å®¤,http://live.nctv.top/huya.php?id=21277391,网络源,,2.797,未分组,,error,0.0
å±±ä¸œå«è§†,https://stream1.freetv.fun/shan-dong-wei-shi-45.ctv,网络源,,1.201,未分组,,ok; 伪源相似度: 1.0000,1.0
é’æµ·å«è§†,https://stream1.freetv.fun/59133ab68e9d588578c47cafcd1ac11aa1719dafb47638eabbdb28d8eda75244.ctv,网络源,,1.766,未分组,,ok; 伪源相似度: 1.0000,1.0
é„¢é™µç»¼åˆ,http://tvpull.dxhmt.cn:9081/tv/11024-1.m3u8,网络源,https://gh.catmak.name/https://raw.githubusercontent.com/fanmingming/live/main/tv/é„¢é™µç»¼åˆ.png,0.069,未分组,,error,0.0
CCTV13,https://stream1.freetv.fun/aaa30639b476e110eef808c80fbf65a245512c55858196f6f404a6ac68610a44.m3u8,网络源,,1.685,未分组,,ok; 伪源相似度: 1.0000,1.0
ä¸œå—å«è§†,https://smart.pendy.dpdns.org/Smart.php?id=fujian,网络源,https://gh.catmak.name/https://raw.githubusercontent.com/fanmingming/live/main/tv/ä¸œå—å«è§†.png,0.892,未分组,,error,0.0
[BD]东森超视[geo-blocked],https://stream1.freetv.fun/dong-sen-chao-shi-11.ctv,网络源,https://epg.pw/media/images/channel/2023/07/22/large/20230722105657399125_36.png,1.159,未分组,,ok; 伪源相似度: 1.0000,1.0
Ink Master,http://cfd-v4-service-channel-stitcher-use1-1.prd.pluto.tv/stitch/hls/channel/655f2d713944b60008bc7e90/master.m3u8?appName=web&appVersion=unknown&clientTime=0&deviceDNT=0&deviceId=2c7ac9d2-35fc-11ef-a031-2b5d494037a2&deviceMake=Chrome&deviceModel=web&deviceType=web&deviceVersion=unknown&includeExtendedEvents=false&serverSideAds=false&sid=e7b1d981-a145-4f0e-b936-2e3b59397aee,网络源,https://i.imgur.com/DiBojYh.png,2.186,未分组,,ok; 伪源相似度: 1.0000,1.0
CCTV13,https://stream1.freetv.fun/f775810be10706600c58373ca47c369fa14a21c1fb1fb953645eaa89b7811b7f.m3u8,网络源,,1.173,未分组,,error,0.0
éƒ¸åŸæ–°é—»ç»¼åˆ,https://stream1.freetv.fun/dan-cheng-xin-wen-zong-he-4.m3u8,网络源,https://gh.catmak.name/https://raw.githubusercontent.com/fanmingming/live/main/tv/éƒ¸åŸæ–°é—»ç»¼åˆ.png,9.863,未分组,,error,0.0
é¡¹åŸæ–°é—»,http://tvpull.dxhmt.cn:9081/tv/11681-1.m3u8#@http://live.dxhmt.cn:9081/tv/11681-1.m3u8#@http://p2.weizan.cn/978354/131995006225520039/live.m3u8,网络源,https://gh.catmak.name/https://raw.githubusercontent.com/fanmingming/live/main/tv/é¡¹åŸæ–°é—».png,0.099,未分组,,error,0.0
Radio Number One (720p) [Not 24/7],https://56b50ada2d659.streamlock.net/RN1TV/livestream/playlist.m3u8,网络源,https://i.imgur.com/8cpuaG5.png,2.176,未分组,,ok; 伪源相似度: 0.9688,0.9688
[BD]eko tv,https://stream1.freetv.fun/eko-tv-2.ctv,网络源,https://epg.pw/media/images/channel/2022/05/06/large/20220506174708907557_96.png,2.752,未分组,,ok; 伪源相似度: 1.0000,1.0
è§£è¯´_å†·å›è¯´ç”µå½±,http://live.nctv.top/huya.php?id=16739452,网络源,,3.300,未分组,,error,0.0
CCTV13,https://stream1.freetv.fun/5145e7fd34a4167b0a37b2c01ecc50b28586d7154e7221c4f6f5810ebf368ec8.m3u8,网络源,,1.604,未分组,,ok; 伪源相似度: 1.0000,1.0
é¡¹åŸæ–°é—»,http://tvpull.dxhmt.cn:9081/tv/11681-1.m3u8,网络源,https://gh.catmak.name/https://raw.githubusercontent.com/fanmingming/live/main/tv/é¡¹åŸæ–°é—».png,0.081,未分组,,error,0.0
[HD]ช่อง nesn,https://stream1.freetv.fun/ch-ng-nesn-1.m3u8,网络源,https://epg.pw/media/images/channel/2023/06/01/large/20230601220959793959_91.png,1.449,未分组,,ok; 伪源相似度: 1.0000,1.0
å±±ä¸œå«è§†,http://111.14.181.15:9901/tsfile/live/0131_1.m3u8?key=txiptv&playlive=1&authid=0,网络源,,16.389,未分组,,error,0.0
Binge,https://videostack1.cdnstream1.com:1936/binge-tv/binge-tv/playlist.m3u8,网络源,https://www.lyngsat.com/logo/tv/bb/binge-us.png,1.720,未分组,,error,0.0
[BD]eko tv,https://stream1.freetv.fun/eko-tv-3.ctv,网络源,https://epg.pw/media/images/channel/2022/05/06/large/20220506174708907557_96.png,2.453,未分组,,ok; 伪源相似度: 1.0000,1.0
[BD]东森超视[geo-blocked],https://stream1.freetv.fun/dong-sen-chao-shi-1.ctv,网络源,https://epg.pw/media/images/channel/2023/07/22/large/20230722105657399125_36.png,1.124,未分组,,ok; 伪源相似度: 1.0000,1.0
ç”˜è‚ƒå«è§†,http://j.x.bkpcp.top/jx/GSWS,网络源,https://gh.catmak.name/https://raw.githubusercontent.com/fanmingming/live/main/tv/ç”˜è‚ƒå«è§†.png,0.919,未分组,,ok; 伪源相似度: 1.0000,1.0
CCTV13,https://stream1.freetv.fun/6c3eb3f2f4adaa7c716d4602af1f0d7e294437580e802176bd313bb9dc4b07ae.m3u8,网络源,,1.780,未分组,,ok; 伪源相似度: 1.0000,1.0
Radio Monumental TV (720p) [Not 24/7],https://cloud37.ecuatel.com/monumentaltv/live/manifest.m3u8,网络源,https://i.imgur.com/a97MaV2.png,1.106,未分组,,ok; 伪源相似度: 0.9688,0.9688
é‚“å·æ–°é—»,http://tvpull.dxhmt.cn:9081/tv/11381-1.m3u8?%E5%85%B3%E6%B3%A8%E5%BE%AE%E4%BF%A1%E5%85%AC%E4%BC%97%E5%8F%B7[%E6%99%B4%E5%9B%AD],网络源,https://gh.catmak.name/https://raw.githubusercontent.com/fanmingming/live/main/tv/é‚“å·æ–°é—».png,0.068,未分组,,error,0.0
CCTV13,https://stream1.freetv.fun/7efe02dcb4e8722121af5a3b1e462b7adc8cd466829e19356504fe1d572ad213.m3u8,网络源,,1.639,未分组,,ok; 伪源相似度: 1.0000,1.0
å±±ä¸œå«è§†,http://111.14.181.15:9901/tsfile/live/0131_1.m3u8,网络源,,12.555,未分组,,error,0.0
ç”˜è‚ƒå«è§†,http://z.b.bkpcp.top/m.php?id=gsws,网络源,https://gh.catmak.name/https://raw.githubusercontent.com/fanmingming/live/main/tv/ç”˜è‚ƒå«è§†.png,8.117,未分组,,error,0.0
CCTV13,https://stream1.freetv.fun/f2306dc938a374481649dfb8c0cd797ab83abfaf988502de3b6d40a6ce6afdb0.m3u8,网络源,,1.714,未分组,,ok; 伪源相似度: 1.0000,1.0
CVK,https://uvotv-aniview.global.ssl.fastly.net/hls/live/2119690/cvk/playlist.m3u8,网络源,https://i.imgur.com/kojCAA8.png,0.104,未分组,,error,0.0
Bike (720p),http://backup.superstreaming.inaria.me/BikeSmartMobilityDTT/playlist.m3u8,网络源,https://i.imgur.com/WrNxg2k.png,1.858,未分组,,error,0.0
Inside Crime (1080p) [Geo-blocked],https://blaze-fast-inside-crime-ssai.simplestreamcdn.com/v1/master/774d979dd66704abea7c5b62cb34c6815fda0d35/blaze-fast-inside-crime-amagi/playlist.m3u8,网络源,https://i.imgur.com/wvQYWsj.png,0.139,未分组,,error,0.0
CVM TV,https://fl1.moveonjoy.com/CVM_TV_CARIBBEAN/index.m3u8,网络源,https://i.imgur.com/14wfq26.png,0.876,未分组,,error,0.0
è¥é˜³ç»¼åˆ,http://tvpull.dxhmt.cn:9081/tv/10182-1.m3u8?wsSecret=df15530a0abec41b14bca00fc96270d1&wsTime=1654956569,网络源,https://gh.catmak.name/https://raw.githubusercontent.com/fanmingming/live/main/tv/è¥é˜³ç»¼åˆ.png,0.061,未分组,,error,0.0
é’æµ·å«è§†,https://www.freetv.top/migu/947472506.m3u8?migutoken=1f19e5986a0a2ef4e7a8d09edf9a6b8faf270d5320ef4f13eaa876ea8a3ecc2263d1cd2dacb91ceadd6c38af23137707d164462be4cee5d1357c3a8289e0f87ebbce11f5d97c0daa3ac94ae7a1,网络源,,1.115,未分组,,ok; 伪源相似度: 1.0000,1.0
é’æµ·å«è§†,https://www.freetv.top/migu/947472506.m3u8?migutoken=7bfff5cd40297ac2c258f598f97f36a47e8d0d19763d61ff6f62aff98021e7fcafa9b64df934c1ca76302e804fb60ce17856d30a33b7965613665d25cce09f43302170684a7e39c85290af3bd3,网络源,,0.968,未分组,,ok; 伪源相似度: 1.0000,1.0
CCTV13,https://stream1.freetv.fun/6cc8f4fde2a46e1219682cea55cbeb311805fc0deb26d82777f1dcac09e2d82d.m3u8,网络源,,1.661,未分组,,ok; 伪源相似度: 1.0000,1.0
è§£è¯´_å°å·ä¾ƒç”µå½±,http://live.nctv.top/huya.php?id=15870999,网络源,,1.364,未分组,,error,0.0
CCTV13,https://stream1.freetv.fun/fc94bc81376ea01b8f79faa66d741ce809a9c806fdaa6b310ff275e5792e2195.m3u8,网络源,,1.602,未分组,,ok; 伪源相似度: 1.0000,1.0
[BD]东森电影 *wj,https://stream1.freetv.fun/dong-sen-dian-ying---wj-3.m3u8,网络源,https://epg.pw/media/images/channel/2022/05/06/large/20220506164750276114_35.png,5.821,未分组,,error,0.0
[HD]东森财经新闻,https://stream1.freetv.fun/dong-sen-cai-jing-xin-wen-3.ctv,网络源,https://epg.pw/media/images/channel/2023/06/14/large/20230614213306996395_10.jpg,15.750,未分组,,error,0.0
CWB TV (720p),https://59d39900ebfb8.streamlock.net/cwbtv/cwbtv/playlist.m3u8,网络源,https://i.imgur.com/S0ISpmU.png,0.609,未分组,,error,0.0
[HD]民视hd *wj[geo-blocked],https://stream1.freetv.fun/min-shi-hd--wj-1.m3u8,网络源,https://epg.pw/media/images/channel/2023/07/24/large/20230724151437383611_37.png,2.609,未分组,,error,0.0
è§£è¯´_å°å†‰çœ‹ç”µå½±,http://live.nctv.top/huya.php?id=17341907,网络源,,3.422,未分组,,error,0.0
è¥é˜³ç»¼åˆ,http://tvpull.dxhmt.cn:9081/tv/10182-1.m3u8,网络源,https://gh.catmak.name/https://raw.githubusercontent.com/fanmingming/live/main/tv/è¥é˜³ç»¼åˆ.png,0.069,未分组,,error,0.0
NewsNet (720p) [Not 24/7],https://2-fss-2.streamhoster.com/pl_138/amlst:201950-1311088/playlist.m3u8,网络源,https://upload.wikimedia.org/wikipedia/commons/9/98/NewsNetLogo2022.png,0.258,未分组,,error,0.0
Star Kiran (576p),https://live.dinesh29.com.np/stream/jiotvplus/starkiran/master.m3u8,网络源,https://upload.wikimedia.org/wikipedia/commons/a/a4/Star_Kiran_logo_2023.png,3.038,未分组,,error,0.0
å±±ä¸œå«è§†,http://ygbh.site/php/bfgd.php?id=099,网络源,,1.042,未分组,,error,0.0
è¥é˜³ç»¼åˆ,http://tvpull.dxhmt.cn:9081/tv/10182-1.m3u8?zhend,网络源,https://gh.catmak.name/https://raw.githubusercontent.com/fanmingming/live/main/tv/è¥é˜³ç»¼åˆ.png,0.063,未分组,,error,0.0
CCTV13,https://stream1.freetv.fun/069b3db18ed7e22abd36bc19d185900fc7b42b88e7ffb7c04bbec2300ed1aada.m3u8,网络源,,1.671,未分组,,ok; 伪源相似度: 1.0000,1.0
[VGA]nfl redzone,https://stream1.freetv.fun/nfl-redzone-1.ctv,网络源,https://epg.pw/media/images/channel/2023/01/25/large/20230125165404930106_48.jpg,2.808,未分组,,ok; 伪源相似度: 0.9844,0.9844
[BD]nhan dan tv[geo-blocked],https://stream1.freetv.fun/nhan-dan-tv-1.m3u8,网络源,https://epg.pw/media/images/channel/2017/12/25/large/20171225202316819491_57.jpg,1.687,未分组,,error,0.0
[HD]ช่อง nhk world tv,https://stream1.freetv.fun/ch-ng-nhk-world-tv-1.m3u8,网络源,https://epg.pw/media/images/channel/2022/05/13/large/20220513225311089225_30.jpg,1.331,未分组,,ok; 伪源相似度: 1.0000,1.0
CCTV13,https://stream1.freetv.fun/a9631c113e023803a095cdee3ce217ee78fdc91d2374789f5fcbf3181dd265d4.m3u8,网络源,,1.598,未分组,,ok; 伪源相似度: 1.0000,1.0
å±±ä¸œå«è§†,http://111.61.236.247:9081/hls/31/index.m3u8,网络源,,12.539,未分组,,error,0.0
ç¦¹å·å…¬å…±,http://tvpull.dxhmt.cn:9081/tv/11081-2.m3u8,网络源,https://gh.catmak.name/https://raw.githubusercontent.com/fanmingming/live/main/tv/ç¦¹å·å…¬å…±.png,0.064,未分组,,error,0.0
è§£è¯´_ç”µå½±ç‹‚äºº,http://live.nctv.top/huya.php?id=18715610,网络源,,1.613,未分组,,error,0.0
CCTV13,http://kkk.888.3116598.xyz/api.php?n=tttt&id=8D6cm9&tk=FgM0vQMejxvG,网络源,,0.268,未分组,,error,0.0
CCTV13,http://kkk.888.3116598.xyz/api.php?n=tttt&id=rWsEHS&tk=FgM0vQMejxvG,网络源,,0.247,未分组,,error,0.0
è§£è¯´_æ–Œå“¥æ¼«è¯´,http://live.nctv.top/huya.php?id=18632116,网络源,,2.160,未分组,,error,0.0
å±±ä¸œå«è§†,http://153.0.171.163:9901/tsfile/live/0131_1.m3u8?key=txiptv&playlive=1&authid=0,网络源,,2.420,未分组,,error,0.0
è§£è¯´_ææ€–ç”µå½±è§£è¯´,https://live.metshop.top/huya/16741179,网络源,,3.530,未分组,,ok; 伪源相似度: 1.0000,1.0
é’æµ·å«è§†,http://8.138.7.223/tv/migu3.php?id=qhws,网络源,,1.162,未分组,,error,0.0
è§£è¯´_ç»­å“¥è¯´ç”µå½±,http://live.nctv.top/huya.php?id=24396472,网络源,,2.407,未分组,,error,0.0
çµå®æ–°é—»ç»¼åˆ,http://tvpull.dxhmt.cn:9081/tv/11282-1.m3u8?zhend,网络源,https://gh.catmak.name/https://raw.githubusercontent.com/fanmingming/live/main/tv/çµå®æ–°é—»ç»¼åˆ.png,0.083,未分组,,error,0.0
CCTV13,http://kkk.888.3116598.xyz/api.php?n=tttt&id=a62xON&tk=FgM0vQMejxvG,网络源,,0.265,未分组,,error,0.0
CCTV13,https://stream1.freetv.fun/3a63799dd08492a3543a3676a9029d110e51ad0ce3573faeb844f5dcd6b24767.m3u8,网络源,,1.794,未分组,,ok; 伪源相似度: 1.0000,1.0
Vasantham [Geo-blocked],https://d39v9xz8f7n8tk.cloudfront.net/hls/clr4ctv_vsnthm/master.m3u8,网络源,https://i.imgur.com/vqVEcuT.png,0.130,未分组,,error,0.0
Insync (576p),https://yuppftalive.akamaized.net/080823/insync/playlist.m3u8,网络源,https://i.imgur.com/fAJdazJ.png,0.128,未分组,,error,0.0
è§£è¯´_ç§‘å¹»æ¢¦å·¥åœº,http://live.nctv.top/huya.php?id=15152155,网络源,,1.365,未分组,,error,0.0
Valley Shore Community Television (VSCTV) (Clinton CT) (1080p),https://reflect-vsctv.cablecast.tv/live-3/live/live.m3u8,网络源,https://i.imgur.com/cn6pAEZ.png,0.363,未分组,,error,0.0
è§£è¯´_å†·å›è¯´ç”µå½±,https://live.metshop.top/huya/16739452,网络源,,3.728,未分组,,ok; 伪源相似度: 1.0000,1.0
é’æµ·å«è§†,http://ygbh.site/php/bfgd.php?id=111,网络源,,1.042,未分组,,error,0.0
DaAi2 (大愛2) (720p),https://pulltv2.wanfudaluye.com/live/tv2.m3u8,网络源,https://i.imgur.com/KdJi9af.png,0.433,未分组,,error,0.0
ç”˜è‚ƒå«è§†,http://goo.bkpcp.top/mg/gsws,网络源,https://gh.catmak.name/https://raw.githubusercontent.com/fanmingming/live/main/tv/ç”˜è‚ƒå«è§†.png,7.573,未分组,,error,0.0
Star Trek Deep Space Nine,http://cfd-v4-service-channel-stitcher-use1-1.prd.pluto.tv/stitch/hls/channel/65c69bbfd77d450008c7ffee/master.m3u8?appName=web&appVersion=unknown&clientTime=0&deviceDNT=0&deviceId=6c2bd7a3-30d3-11ef-9cf5-e9ddff8ff496&deviceMake=Chrome&deviceModel=web&deviceType=web&deviceVersion=unknown&includeExtendedEvents=false&serverSideAds=false&sid=6e3a3277-9d15-4813-a57c-5547e9d53d6e,网络源,,1.418,未分组,,ok; 伪源相似度: 1.0000,1.0
CCTV13,http://kkk.888.3116598.xyz/api.php?n=tttt&id=0OGyQt&tk=FgM0vQMejxvG,网络源,,0.257,未分组,,error,0.0
å±±è¥¿å«è§†,https://stream1.freetv.fun/shan-xi-wei-shi-126.m3u8,网络源,,1.176,未分组,,error,0.0
æ»‘å¿æ–°é—»,http://tvpull.dxhmt.cn:9081/tv/10526-1.m3u8?%E5%85%B3%E6%B3%A8%E5%BE%AE%E4%BF%A1%E5%85%AC%E4%BC%97%E5%8F%B7[%E6%99%B4%E5%9B%AD],网络源,https://gh.catmak.name/https://raw.githubusercontent.com/fanmingming/live/main/tv/æ»‘å¿æ–°é—».png,0.079,未分组,,error,0.0
NFL Sunday Ticket 1,http://fl2.moveonjoy.com/NFL_1/index.m3u8,网络源,https://i.imgur.com/OhHxZrE.png,0.393,未分组,,error,0.0
è§£è¯´_æ¶µå“¥è¯„ç”µå½±,http://live.nctv.top/huya.php?id=16865726,网络源,,3.486,未分组,,error,0.0
CCTV13,http://kkk.888.3116598.xyz/api.php?n=tttt&id=cfGBkp&tk=FgM0vQMejxvG,网络源,,0.256,未分组,,error,0.0
DaAi1 (大愛1) (720p),https://pulltv1.wanfudaluye.com/live/tv1.m3u8,网络源,https://i.imgur.com/KdJi9af.png,0.499,未分组,,error,0.0
CCTV13,https://stream1.freetv.fun/ff24d77ced50923220b10cafbe5ffaeb6cb8c38a4b5cf52c0fc09d0ce4ef93b3.m3u8,网络源,,1.613,未分组,,ok; 伪源相似度: 1.0000,1.0
è§£è¯´_åˆ˜è€å¸ˆè¯´ç”µå½±,https://live.metshop.top/huya/20289754,网络源,,2.197,未分组,,ok; 伪源相似度: 1.0000,1.0
æµæºç”µè§†ä¸€å¥—,http://tvpull.dxhmt.cn:9081/tv/19001-1.m3u8?zhend,网络源,https://gh.catmak.name/https://raw.githubusercontent.com/fanmingming/live/main/tv/æµæºç”µè§†ä¸€å¥—.png,0.064,未分组,,error,0.0
[HD]纬来精彩[geo-blocked],https://stream1.freetv.fun/wei-lai-jing-cai-1.m3u8,网络源,https://epg.pw/media/images/channel/2024/08/18/large/20240818065801909180_50.png,2.378,未分组,,ok; 伪源相似度: 1.0000,1.0
Dacha,https://uvotv-aniview.global.ssl.fastly.net/hls/live/2119693/dacha/playlist.m3u8,网络源,https://i.imgur.com/xq6p9BZ.png,0.110,未分组,,error,0.0
[BD]纬来育乐[geo-blocked],https://stream1.freetv.fun/wei-lai-yu-le-2.ctv,网络源,https://epg.pw/media/images/channel/2023/07/22/large/20230722124851344289_73.png,1.133,未分组,,ok; 伪源相似度: 1.0000,1.0
é’æµ·å«è§†,http://221.2.148.205:8154/tsfile/live/0140_1.m3u8,网络源,,2.889,未分组,,error,0.0
CCTV13,http://kkk.888.3116598.xyz/api.php?n=tttt&id=3eaJ7u&tk=FgM0vQMejxvG,网络源,,0.253,未分组,,error,0.0
æµæºç”µè§†ä¸€å¥—,http://tvpull.dxhmt.cn:9081/tv/19001-1.m3u8,网络源,https://gh.catmak.name/https://raw.githubusercontent.com/fanmingming/live/main/tv/æµæºç”µè§†ä¸€å¥—.png,0.080,未分组,,error,0.0
å¹¿è¥¿å«è§†,https://smart.pendy.dpdns.org/Smart.php?id=guangxi,网络源,https://gh.catmak.name/https://raw.githubusercontent.com/fanmingming/live/main/tv/å¹¿è¥¿å«è§†.png,0.911,未分组,,error,0.0
CCTV13,https://stream1.freetv.fun/c92658f2e78926bac3fafe31855e6ef360b3e25e974deae70e74d425dcb4b2c1.m3u8,网络源,,1.609,未分组,,ok; 伪源相似度: 1.0000,1.0
CCTV13,https://epg.pw/stream/5d3d047c64e44d0a24dc33e5700e579457201d2960036b43819bd930a0bb76a7.m3u8,网络源,,1.294,未分组,,ok; 伪源相似度: 1.0000,1.0
CCTV13,http://kkk.888.3116598.xyz/api.php?n=tttt&id=ctTjyy&tk=FgM0vQMejxvG,网络源,,0.252,未分组,,error,0.0
Intermediate League Curaçao [Geo-blocked],https://streannlivecariflix.cachefly.net/cariflix12/cariflix12/playlist.m3u8,网络源,,0.112,未分组,,error,0.0
é¦™æ¸¯å«è§†,https://stream1.freetv.fun/ae7eaf28d8610cdc1651ef6a1f7dbb24b49c5a87627d0d881330afaea37a1616.m3u8,网络源,,1.418,未分组,,ok; 伪源相似度: 1.0000,1.0
å±±è¥¿å«è§†,http://kkk.888.3116598.xyz/api.php?n=tttt&id=PFfCYf&tk=FgM0vQMejxvG,网络源,,0.251,未分组,,error,0.0
å±±è¥¿å«è§†,http://kkk.888.3116598.xyz/api.php?n=tttt&id=wS5zjM&tk=FgM0vQMejxvG,网络源,,0.269,未分组,,error,0.0
Star TV,https://uvotv-aniview.global.ssl.fastly.net/hls/live/2119691/startv/playlist.m3u8,网络源,https://i.imgur.com/pLfcg0r.png,0.096,未分组,,error,0.0
è§£è¯´_æ‰è±†çœ‹ç”µå½±,http://live.nctv.top/huya.php?id=16028551,网络源,,5.910,未分组,,error,0.0
è§£è¯´_ä¹Œè´¼è¯´ç”µå½±,https://live.metshop.top/huya/16604522,网络源,,4.205,未分组,,ok; 伪源相似度: 1.0000,1.0
å±±ä¸œå«è§†,http://8.138.7.223/tv/migu3.php?id=sdws,网络源,,1.222,未分组,,error,0.0
å±±è¥¿å«è§†,http://kkk.888.3116598.xyz/api.php?n=tttt&id=eygoau&tk=FgM0vQMejxvG,网络源,,0.266,未分组,,error,0.0
Blaze (576p) [Geo-blocked],https://live-blaze-ssai.simplestreamcdn.com/v1/master/774d979dd66704abea7c5b62cb34c6815fda0d35/blaze-live-broadcast-scte/index.m3u8,网络源,https://i.imgur.com/6UcPWP9.png,0.308,未分组,,error,0.0
Star TV (720p) [Not 24/7],https://dogus-live.daioncdn.net/startv/startv.m3u8,网络源,https://i.imgur.com/9O3DHRB.png,0.488,未分组,,error,0.0
CCTV13,http://kkk.888.3116598.xyz/api.php?n=tttt&id=RVGrOZ&tk=FgM0vQMejxvG,网络源,,0.254,未分组,,error,0.0
CCTV13,http://kkk.888.3116598.xyz/api.php?n=tttt&id=b9W20q&tk=FgM0vQMejxvG,网络源,,0.270,未分组,,error,0.0
Radio Tele Fulbe,https://uvotv-aniview.global.ssl.fastly.net/hls/live/2120431/telefulbe/playlist.m3u8,网络源,https://i.imgur.com/NVRbE2m.jpeg,0.098,未分组,,error,0.0
å±±ä¸œå«è§†,https://www.yangshipin.cn/tv/home?pid=600002513,网络源,,5.570,未分组,,error,0.0
å±±è¥¿å«è§†,http://kkk.888.3116598.xyz/api.php?n=tttt&id=sWc8AV&tk=FgM0vQMejxvG,网络源,,0.263,未分组,,error,0.0
Radio Taormina Sicilia (720p) [Not 24/7],https://stream2.xdevel.com/video1s3-7/stream/playlist.m3u8,网络源,https://i.imgur.com/SrhtocV.png,0.583,未分组,,error,0.0
è§£è¯´_é˜¿æ–—è¯´ç”µå½±,http://live.nctv.top/huya.php?id=13303478,网络源,,2.113,未分组,,error,0.0
å±±è¥¿å«è§†,http://kkk.888.3116598.xyz/api.php?n=tttt&id=XCPL4p&tk=FgM0vQMejxvG,网络源,,0.267,未分组,,error,0.0
CCTV13,https://stream1.freetv.fun/75449846fdd70f3b2b1acd620272504c630d0f9a3c306d1fb45c459e7c641fe5.m3u8,网络源,,1.625,未分组,,ok; 伪源相似度: 1.0000,1.0
Intermedia TV (576p) [Not 24/7],http://83.103.150.198:8080,网络源,https://i.imgur.com/cNXM4Mu.png,0.320,未分组,,error,0.0
è§£è¯´_æ‰è±†çœ‹ç”µå½±,https://www.goodiptv.club/huya/16028551,网络源,,2.733,未分组,,error,0.0
è§£è¯´_æ‰è±†çœ‹ç”µå½±,https://live.metshop.top/huya/16028551,网络源,,3.072,未分组,,error,0.0
CCTV13,https://stream1.freetv.fun/03708eabf767c88c351b767a1f625c4a6a26af598b506db563767d59720bf332.m3u8,网络源,,1.603,未分组,,ok; 伪源相似度: 1.0000,1.0
Bir TV (720p),https://live.artidijitalmedya.com/artidijital_birtv/birtv/playlist.m3u8,网络源,https://birtv.tv/assets/upload/637f83951df60.png,15.375,未分组,,error,0.0
åº·å·´å«è§†,https://stream1.freetv.fun/e1854d983296da1d0804b07dcd259f5aafc1d7f17f59b6e0001d2a0741b5c608.m3u8,网络源,,1.490,未分组,,ok; 伪源相似度: 1.0000,1.0
å±±è¥¿å«è§†,http://liveflash.sxrtv.com/live/sxwshd.m3u8?sub_m3u8=true&edge_slice=true,网络源,,1.828,未分组,,error,0.0
Binh Phuoc TV 1 (720p),https://live.baobinhphuoc.com.vn/bptvlive/tv1live.m3u8,网络源,https://i.postimg.cc/15v88Bxx/BPTV1-logo.png,2.547,未分组,,error,0.0
è§£è¯´_è€çš®è®²ç”µå½±,http://live.nctv.top/huya.php?id=16968572,网络源,,5.522,未分组,,error,0.0
CCTV13,https://stream1.freetv.fun/45f42d1a050cf53e2d50d82e9c5091876cc2c2a46d16ada78a48b171e214bba7.m3u8,网络源,,6.531,未分组,,ok; 伪源相似度: 1.0000,1.0
Vedia (1080p),https://tvlocales-live.freecaster.com/vedia/95d2f480-b0b0-4027-9f4a-057183312305/95d2f480-b0b0-4027-9f4a-057183312305.isml/master.m3u8,网络源,https://i.postimg.cc/pLCCptZT/vedia.png,0.203,未分组,,error,0.0
åº·å·´å«è§†,http://kkk.888.3116598.xyz/api.php?n=tttt&id=slYPRK&tk=FgM0vQMejxvG,网络源,,0.263,未分组,,error,0.0
CCTV13,https://stream1.freetv.fun/a1968efdac6a00d9b145649a1df4f2f4215882aa467305813824d1953a5b5b33.m3u8,网络源,,1.827,未分组,,ok; 伪源相似度: 1.0000,1.0
è§£è¯´_å°å·ä¾ƒç”µå½±,https://live.metshop.top/huya/15870999,网络源,,3.283,未分组,,error,0.0
æµ·å—å«è§†,http://j.x.bkpcp.top/jx/HAINHD,网络源,https://gh.catmak.name/https://raw.githubusercontent.com/fanmingming/live/main/tv/æµ·å—å«è§†.png,0.911,未分组,,error,0.0
Inspira TV (720p) [Not 24/7],https://inspiratv.siar.us/inspiratv/live/playlist.m3u8,网络源,https://i.imgur.com/BF5orkg.png,4.085,未分组,,error,0.0
å±±ä¸œå«è§†,http://182.150.23.74:808/hls/23/index.m3u8,网络源,,19.091,未分组,,error,0.0
åº·å·´å«è§†,http://kkk.888.3116598.xyz/api.php?n=tttt&id=mwhS1w&tk=FgM0vQMejxvG,网络源,,0.253,未分组,,error,0.0
Biznet Adventure (1080p),http://livestream.biznetvideo.net/biznet_adventure/smil:adventure.smil/playlist.m3u8,网络源,https://i.imgur.com/ZREy4zM.png,3.878,未分组,,error,0.0
CCTV13,https://stream1.freetv.fun/a3f6e6023db71ce61b0fbbf6a5ec07d146303cf549f2e774bb31d94d4527ddf6.m3u8,网络源,,1.671,未分组,,ok; 伪源相似度: 1.0000,1.0
è§£è¯´_è™å¦è¯´ç”µå½±,http://live.nctv.top/huya.php?id=20343144,网络源,,3.470,未分组,,error,0.0
å˜‰ä½³å¡é€š,https://stream1.freetv.fun/jia-jia-qia-tong-8.m3u8,网络源,,1.455,未分组,,error,0.0
[BD]台视新聞,https://stream1.freetv.fun/tai-shi-xin-wen-21.m3u8,网络源,https://epg.pw/media/uploads/tmp_logo/2016/11/22/20161122123940121042_91.png,3.174,未分组,,ok; 伪源相似度: 1.0000,1.0
å˜‰ä½³å¡é€š,https://stream1.freetv.fun/jia-jia-qia-tong-4.ctv,网络源,,1.273,未分组,,ok; 伪源相似度: 1.0000,1.0
Star Suvarna Plus (576p),https://live.dinesh29.com.np/stream/jiotvplus/suvarnaplus/master.m3u8,网络源,https://i.imgur.com/xlCOq0l.png,8.243,未分组,,error,0.0
Vechtdal TV (480p),https://ms2.mx-cd.net/tv/81-334271/VechtdalTV.smil/playlist.m3u8,网络源,https://i.postimg.cc/4xswf3pq/vechtdaltv.png,3.766,未分组,,ok; 伪源相似度: 0.9688,0.9688
CCTV13,https://stream1.freetv.fun/eaf6b9b2d576f79181b6050707c8f5729d82f01658112c9f03adca8de05b057e.m3u8,网络源,,1.623,未分组,,ok; 伪源相似度: 1.0000,1.0
è§£è¯´_ç–¯ç‹‚è§£è¯´å®¶,https://live.metshop.top/huya/18366196,网络源,,1.430,未分组,,ok; 伪源相似度: 1.0000,1.0
åº·å·´å«è§†,http://111.202.12.159:8080/3zvkK28/1000/live.m3u8,网络源,,0.988,未分组,,error,0.0
å±±è¥¿å«è§†,http://111.43.126.240:9003/hls/61/index.m3u8,网络源,,0.533,未分组,,error,0.0
å˜‰ä½³å¡é€š,http://kkk.888.3116598.xyz/api.php?n=tttt&id=utuxH9&tk=FgM0vQMejxvG,网络源,,0.252,未分组,,error,0.0
åº·å·´å«è§†,https://stream1.freetv.fun/kang-ba-wei-shi-9.m3u8,网络源,,1.422,未分组,,error,0.0
è§£è¯´_ç§‘å¹»æ¢¦å·¥åœº,https://live.metshop.top/huya/15152155,网络源,,2.390,未分组,,error,0.0
å˜‰ä½³å¡é€š,http://kkk.888.3116598.xyz/api.php?n=tttt&id=RdZYoe&tk=FgM0vQMejxvG,网络源,,0.249,未分组,,error,0.0
CCTV12,http://dms.yryyj.site:8188/udp/239.76.246.162:1234,网络源,,5.791,未分组,,error,0.0
æ²³å—éƒ½å¸‚,https://live.lalifeier.eu.org/hntv/hnds.m3u8?t=1745796321&key=fe18400b0aeee777efcd1e3282435d28,网络源,https://gh.catmak.name/https://raw.githubusercontent.com/fanmingming/live/main/tv/æ²³å—éƒ½å¸‚.png,1.917,未分组,,error,0.0
åº·å·´å«è§†,http://111.202.12.159:8080/kYGHWzA/1000/live.m3u8,网络源,,5.729,未分组,,error,0.0
CCTV13,https://stream1.freetv.fun/5faa47be190587cc85b9a83523c5bff88b5440ff623beb37d113818557a34903.m3u8,网络源,,1.846,未分组,,ok; 伪源相似度: 1.0000,1.0
å˜‰ä½³å¡é€š,https://stream1.freetv.fun/ipv6-jia-jia-qia-tong-32.m3u8,网络源,,0.667,未分组,,error,0.0
æ²³å—éƒ½å¸‚,https://stream1.freetv.fun/he-nan-du-shi-1.ctv,网络源,https://gh.catmak.name/https://raw.githubusercontent.com/fanmingming/live/main/tv/æ²³å—éƒ½å¸‚.png,0.990,未分组,,ok; 伪源相似度: 1.0000,1.0
CCTV13,https://stream1.freetv.fun/d0930eb9d0d22a809891cd6a4828a6887219e9db31801066a6684286d00a048c.m3u8,网络源,,1.511,未分组,,ok; 伪源相似度: 1.0000,1.0
æ²³å—éƒ½å¸‚,https://migu.188766.xyz/?migutoken=d8baa9c6f8f07f20ac65a02d15b59731&id=%E9%83%BD%E5%B8%82%E9%A2%91%E9%81%93&type=yy,网络源,https://gh.catmak.name/https://raw.githubusercontent.com/fanmingming/live/main/tv/æ²³å—éƒ½å¸‚.png,0.581,未分组,,ok; 伪源相似度: 1.0000,1.0
ION Mystery (1080p),https://livetv-fa.tubi.video/ion-mystery/playlist.m3u8,网络源,,0.126,未分组,,error,0.0
[SD]cbbc bbc 4 uhd *m[geo-blocked],https://stream1.freetv.fun/cbbc-bbc-4-uhd--m-1.ctv,网络源,https://epg.pw/media/uploads/tmp_logo/2015/07/22/20150722072348890050_23.png,1.340,未分组,,error,0.0
å®‰å¤šå«è§†,http://kkk.jjjj.jiduo.me/api.php?n=tttt&id=8105&tk=2aca1ad9a849,网络源,,0.182,未分组,,error,0.0
å˜‰ä½³å¡é€š,https://stream1.freetv.fun/jia-jia-qia-tong-25.ctv,网络源,,1.274,未分组,,ok; 伪源相似度: 1.0000,1.0
æ²³å—éƒ½å¸‚,https://live.lalifeier.eu.org/hntv/hnds.m3u8?t=1746307365&key=d2cc347e46058bc7b0e9200005d7f1ca,网络源,https://gh.catmak.name/https://raw.githubusercontent.com/fanmingming/live/main/tv/æ²³å—éƒ½å¸‚.png,4.264,未分组,,error,0.0
æ²³å—éƒ½å¸‚,https://live.lalifeier.eu.org/hntv/hnds.m3u8?t=1746393735&key=15d3cc47dac12d622b6ca5af30779f06,网络源,https://gh.catmak.name/https://raw.githubusercontent.com/fanmingming/live/main/tv/æ²³å—éƒ½å¸‚.png,4.836,未分组,,error,0.0
[HD]bbc 1 *wj,https://stream1.freetv.fun/bbc-1--wj-1.m3u8,网络源,https://epg.pw/media/images/channel/2022/02/26/large/20220226164814064929_90.png,3.244,未分组,,error,0.0
æ²³å—éƒ½å¸‚,https://migu.188766.xyz/?migutoken=5ab0a2d34ef3366f289ccd133957afd4&id=%E9%83%BD%E5%B8%82%E9%A2%91%E9%81%93&type=yy,网络源,https://gh.catmak.name/https://raw.githubusercontent.com/fanmingming/live/main/tv/æ²³å—éƒ½å¸‚.png,0.570,未分组,,ok; 伪源相似度: 1.0000,1.0
è§£è¯´_é˜¿è‰¯è¯´å‰§,http://live.nctv.top/huya.php?id=20488841,网络源,,3.125,未分组,,error,0.0
CCTV13,https://stream1.freetv.fun/9c5ea1afac03f4018fa46799d1f2788950a59bfae9a3e5a6ce8ff257eea05c41.m3u8,网络源,,1.982,未分组,,ok; 伪源相似度: 1.0000,1.0
è§£è¯´_è¶Šå“¥è¯´ç”µå½±,http://live.nctv.top/huya.php?id=15894162,网络源,,2.592,未分组,,error,0.0
å®‰å¤šå«è§†,http://kkk.888.3116598.xyz/api.php?n=tttt&id=wRMQR6&tk=FgM0vQMejxvG,网络源,,0.264,未分组,,error,0.0
[HD]ntv,https://stream1.freetv.fun/ntv-5.m3u8,网络源,https://epg.pw/media/uploads/tmp_logo/2017/03/25/20170325213913711970_32.jpg,15.597,未分组,,error,0.0
æ²³å—éƒ½å¸‚,https://migu.188766.xyz/?migutoken=680d417192d1ff788ba116e7f091e654&id=%E9%83%BD%E5%B8%82%E9%A2%91%E9%81%93&type=yy,网络源,https://gh.catmak.name/https://raw.githubusercontent.com/fanmingming/live/main/tv/æ²³å—éƒ½å¸‚.png,0.568,未分组,,ok; 伪源相似度: 1.0000,1.0
[BD]靖天映画[geo-blocked],https://stream1.freetv.fun/jing-tian-ying-hua-1.ctv,网络源,https://epg.pw/media/images/channel/2023/07/20/large/20230720211824734749_31.png,0.786,未分组,,ok; 伪源相似度: 1.0000,1.0
Vásárhelyi Televízió (576p),https://stream.vasarhelyitelevizio.hu/stream/stream.m3u8,网络源,https://i.imgur.com/WOEqdmx.png,5.207,未分组,,error,0.0
æ²³åŒ—å«è§†,https://live.lalifeier.eu.org/hebtv/hbws.m3u8?t=1746372302&key=b89007ab1e7b4801eaa22ec0048feb91,网络源,https://gh.catmak.name/https://raw.githubusercontent.com/fanmingming/live/main/tv/æ²³åŒ—å«è§†.png,0.921,未分组,,error,0.0
[BD]靖天映画[geo-blocked],https://stream1.freetv.fun/jing-tian-ying-hua-3.ctv,网络源,https://epg.pw/media/images/channel/2023/07/20/large/20230720211824734749_31.png,0.971,未分组,,ok; 伪源相似度: 1.0000,1.0
DanceTV House Floor (1080p),https://m2b2.worldcast.tv:7443/dancetelevisionfive/dancetelevisionfive.m3u8,网络源,https://www.lyngsat.com/logo/tv/dd/dance-tv-nl.png,2.883,未分组,,error,0.0
æ²³åŒ—å«è§†,https://live.lalifeier.eu.org/hebtv/hbws.m3u8?t=1746379256&key=a57b84a2794040fb1e29774491cff353,网络源,https://gh.catmak.name/https://raw.githubusercontent.com/fanmingming/live/main/tv/æ²³åŒ—å«è§†.png,1.097,未分组,,error,0.0
Siris TV (720p),https://cdn.streammy.events/siris/playout/playlist.m3u8,网络源,https://i.imgur.com/4qKe18X.png,19.915,未分组,,error,0.0
DanceTV Algorhythm (1080p),https://m2b2.worldcast.tv:7443/dancetelevisionfour/dancetelevisionfour.m3u8,网络源,,2.495,未分组,,error,0.0
[BD]靖天资讯[geo-blocked],https://stream1.freetv.fun/jing-tian-zi-xun-4.ctv,网络源,https://epg.pw/media/images/channel/2023/07/20/large/20230720211439196918_86.png,1.123,未分组,,ok; 伪源相似度: 1.0000,1.0
NHK Kishou Saigai (360p) [Not 24/7],https://newssimul-stream.nhk.jp/hls/live/2010561/nhknewssimul/master.m3u8,网络源,https://i.imgur.com/oWKCBIz.png,3.672,未分组,,error,0.0
[BD]靖天资讯[geo-blocked],https://stream1.freetv.fun/jing-tian-zi-xun-3.ctv,网络源,https://epg.pw/media/images/channel/2023/07/20/large/20230720211439196918_86.png,0.933,未分组,,ok; 伪源相似度: 1.0000,1.0
NHL Center Ice 14 (720p),http://fl1.moveonjoy.com/NHL_14/index.m3u8,网络源,https://i.imgur.com/pBKZZ8z.png,1.117,未分组,,error,0.0
é™•è¥¿å«è§†,http://123.130.84.106:8154/tsfile/live/0136_1.m3u8?key=txiptv&playlive=1&authid=0,网络源,,4.138,未分组,,error,0.0
Dao Lane Xang (720p) [Not 24/7],https://livefta.malimarcdn.com/ftaedge00/khaomwungmai.sdp/playlist.m3u8,网络源,https://i.imgur.com/yE7nZ6w.png,0.779,未分组,,ok; 伪源相似度: 1.0000,1.0
æ²³åŒ—å«è§†,https://jwplay.hebyun.com.cn/live/hbwstv/1500k/tzwj_video.m3u8,网络源,https://gh.catmak.name/https://raw.githubusercontent.com/fanmingming/live/main/tv/æ²³åŒ—å«è§†.png,4.556,未分组,,ok; 伪源相似度: 1.0000,1.0
NHL Centre Ice 4,http://fl1.moveonjoy.com/NHL_4/index.m3u8,网络源,https://i.imgur.com/pBKZZ8z.png,0.312,未分组,,error,0.0
Radio Ideal 104.7 FM (La Esperanza) (720p) [Not 24/7],https://www.idealfm104-7.com/hls/0/stream.m3u8,网络源,https://i.imgur.com/chPfoOs.png,8.379,未分组,,ok; 伪源相似度: 0.9531,0.9531
[BD]靖天资讯[geo-blocked],https://stream1.freetv.fun/jing-tian-zi-xun-1.ctv,网络源,https://epg.pw/media/images/channel/2023/07/20/large/20230720211439196918_86.png,0.992,未分组,,ok; 伪源相似度: 1.0000,1.0
è§£è¯´_å«¦å¨¥æ’©ç”µå½±,https://live.metshop.top/huya/18201106,网络源,,8.006,未分组,,error,0.0
CCTV13,http://kkk.888.3116598.xyz/api.php?n=tttt&id=ZiNrmy&tk=FgM0vQMejxvG,网络源,,0.261,未分组,,error,0.0
StarTalk TV,http://cfd-v4-service-channel-stitcher-use1-1.prd.pluto.tv/stitch/hls/channel/65775a88b3801200084a39ed/master.m3u8?appName=web&appVersion=unknown&clientTime=0&deviceDNT=0&deviceId=6c2bd7a6-30d3-11ef-9cf5-e9ddff8ff496&deviceMake=Chrome&deviceModel=web&deviceType=web&deviceVersion=unknown&includeExtendedEvents=false&serverSideAds=false&sid=cd6592b8-5304-4442-bf9d-cc398c532be8,网络源,,2.083,未分组,,ok; 伪源相似度: 1.0000,1.0
æ²³åŒ—å«è§†,http://tv.pull.hebtv.com/jishi/weishipindao.m3u8?t=2510710360&k=3d44740039027301acf8341d7361ab59,网络源,https://gh.catmak.name/https://raw.githubusercontent.com/fanmingming/live/main/tv/æ²³åŒ—å«è§†.png,0.869,未分组,,error,0.0
Starke Frauen (1080p),https://mainstreamstarkefrauen-rakuten.amagi.tv/playlist.m3u8,网络源,,13.772,未分组,,error,0.0
é™•è¥¿å«è§†,http://fxgm.fxjf.work:19901/tsfile/live/0136_1.m3u8,网络源,,3.997,未分组,,error,0.0
é’æµ·å«è§†,http://123.130.84.106:8154/tsfile/live/0140_1.m3u8,网络源,,10.080,未分组,,error,0.0
åº·å·´å«è§†,http://139.196.214.238/rtp/239.45.1.251:5140,网络源,,6.023,未分组,,error,0.0
DanceTV Deep House District (1080p),https://m1b2.worldcast.tv/dancetelevisiontwo/dancetelevisiontwo.m3u8,网络源,https://www.lyngsat.com/logo/tv/dd/dance-tv-nl.png,2.541,未分组,,error,0.0
[HD]ช่อง bbc first,https://stream1.freetv.fun/ch-ng-bbc-first-1.m3u8,网络源,https://epg.pw/media/images/channel/2019/03/04/large/20190304000008060329_57.png,1.348,未分组,,ok; 伪源相似度: 1.0000,1.0
Venus Media (720p),https://rds3gen.desdeparaguay.net/venusmedia/venusmedia/.m3u8,网络源,https://i.imgur.com/XwmUbfp.png,0.345,未分组,,error,0.0
DanceTV Techno Warehouse (1080p),https://m2b2.worldcast.tv:7443/dancetelevisionthree/dancetelevisionthree.m3u8,网络源,https://www.lyngsat.com/logo/tv/dd/dance-tv-nl.png,2.592,未分组,,error,0.0
æ²³å—å«è§†,http://tvpull.dxhmt.cn:9081/tv/11425-1.m3u8,网络源,https://gh.catmak.name/https://raw.githubusercontent.com/fanmingming/live/main/tv/æ²³å—å«è§†.png,0.863,未分组,,error,0.0
åº·å·´å«è§†,http://139.196.151.191:2051/rtp/239.45.1.251:5140,网络源,,6.055,未分组,,error,0.0
æ²³å—å«è§†,http://j.x.bkpcp.top/jx/HENHD,网络源,https://gh.catmak.name/https://raw.githubusercontent.com/fanmingming/live/main/tv/æ²³å—å«è§†.png,0.834,未分组,,ok; 伪源相似度: 1.0000,1.0
æ²³å—å«è§†,http://tvcdn.stream3.hndt.com/tv/65c4a6d5017e1000b2b6ea2500000000_transios/playlist.m3u8?wsSecret=7f59b59573ebfe76d91b35446bb207ad&wsTime=1746680128,网络源,https://gh.catmak.name/https://raw.githubusercontent.com/fanmingming/live/main/tv/æ²³å—å«è§†.png,0.061,未分组,,error,0.0
IQ Channel (720p),https://rtmp.info/iqtv/envivo/playlist.m3u8,网络源,https://i.imgur.com/hwuaomt.png,1.258,未分组,,error,0.0
è§£è¯´_ç”µå½±ç‹‚äºº,https://live.metshop.top/huya/18715610,网络源,,2.081,未分组,,error,0.0
æ²³å—å«è§†,http://tvcdn.stream3.hndt.com/tv/65c4a6d5017e1000b2b6ea2500000000_transios/playlist.m3u8?wsSecret=6f3c30aef2893c05d80306781c41bb94&wsTime=1746615649,网络源,https://gh.catmak.name/https://raw.githubusercontent.com/fanmingming/live/main/tv/æ²³å—å«è§†.png,0.063,未分组,,error,0.0
è§£è¯´_é˜¿é’™æ‰’ç,http://live.nctv.top/huya.php?id=15978172,网络源,,2.933,未分组,,error,0.0
é’æµ·å«è§†,http://123.130.84.106:8154/tsfile/live/0140_1.m3u8?key=txiptv&playlive=1&authid=0,网络源,,16.524,未分组,,error,0.0
é–å¤©å¡é€š,https://stream1.freetv.fun/jing-tian-qia-tong-1.m3u8,网络源,,1.255,未分组,,ok; 伪源相似度: 1.0000,1.0
è§£è¯´_é¹¿å“¥ç”µå½±,http://live.nctv.top/huya.php?id=24396360,网络源,,2.431,未分组,,error,0.0
CCTV13,https://api.olelive.com/dis/live/CCTV13HD/hls.m3u8,网络源,,1.371,未分组,,error,0.0
Iqraa Quran (1080p),https://playlist.fasttvcdn.com/pl/dlkqw1ftuvuuzkcb4pxdcg/Iqraafasttv2/playlist.m3u8,网络源,https://i.imgur.com/HPVsIa4.png,8.487,未分组,,error,0.0
Stellar TV (1080p),https://d3kddmbw1dqgzz.cloudfront.net/scheduler/scheduleMaster/332.m3u8,网络源,,0.691,未分组,,error,0.0
å±±è¥¿å«è§†,http://ygbh.site/php/bfgd.php?id=109,网络源,,1.066,未分组,,error,0.0
é–å¤©å¡é€š,http://breezy-audrie-zspace-7524863c.koyeb.app/vipsir?token=leifeng&id=4gtv-4gtv044,网络源,,6.309,未分组,,error,0.0
è§£è¯´_é»˜çˆ·ä¾ƒç”µå½±,http://live.nctv.top/huya.php?id=17204307,网络源,,2.824,未分组,,error,0.0
å‰æ—å«è§†,http://z.b.bkpcp.top/m.php?id=jlws,网络源,https://gh.catmak.name/https://raw.githubusercontent.com/fanmingming/live/main/tv/å‰æ—å«è§†.png,0.854,未分组,,error,0.0
CCTV13,http://221.2.148.205:8154/tsfile/live/0013_1.m3u8?key=txiptv&playlive=1&authid=0,网络源,,2.780,未分组,,error,0.0
å¹¿ä¸œå«è§†,https://stream1.freetv.fun/79202aa439fc4fb94a8304f8608737f7cff1626f2b42aa6d5552ecfc2bcacbaf.m3u8,网络源,,1.770,未分组,,ok; 伪源相似度: 1.0000,1.0
Sterk TV,https://trn09.bozztv.com/gin-sterk/index.m3u8,网络源,https://i.imgur.com/bIheNAI.png,0.192,未分组,,error,0.0
å±±ä¸œå«è§†,http://dms.yryyj.site:8188/udp/239.76.246.195:1234,网络源,,5.728,未分组,,error,0.0
Velayat TV,https://ncdn.telewebion.com/velayat/live/playlist.m3u8,网络源,https://static.telewebion.com/channelsLogo/ae05de5b-9fe4-4012-900a-4d0763d6fafc/default,8.654,未分组,,error,0.0
å¹¿ä¸œå«è§†,https://stream1.freetv.fun/83cb195384d56301c888d89f92f507201cff9f93ff2b2b6ad0dee9fcbf7751ce.m3u8,网络源,,1.609,未分组,,ok; 伪源相似度: 1.0000,1.0
å‰æ—å«è§†,http://j.x.bkpcp.top/jx/JILHD,网络源,https://gh.catmak.name/https://raw.githubusercontent.com/fanmingming/live/main/tv/å‰æ—å«è§†.png,0.647,未分组,,ok; 伪源相似度: 1.0000,1.0
å‰æ—å«è§†,http://goo.bkpcp.top/mg/jlws,网络源,https://gh.catmak.name/https://raw.githubusercontent.com/fanmingming/live/main/tv/å‰æ—å«è§†.png,1.419,未分组,,error,0.0
Nick Germany (1080p) [Geo-blocked],https://0d26a00dfbb1.airspace-cdn.cbsivideo.com/nick1999/master/nick1999.m3u8,网络源,https://i.imgur.com/E84jnP8.png,0.288,未分组,,error,0.0
é¾™åå¡é€š,https://stream1.freetv.fun/long-hua-qia-tong-2.m3u8,网络源,,1.241,未分组,,ok; 伪源相似度: 1.0000,1.0
é¾™åå¡é€š,https://live.catvod.com/iptv.php?id=longhkt,网络源,,0.366,未分组,,error,0.0
Nick HD+ (1080p) [Not 24/7],https://nonprod-sports-cohort.jiocinema.com/bpk-tv/JC_NickHD/JCHLS/index.m3u8,网络源,https://i.imgur.com/nJPbTet.png,0.312,未分组,,error,0.0
CCTV4,http://42.238.237.114:9901/tsfile/live/1004_1.m3u8?key=txiptv&playlive=1&authid=0,网络源,,2.887,未分组,,error,0.0
é¾™åå¡é€š,http://breezy-audrie-zspace-7524863c.koyeb.app/vipsir?token=leifeng&id=litv-longturn01,网络源,,6.167,未分组,,error,0.0
CCTV1,http://42.238.237.114:9901/tsfile/live/0001_1.m3u8?key=txiptv&playlive=1&authid=0,网络源,,10.043,未分组,,error,0.0
å¹¿ä¸œå«è§†,https://stream1.freetv.fun/ee96d9db9508b674e311aaa5106fc4b1ce18e87659174d8c5b996329feeda4de.m3u8,网络源,,1.944,未分组,,ok; 伪源相似度: 1.0000,1.0
é–å¤©å¡é€š,http://xtvantsc.xyz/litv_ts.php?id=4gtv-4gtv044,网络源,,0.400,未分组,,error,0.0
CCTV13,http://61.156.228.12:8154/tsfile/live/0013_1.m3u8,网络源,,4.345,未分组,,error,0.0
Dava TV,https://uvotv-aniview.global.ssl.fastly.net/hls/live/2120682/davatv/playlist.m3u8,网络源,https://i.imgur.com/Kfmxg7v.png,0.139,未分组,,error,0.0
Nick Jr India (1080p),https://prod-sports-north-gm.jiocinema.com/bpk-tv/Nick_Junior_voot_MOB/Fallback/index.m3u8,网络源,https://upload.wikimedia.org/wikipedia/commons/thumb/c/c5/Nick_Jr._logo_2023_(outline).svg/512px-Nick_Jr._logo_2023_(outline).svg.png,0.128,未分组,,error,0.0
CCTV2,http://42.238.237.114:9901/tsfile/live/0002_1.m3u8?key=txiptv&playlive=1&authid=0,网络源,,8.113,未分组,,error,0.0
å¹¿ä¸œå«è§†,https://stream1.freetv.fun/789f20f011598d1de2038efdd927fd3eb7619798d61096ca13b1501a8db4292b.m3u8,网络源,,1.629,未分组,,ok; 伪源相似度: 1.0000,1.0
CCTV13,https://www.freetv.top/migu/608807423.m3u8?migutoken=776326ca258673fca618a4f3a2ff6e001516e1bd1de00a273f9321b167eace944b1fea149e58d9f61f99fdcb505524330bcadd896ad46e9264a6c57fcd05b0e7b924e3462804a5228697c43f3f,网络源,,1.229,未分组,,ok; 伪源相似度: 1.0000,1.0
å¹¿ä¸œå«è§†,https://stream1.freetv.fun/ae49dc5a860f65496e2207dc8b5f47752f9b38beba4ccf16fc1286f71708465e.m3u8,网络源,,1.676,未分组,,ok; 伪源相似度: 1.0000,1.0
è§£è¯´_é±¼ä¸¸ç”µå½±,http://live.nctv.top/huya.php?id=16615910,网络源,,2.030,未分组,,error,0.0
Stingray Classic Rock (1080p),https://lotus.stingray.com/manifest/ose-101ads-montreal/samsungtvplus/master.m3u8,网络源,https://i.imgur.com/FBgu8yB.png,0.439,未分组,,ok; 伪源相似度: 1.0000,1.0
å¹¿ä¸œå«è§†,https://stream1.freetv.fun/6787e35b48df7529fb25c86cd92936335e75d68881015ff99c3e969f57177987.m3u8,网络源,,1.104,未分组,,error,0.0
CCTV3,http://42.238.237.114:9901/tsfile/live/0009_1.m3u8?key=txiptv&playlive=1&authid=0,网络源,,11.168,未分组,,error,0.0
[BD]bbc 2 *wj,https://stream1.freetv.fun/bbc-2--wj-2.m3u8,网络源,https://epg.pw/media/images/channel/2022/05/06/large/20220506164617002603_33.png,2.810,未分组,,error,0.0
DAZN Darts x Pluto TV,http://cfd-v4-service-channel-stitcher-use1-1.prd.pluto.tv/stitch/hls/channel/64b67f0424ade50008a3be17/master.m3u8?appName=web&appVersion=unknown&clientTime=0&deviceDNT=0&deviceId=1b1d3ca3-4b81-11ef-a8ac-e146e4e7be02&deviceMake=Chrome&deviceModel=web&deviceType=web&deviceVersion=unknown&includeExtendedEvents=false&serverSideAds=false&sid=172fcc6d-73c3-48c9-86a8-04885a2af742,网络源,,0.065,未分组,,error,0.0
CCTV10,http://42.238.237.114:9901/tsfile/live/0010_1.m3u8?key=txiptv&playlive=1&authid=0,网络源,,5.363,未分组,,error,0.0
CCTV5,http://42.238.237.114:9901/tsfile/live/0005_1.m3u8?key=txiptv&playlive=1&authid=0,网络源,,5.070,未分组,,error,0.0
DAZN Darts x Pluto TV,http://cfd-v4-service-channel-stitcher-use1-1.prd.pluto.tv/stitch/hls/channel/64b67f0424ade50008a3be17/master.m3u8?appName=web&appVersion=unknown&clientTime=0&deviceDNT=0&deviceId=bc83a562-4b91-11ef-8a44-83c5e90e038f&deviceMake=Chrome&deviceModel=web&deviceType=web&deviceVersion=unknown&includeExtendedEvents=false&serverSideAds=false&sid=8196e267-fdcf-4f05-bb8e-8f1ec0e504ea,网络源,,0.066,未分组,,error,0.0
CCTV10,http://kkk.jjjj.jiduo.me/api.php?n=tttt&id=5428&tk=f6cc1e0a0e1a,网络源,,0.071,未分组,,error,0.0
DAZN Darts x Pluto TV,http://cfd-v4-service-channel-stitcher-use1-1.prd.pluto.tv/stitch/hls/channel/64b67f0424ade50008a3be17/master.m3u8?appName=web&appVersion=unknown&clientTime=0&deviceDNT=0&deviceId=84acf2d5-4b92-11ef-aece-533610f1ea34&deviceMake=Chrome&deviceModel=web&deviceType=web&deviceVersion=unknown&includeExtendedEvents=false&serverSideAds=false&sid=9e449819-d189-42df-8e7a-17486c6d68aa,网络源,,0.067,未分组,,error,0.0
é‡‘é¹°å¡é€š,https://stream1.freetv.fun/jin-ying-qia-tong-gao-qing-1.m3u8,网络源,,1.049,未分组,,ok; 伪源相似度: 1.0000,1.0
å¹¿ä¸œå«è§†,https://stream1.freetv.fun/254cd336bd5b0df6d92107dc982893be1b2e931a8e1c144ee600993d9de7c3cd.m3u8,网络源,,1.857,未分组,,ok; 伪源相似度: 1.0000,1.0
é–æ´‹å¡é€š,http://breezy-audrie-zspace-7524863c.koyeb.app/vipsir?token=leifeng&id=4gtv-4gtv057,网络源,,6.184,未分组,,error,0.0
é¾™åå¡é€š,http://xtvantsc.xyz/litv_ts.php?id=litv-longturn01,网络源,,0.394,未分组,,error,0.0
DAZN Fights x Pluto TV,http://cfd-v4-service-channel-stitcher-use1-1.prd.pluto.tv/stitch/hls/channel/64b67f7cbc3ab400084e51f2/master.m3u8?appName=web&appVersion=unknown&clientTime=0&deviceDNT=0&deviceId=1b1d3ca4-4b81-11ef-a8ac-e146e4e7be02&deviceMake=Chrome&deviceModel=web&deviceType=web&deviceVersion=unknown&includeExtendedEvents=false&serverSideAds=false&sid=96c02627-bec1-4a44-92ae-01c86e1e708d,网络源,,0.078,未分组,,error,0.0
CCTV13,https://www.freetv.top/migu/608807423.m3u8?migutoken=7a9f631c12e3f260a1be234f09172421b9cb241df766874aae8a36485a148b231acfe7a255db39c6e6affcb6015c80f4607fcc3301cfb28d121090c6eef969c85d1a23a3a6e649c0557dda6ae3,网络源,,1.595,未分组,,ok; 伪源相似度: 1.0000,1.0
å¹¿ä¸œå«è§†,https://stream1.freetv.fun/a72812e93490410583b988eedf11fcc8c425c0e15bc8f2aab64626f4b6a3ff25.m3u8,网络源,,5.657,未分组,,error,0.0
DAZN Fights x Pluto TV,http://cfd-v4-service-channel-stitcher-use1-1.prd.pluto.tv/stitch/hls/channel/64b67f7cbc3ab400084e51f2/master.m3u8?appName=web&appVersion=unknown&clientTime=0&deviceDNT=0&deviceId=bc83a563-4b91-11ef-8a44-83c5e90e038f&deviceMake=Chrome&deviceModel=web&deviceType=web&deviceVersion=unknown&includeExtendedEvents=false&serverSideAds=false&sid=283bb308-deba-4f01-981e-1818495429a9,网络源,,0.069,未分组,,error,0.0
CCTV13,http://42.238.237.114:9901/tsfile/live/0013_1.m3u8?key=txiptv&playlive=1&authid=0,网络源,,6.693,未分组,,error,0.0
é‡‘é¹°å¡é€š,https://stream1.freetv.fun/10c162a19187277452e11fbe6cc81e691467a45e9aaa62427d2ba9ed3d5254b9.m3u8,网络源,,1.471,未分组,,ok; 伪源相似度: 1.0000,1.0
å¹¿ä¸œå«è§†,https://stream1.freetv.fun/a5a9d93d3e3eb03cca0320d5e6821e8c5d34899182b684f0a3a063960564e0ea.m3u8,网络源,,1.719,未分组,,ok; 伪源相似度: 1.0000,1.0
DAZN Fights x Pluto TV,http://cfd-v4-service-channel-stitcher-use1-1.prd.pluto.tv/stitch/hls/channel/64b67f7cbc3ab400084e51f2/master.m3u8?appName=web&appVersion=unknown&clientTime=0&deviceDNT=0&deviceId=84acf2d6-4b92-11ef-aece-533610f1ea34&deviceMake=Chrome&deviceModel=web&deviceType=web&deviceVersion=unknown&includeExtendedEvents=false&serverSideAds=false&sid=a0608bdc-441f-4c99-a6f2-d3fdb87d496b,网络源,,0.073,未分组,,error,0.0
å¹¿ä¸œå«è§†,https://stream1.freetv.fun/80f9f93aeb14f2b203cb77e1f72b095e2aa7e9491de1ee852d24239ba08f3098.m3u8,网络源,,1.631,未分组,,ok; 伪源相似度: 1.0000,1.0
CCTV13,https://stream1.freetv.fun/3de70449cde3176a3ee598bc26020f02bd97aa698aaf148c0a9acd4a11e56d7e.ctv,网络源,,1.869,未分组,,ok; 伪源相似度: 1.0000,1.0
é‡‘é¹°å¡é€š,https://stream1.freetv.fun/jin-ying-qia-tong-46.m3u8,网络源,,1.282,未分组,,ok; 伪源相似度: 1.0000,1.0
CCTV14,http://42.238.237.114:9901/tsfile/live/0014_1.m3u8?key=txiptv&playlive=1&authid=0,网络源,,6.431,未分组,,error,0.0
DAZN Heldinnen x Pluto TV,http://cfd-v4-service-channel-stitcher-use1-1.prd.pluto.tv/stitch/hls/channel/64afe50c5dc16600087f3227/master.m3u8?appName=web&appVersion=unknown&clientTime=0&deviceDNT=0&deviceId=1b1d3ca5-4b81-11ef-a8ac-e146e4e7be02&deviceMake=Chrome&deviceModel=web&deviceType=web&deviceVersion=unknown&includeExtendedEvents=false&serverSideAds=false&sid=69be0114-52dc-4eed-b6e7-c907f1b51e64,网络源,,0.095,未分组,,error,0.0
å¹¿ä¸œå«è§†,http://kkk.888.3116598.xyz/api.php?n=tttt&id=TAD0sn&tk=FgM0vQMejxvG,网络源,,0.275,未分组,,error,0.0
é–æ´‹å¡é€š,http://xtvantsc.xyz/litv_ts.php?id=4gtv-4gtv057,网络源,,0.383,未分组,,error,0.0
å¹¿ä¸œå«è§†,http://kkk.888.3116598.xyz/api.php?n=liujiahui&id=r79WJV&tk=bknhp6JvJlqE,网络源,,0.250,未分组,,error,0.0
DAZN Heldinnen x Pluto TV,http://cfd-v4-service-channel-stitcher-use1-1.prd.pluto.tv/stitch/hls/channel/64afe50c5dc16600087f3227/master.m3u8?appName=web&appVersion=unknown&clientTime=0&deviceDNT=0&deviceId=bc83a564-4b91-11ef-8a44-83c5e90e038f&deviceMake=Chrome&deviceModel=web&deviceType=web&deviceVersion=unknown&includeExtendedEvents=false&serverSideAds=false&sid=7df37b22-f6f1-45dd-9620-5945bfeea73a,网络源,,0.066,未分组,,error,0.0
é‡‘é¹°å¡é€š,https://stream1.freetv.fun/3442dca643bbe89bae76ea70d2aa42b07671b0e1daef6ef390f9f4edd7807a49.m3u8,网络源,,1.643,未分组,,ok; 伪源相似度: 1.0000,1.0
CCTV13,https://www.freetv.top/migu/608807423.m3u8?migutoken=2ea304b199bfe39629418c1d50b3c9f34ba06712c9c7922a614411768b18496280cdfdee913572bdb8d1cdd3d5763460f2f0aea6c7a51095aaf66f1eb8f43ce6edbbeac22c35e78ecc39dbdf27,网络源,,1.304,未分组,,ok; 伪源相似度: 1.0000,1.0
å¹¿ä¸œå«è§†,http://kkk.888.3116598.xyz/api.php?n=tttt&id=PH4he5&tk=FgM0vQMejxvG,网络源,,0.266,未分组,,error,0.0
æ±Ÿè¥¿å«è§†,http://z.b.bkpcp.top/m.php?id=jxws,网络源,https://gh.catmak.name/https://raw.githubusercontent.com/fanmingming/live/main/tv/æ±Ÿè¥¿å«è§†.png,0.856,未分组,,error,0.0
CCTV13,https://www.freetv.top/migu/608807423.m3u8?migutoken=62d2214274cef7d40b4114d45bf7638a556c67cd16bcf313098428f7b9c39529a9409be7e2a892a20359eed6ae89f4458686ab0c3b3d4ca5e2ca54e11342c5719c3a1e0e8af936fe2a1892a5fa,网络源,,1.585,未分组,,ok; 伪源相似度: 1.0000,1.0
DAZN Heldinnen x Pluto TV,http://cfd-v4-service-channel-stitcher-use1-1.prd.pluto.tv/stitch/hls/channel/64afe50c5dc16600087f3227/master.m3u8?appName=web&appVersion=unknown&clientTime=0&deviceDNT=0&deviceId=84acf2d7-4b92-11ef-aece-533610f1ea34&deviceMake=Chrome&deviceModel=web&deviceType=web&deviceVersion=unknown&includeExtendedEvents=false&serverSideAds=false&sid=0334507c-ce21-4017-8651-7c2bf9912782,网络源,,0.064,未分组,,error,0.0
å¹¿ä¸œå«è§†,https://epg.pw/stream/d561fd3f552ba43e4c97c95b4fe965789e64a7ba920bb71faabc7079e1eff076.m3u8,网络源,,1.612,未分组,,ok; 伪源相似度: 1.0000,1.0
Iraneman,https://ncdn.telewebion.com/iraneman/live/playlist.m3u8,网络源,https://static.telewebion.com/channelsLogo/9ee212fa-ad8b-45eb-a5fa-d737b4b6ef05/default,8.550,未分组,,error,0.0
å¹¿ä¸œå«è§†,http://kkk.888.3116598.xyz/api.php?n=tttt&id=u3Tnby&tk=FgM0vQMejxvG,网络源,,0.259,未分组,,error,0.0
CCTV13,https://www.freetv.top/migu/608807423.m3u8?migutoken=c2389cf5194aa51126151d56817f4b78c648be26d653da0ba123aedb4ac3bc7cf448bdf7e94a38f8a1d5ef942bd7584f21130d1702c97093596d8bf121dc9e10697c48b323b813404c8eff9ed6,网络源,,1.462,未分组,,ok; 伪源相似度: 1.0000,1.0
DAZN INTL Football x Pluto TV,http://cfd-v4-service-channel-stitcher-use1-1.prd.pluto.tv/stitch/hls/channel/64b79c057d934100080b3583/master.m3u8?appName=web&appVersion=unknown&clientTime=0&deviceDNT=0&deviceId=1b1d63b0-4b81-11ef-a8ac-e146e4e7be02&deviceMake=Chrome&deviceModel=web&deviceType=web&deviceVersion=unknown&includeExtendedEvents=false&serverSideAds=false&sid=340d00cb-a526-4167-8bcd-1c35305a875e,网络源,,0.066,未分组,,error,0.0
CCTV15,http://42.238.237.114:9901/tsfile/live/0015_1.m3u8?key=txiptv&playlive=1&authid=0,网络源,,6.050,未分组,,error,0.0
æ±Ÿè¥¿å«è§†,http://goo.bkpcp.top/mg/jxws,网络源,https://gh.catmak.name/https://raw.githubusercontent.com/fanmingming/live/main/tv/æ±Ÿè¥¿å«è§†.png,1.191,未分组,,error,0.0
å¹¿ä¸œå«è§†,https://stream1.freetv.fun/ipv6-yan-dong-wei-shi-12.m3u8,网络源,,1.270,未分组,,ok; 伪源相似度: 1.0000,1.0
CCTV11,http://42.238.237.114:9901/tsfile/live/0011_1.m3u8?key=txiptv&playlive=1&authid=0,网络源,,5.589,未分组,,error,0.0
DAZN INTL Football x Pluto TV,http://cfd-v4-service-channel-stitcher-use1-1.prd.pluto.tv/stitch/hls/channel/64b79c057d934100080b3583/master.m3u8?appName=web&appVersion=unknown&clientTime=0&deviceDNT=0&deviceId=bc83a565-4b91-11ef-8a44-83c5e90e038f&deviceMake=Chrome&deviceModel=web&deviceType=web&deviceVersion=unknown&includeExtendedEvents=false&serverSideAds=false&sid=42c3dee7-2e5a-4653-9bd9-ac47422c8f16,网络源,,0.071,未分组,,error,0.0
é‡‘é¹°å¡é€š,https://stream1.freetv.fun/1b907bbf4760e673ec9ab89e2327cd1d9e5df04ca6ef35a6fb07f5b6757f4791.m3u8,网络源,,1.595,未分组,,ok; 伪源相似度: 1.0000,1.0
é‡‘é¹°å¡é€š,https://stream1.freetv.fun/d66327025d5a2448b6097ce39c1de75d1f9693468932b522bd7dcc31533135f1.m3u8,网络源,,1.684,未分组,,ok; 伪源相似度: 1.0000,1.0
DAZN INTL Football x Pluto TV,http://cfd-v4-service-channel-stitcher-use1-1.prd.pluto.tv/stitch/hls/channel/64b79c057d934100080b3583/master.m3u8?appName=web&appVersion=unknown&clientTime=0&deviceDNT=0&deviceId=84ad19e0-4b92-11ef-aece-533610f1ea34&deviceMake=Chrome&deviceModel=web&deviceType=web&deviceVersion=unknown&includeExtendedEvents=false&serverSideAds=false&sid=8bde990f-1091-4d79-87b7-0e0363b40e3c,网络源,,0.068,未分组,,error,0.0
é‡‘é¹°å¡é€š,https://stream1.freetv.fun/jin-ying-qia-tong-33.m3u8,网络源,,1.266,未分组,,ok; 伪源相似度: 1.0000,1.0
å¹¿ä¸œå«è§†,https://stream1.freetv.fun/50ac5b1b5fd23d475b1af675426a35acb6cc15a5c69351e2a73c7eb7e55ca499.m3u8,网络源,,1.618,未分组,,ok; 伪源相似度: 1.0000,1.0
å¹¿ä¸œå«è§†,http://kkk.888.3116598.xyz/api.php?n=tttt&id=AUTwfs&tk=FgM0vQMejxvG,网络源,,0.279,未分组,,error,0.0
é‡‘é¹°å¡é€š,https://stream1.freetv.fun/jin-ying-qia-tong-38.m3u8,网络源,,1.270,未分组,,ok; 伪源相似度: 1.0000,1.0
CCTV13,https://www.freetv.top/migu/608807423.m3u8?migutoken=85d3cf2d1e1511208a2074a3da420becee120fffec82c80e13e533bb191e19cba13d3f9831f111202869da1200838bc62ed7dcc00a437f0c3f013a2f2fbd4d23de657fbc5d9b1b4f432f49b15d,网络源,,0.957,未分组,,ok; 伪源相似度: 1.0000,1.0
DAZN Ringside,http://cfd-v4-service-channel-stitcher-use1-1.prd.pluto.tv/stitch/hls/channel/649b6898f2ec0000081a9460/master.m3u8?appName=web&appVersion=unknown&clientTime=0&deviceDNT=0&deviceId=6c287c43-30d3-11ef-9cf5-e9ddff8ff496&deviceMake=Chrome&deviceModel=web&deviceType=web&deviceVersion=unknown&includeExtendedEvents=false&serverSideAds=false&sid=a1e2a534-715c-495d-a4f3-2d56a6177548,网络源,,0.071,未分组,,error,0.0
æ±Ÿè¥¿å«è§†,https://www.freetv.top/migu/783847495.m3u8?migutoken=fddcc05dc0245329d3208607a5b1f5a1980bc31a7ced510e345af6cc68f5b86d2d9178b45706a0b6a0ceddc82ce06e53375cfedbc96fd0b00c12195c7d77b6f23811a67970bcfeb47629aa5aa6,网络源,https://gh.catmak.name/https://raw.githubusercontent.com/fanmingming/live/main/tv/æ±Ÿè¥¿å«è§†.png,0.763,未分组,,ok; 伪源相似度: 1.0000,1.0
é‡‘é¹°å¡é€š,https://stream1.freetv.fun/jin-ying-qia-tong-20.m3u8,网络源,,1.265,未分组,,ok; 伪源相似度: 1.0000,1.0
é‡‘é¹°å¡é€š,https://stream1.freetv.fun/jin-ying-qia-tong-29.m3u8,网络源,,1.099,未分组,,ok; 伪源相似度: 1.0000,1.0
Nickelodeon Sonic Hindi (1080p),https://prod-sports-north-gm.jiocinema.com/bpk-tv/Sonic_Nickelodeon_voot_MOB/Fallback/index.m3u8,网络源,,0.097,未分组,,error,0.0
东南卫视,http://42.238.237.114:9901/tsfile/live/0137_1.m3u8?key=txiptv&playlive=1&authid=0,网络源,,7.405,未分组,,error,0.0
å¹¿ä¸œå«è§†,http://kkk.888.3116598.xyz/api.php?n=tttt&id=XOigon&tk=FgM0vQMejxvG,网络源,,0.256,未分组,,error,0.0
安徽卫视,http://42.238.237.114:9901/tsfile/live/0130_1.m3u8?key=txiptv&playlive=1&authid=0,网络源,,5.511,未分组,,error,0.0
é‡‘é¹°å¡é€š,https://stream1.freetv.fun/jin-ying-qia-tong-45.m3u8,网络源,,0.594,未分组,,error,0.0
è¾½å®å«è§†,http://z.b.bkpcp.top/m.php?id=lnws,网络源,https://gh.catmak.name/https://raw.githubusercontent.com/fanmingming/live/main/tv/è¾½å®å«è§†.png,0.867,未分组,,error,0.0
é‡‘é¹°å¡é€š,https://stream1.freetv.fun/b45dd7de8b220eadb2e16a1e68856cd6a4999022b18745d4dc7e0f0014893c29.m3u8,网络源,,1.680,未分组,,ok; 伪源相似度: 1.0000,1.0
CCTV12,http://42.238.237.114:9901/tsfile/live/0012_1.m3u8?key=txiptv&playlive=1&authid=0,网络源,,13.176,未分组,,error,0.0
[HD]ช่อง nickelodeon,https://stream1.freetv.fun/ch-ng-nickelodeon-2.m3u8,网络源,https://epg.pw/media/,1.508,未分组,,ok; 伪源相似度: 1.0000,1.0
å¹¿ä¸œå«è§†,https://epg.pw/stream/23718014ee69495ab3ace3cc974c9da1b887a4eef6e698a2afabbbfa8afac0be.m3u8,网络源,,1.949,未分组,,ok; 伪源相似度: 1.0000,1.0
å¹¿ä¸œå«è§†,http://kkk.888.3116598.xyz/api.php?n=tttt&id=2fFegu&tk=FgM0vQMejxvG,网络源,,0.249,未分组,,error,0.0
é‡‘é¹°å¡é€š,https://stream1.freetv.fun/ipv6-jin-ying-qia-tong-44.m3u8,网络源,,1.258,未分组,,ok; 伪源相似度: 1.0000,1.0
å¹¿ä¸œå«è§†,https://stream1.freetv.fun/d63b7cd598a4f53de8bf67d3c47b338f7759ba39812520913b915e4d66b266fb.m3u8,网络源,,1.591,未分组,,ok; 伪源相似度: 1.0000,1.0
[BD]b站王者荣耀,https://stream1.freetv.fun/4f3046ab17777be04f83643f5b1eae554d78232fbbbd7453d34e04bd7527ccc3.ctv,网络源,https://epg.pw/media/images/channel/2022/02/10/large/20220210222702096387_48.png,2.225,未分组,,error,0.0
é‡‘é¹°å¡é€š,https://stream1.freetv.fun/jin-ying-qia-tong-19.m3u8,网络源,,1.439,未分组,,ok; 伪源相似度: 1.0000,1.0
é‡‘é¹°å¡é€š,https://stream1.freetv.fun/321f73ad28440de1629cd54e028c9355b2cb709eb8b30b90e4d0f3d5b41b0c4e.m3u8,网络源,,0.575,未分组,,error,0.0
CCTV13,http://lt.hxtre.com:35455/gaoma/cctv13.m3u8,网络源,,0.701,未分组,,error,0.0
å¹¿ä¸œå«è§†,https://stream1.freetv.fun/af85fee1b8e836bd54cf69276660c22fffd54e31fe634856f6fd550ec77304d9.m3u8,网络源,,1.472,未分组,,ok; 伪源相似度: 1.0000,1.0
IRIB UHD (2160p),https://ncdn.telewebion.com/faratar/live/playlist.m3u8,网络源,https://upload.wikimedia.org/wikipedia/commons/thumb/f/fd/IRIB_FARATAR_UHD.png/320px-IRIB_FARATAR_UHD.png,13.478,未分组,,error,0.0
è¾½å®å«è§†,http://j.x.bkpcp.top/jx/LIAONHD,网络源,https://gh.catmak.name/https://raw.githubusercontent.com/fanmingming/live/main/tv/è¾½å®å«è§†.png,0.886,未分组,,ok; 伪源相似度: 1.0000,1.0
å¹¿ä¸œå«è§†,https://stream1.freetv.fun/8ef6435bcdd83e12ef928e4ac5f72f2a2c4cb216bebaa6bcd4f34dc34c8761e5.m3u8,网络源,,1.880,未分组,,ok; 伪源相似度: 1.0000,1.0
CCTV13,https://www.freetv.top/migu/608807423.m3u8?migutoken=ac75a7b224f6d682c32c041ab4e0382dbb3ff875e9f9296ab33b8f3b7d44ac493d7bf97160232973e9f25fe71232f5180c8fe73aaee23768741e101519263d172ad60f77351699f0863c60b8ff,网络源,,1.254,未分组,,error,0.0
上海卫视,http://42.238.237.114:9901/tsfile/live/0107_2.m3u8?key=txiptv&playlive=1&authid=0,网络源,,17.607,未分组,,error,0.0
[BD]nickelodeon baltic,https://stream1.freetv.fun/nickelodeon-baltic-1.m3u8,网络源,https://epg.pw/media/,2.875,未分组,,error,0.0
å¹¿ä¸œå«è§†,https://stream1.freetv.fun/17c2caa98314cdbeecb0056390dc95867526843a2af1b951559870af9ec5e907.m3u8,网络源,,1.895,未分组,,ok; 伪源相似度: 1.0000,1.0
